,Totals,,,,,,,,,,Males,,,,,,,,,,Females,,,,,,,,,
Update Time,0-9,10-19,20-29,30-39,40-49,50-59,60-69,70-79,80-89,90+,0-9,10-19,20-29,30-39,40-49,50-59,60-69,70-79,80-89,90+,0-9,10-19,20-29,30-39,40-49,50-59,60-69,70-79,80-89,90+
2020-09-26T19:01:59.350Z,1,2,3,6,18,66,163,350,500,328,0,0,1,5,12,44,108,232,253,131,1,2,2,1,6,22,55,118,247,197
2020-09-27T06:27:46.860Z,1,2,3,6,18,66,164,350,504,332,0,0,1,5,12,44,109,232,254,134,1,2,2,1,6,22,55,118,250,198
2020-09-27T13:38:11.377Z,1,2,3,6,18,68,167,356,508,333,0,0,1,5,12,46,110,237,256,134,1,2,2,1,6,22,57,119,252,199
2020-09-28T16:25:25.447Z,1,2,3,6,18,68,172,369,519,337,0,0,1,5,12,46,112,247,262,137,1,2,2,1,6,22,60,122,257,200
2020-09-28T19:29:29.173Z,1,2,3,6,19,69,173,371,523,337,0,0,1,5,12,46,113,249,264,137,1,2,2,1,7,23,60,122,259,200
2020-09-29T07:31:38.433Z,1,2,3,6,19,70,174,371,528,339,0,0,1,5,12,47,114,249,266,138,1,2,2,1,7,23,60,122,262,201
2020-09-29T15:20:10.623Z,1,2,3,6,19,70,176,373,528,342,0,0,1,5,12,47,115,250,266,140,1,2,2,1,7,23,61,123,262,202
2020-09-29T20:03:10.423Z,1,2,3,6,19,70,176,376,528,344,0,0,1,5,12,47,115,252,266,140,1,2,2,1,7,23,61,124,262,204
2020-09-30T03:41:07.500Z,1,2,3,6,19,70,176,376,528,344,0,0,1,5,12,47,115,252,266,140,1,2,2,1,7,23,61,124,262,204
2020-09-30T06:58:43.690Z,1,2,3,6,19,71,177,381,536,348,0,0,1,5,12,47,115,255,269,142,1,2,2,1,7,24,62,126,267,206
2020-09-30T15:56:55.587Z,1,2,3,6,19,73,178,381,538,348,0,0,1,5,12,47,116,255,269,142,1,2,2,1,7,26,62,126,269,206
2020-09-30T19:17:47.527Z,1,2,3,6,20,73,180,384,546,350,0,0,1,5,13,47,118,257,276,144,1,2,2,1,7,26,62,127,270,206
2020-10-01T04:23:29.923Z,1,2,3,6,20,73,180,384,547,351,0,0,1,5,13,47,118,257,277,145,1,2,2,1,7,26,62,127,270,206
2020-10-01T16:23:41.577Z,1,2,3,6,20,75,182,392,558,357,0,0,1,5,13,48,120,263,285,149,1,2,2,1,7,27,62,129,273,208
2020-10-01T18:59:49.017Z,1,2,3,7,21,75,183,398,564,364,0,0,1,6,14,48,121,267,289,150,1,2,2,1,7,27,62,131,275,214
2020-10-02T04:03:07.877Z,1,2,3,7,21,75,183,398,564,364,0,0,1,6,14,48,121,267,289,150,1,2,2,1,7,27,62,131,275,214
2020-10-02T06:38:41.127Z,1,2,3,7,21,75,184,400,567,365,0,0,1,6,14,48,122,269,291,150,1,2,2,1,7,27,62,131,276,215
2020-10-02T13:42:19.067Z,1,2,3,7,21,75,186,401,567,365,0,0,1,6,14,48,124,270,291,150,1,2,2,1,7,27,62,131,276,215
2020-10-03T15:01:48.953Z,1,2,3,8,22,79,193,414,582,373,0,0,1,7,15,50,130,278,302,152,1,2,2,1,7,29,63,136,280,221
2020-10-03T19:35:04.317Z,1,2,3,8,22,79,193,416,582,374,0,0,1,7,15,50,130,279,302,152,1,2,2,1,7,29,63,137,280,222
2020-10-04T03:23:43.410Z,1,2,3,8,22,79,193,416,582,374,0,0,1,7,15,50,130,279,302,152,1,2,2,1,7,29,63,137,280,222
2020-10-04T06:52:16.170Z,1,2,3,8,22,79,194,420,584,378,0,0,1,7,15,50,131,282,303,154,1,2,2,1,7,29,63,138,281,224
2020-10-04T15:45:12.993Z,1,2,3,8,23,79,196,423,588,383,0,0,1,7,15,50,132,282,306,156,1,2,2,1,8,29,64,141,282,227
2020-10-04T19:18:58.757Z,1,2,3,8,23,79,199,430,590,383,0,0,1,7,15,50,134,289,306,156,1,2,2,1,8,29,65,141,284,227
2020-10-05T04:36:06.167Z,1,2,3,8,23,79,199,430,590,383,0,0,1,7,15,50,134,289,306,156,1,2,2,1,8,29,65,141,284,227
2020-10-05T15:36:41.790Z,1,2,3,8,23,79,203,435,600,394,0,0,1,7,15,50,138,293,311,162,1,2,2,1,8,29,65,142,289,232
2020-10-05T19:08:42.103Z,1,2,3,8,23,80,206,437,602,394,0,0,1,7,15,51,140,294,312,162,1,2,2,1,8,29,66,143,290,232
2020-10-06T04:14:25.760Z,1,2,3,8,23,80,206,437,602,394,0,0,1,7,15,51,140,294,312,162,1,2,2,1,8,29,66,143,290,232
2020-10-06T07:12:48.303Z,1,2,3,8,23,80,208,440,609,396,0,0,1,7,15,51,141,295,317,164,1,2,2,1,8,29,67,145,292,232
2020-10-06T15:35:02.543Z,1,2,3,8,23,82,211,443,612,398,0,0,1,7,15,53,143,297,318,166,1,2,2,1,8,29,68,146,294,232
2020-10-06T19:06:32.717Z,1,2,3,8,23,82,211,449,617,400,0,0,1,7,15,53,143,299,321,166,1,2,2,1,8,29,68,150,296,234
2020-10-07T04:53:38.940Z,1,2,3,8,23,82,212,451,618,402,0,0,1,7,15,53,143,301,322,167,1,2,2,1,8,29,69,150,296,235
2020-10-07T06:31:21.220Z,1,2,3,8,23,82,212,451,619,404,0,0,1,7,15,53,143,301,323,168,1,2,2,1,8,29,69,150,296,236
2020-10-07T15:46:34.190Z,1,2,3,8,24,82,216,454,624,403,0,0,1,7,15,53,146,303,327,167,1,2,2,1,9,29,70,151,297,236
2020-10-07T19:20:37.117Z,1,2,3,8,24,82,216,455,628,404,0,0,1,7,15,53,146,304,330,167,1,2,2,1,9,29,70,151,298,237
2020-10-08T04:02:20.680Z,1,2,3,8,24,82,216,455,628,404,0,0,1,7,15,53,146,304,330,167,1,2,2,1,9,29,70,151,298,237
2020-10-08T07:33:44.060Z,1,2,3,8,24,83,217,458,637,412,0,0,1,7,15,54,147,306,334,169,1,2,2,1,9,29,70,152,303,243
2020-10-08T15:02:40.130Z,1,2,3,9,24,85,219,462,641,418,0,0,1,8,15,55,147,308,337,171,1,2,2,1,9,30,72,154,304,247
2020-10-08T19:33:27.153Z,1,2,3,9,24,85,219,462,641,418,0,0,1,8,15,55,147,308,337,171,1,2,2,1,9,30,72,154,304,247
2020-10-09T04:06:38.427Z,1,2,3,9,24,84,219,462,642,418,0,0,1,8,15,54,148,307,338,171,1,2,2,1,9,30,71,155,304,247
2020-10-09T06:43:33.320Z,1,2,3,9,24,84,223,466,645,422,0,0,1,8,15,54,150,310,341,172,1,2,2,1,9,30,73,156,304,250
2020-10-09T13:16:27.957Z,1,2,4,9,24,86,223,468,646,423,0,0,1,8,15,55,150,312,342,172,1,2,3,1,9,31,73,156,304,251
2020-10-10T15:03:40.197Z,1,2,4,9,24,88,229,476,654,429,0,0,1,8,15,57,155,313,347,174,1,2,3,1,9,31,74,163,307,255
2020-10-10T18:59:28.107Z,1,2,4,10,24,88,231,484,666,434,0,0,1,8,15,57,156,318,354,176,1,2,3,2,9,31,75,166,312,258
2020-10-11T03:42:40.760Z,1,2,4,10,24,88,231,484,666,434,0,0,1,8,15,57,156,318,354,176,1,2,3,2,9,31,75,166,312,258
2020-10-11T07:21:23.963Z,1,2,4,10,24,89,232,489,670,437,0,0,1,8,15,58,156,321,357,178,1,2,3,2,9,31,76,168,313,259
2020-10-11T15:42:03.660Z,1,3,4,10,24,89,234,492,680,445,0,0,1,8,15,58,157,323,363,179,1,3,3,2,9,31,77,169,317,266
2020-10-12T03:16:32.807Z,1,3,4,10,24,89,235,492,682,445,0,0,1,8,15,58,158,323,365,179,1,3,3,2,9,31,77,169,317,266
2020-10-12T07:01:58.960Z,1,3,4,10,24,89,236,497,685,446,0,0,1,8,15,58,159,325,368,180,1,3,3,2,9,31,77,172,317,266
2020-10-12T15:27:12.240Z,1,3,4,10,24,90,239,503,692,452,0,0,1,8,15,58,162,330,373,180,1,3,3,2,9,32,77,173,319,272
2020-10-12T19:10:43.703Z,1,3,4,10,24,90,241,503,694,453,0,0,1,8,15,58,163,330,375,181,1,3,3,2,9,32,78,173,319,272
2020-10-13T04:05:38.463Z,1,3,4,10,24,90,241,502,695,453,0,0,1,8,15,58,163,329,376,181,1,3,3,2,9,32,78,173,319,272
2020-10-13T09:38:53.503Z,1,3,4,10,24,92,241,505,698,456,0,0,1,8,15,59,163,332,378,183,1,3,3,2,9,33,78,173,320,273
2020-10-13T15:22:02.470Z,1,3,4,10,24,92,242,508,702,456,0,0,1,8,15,59,163,334,379,183,1,3,3,2,9,33,79,174,323,273
2020-10-13T19:28:52.873Z,1,3,4,10,24,93,247,515,704,456,0,0,1,8,15,60,168,340,381,183,1,3,3,2,9,33,79,175,323,273
2020-10-14T03:36:01.470Z,1,3,4,10,24,93,245,517,704,456,0,0,1,8,15,60,167,341,381,183,1,3,3,2,9,33,78,176,323,273
2020-10-14T06:32:36.137Z,1,3,4,10,24,94,246,518,711,459,0,0,1,8,15,61,168,342,386,185,1,3,3,2,9,33,78,176,325,274
2020-10-14T15:31:32.417Z,1,3,4,10,24,94,251,527,723,464,0,0,1,8,15,61,171,348,395,187,1,3,3,2,9,33,80,179,328,277
2020-10-15T03:58:03.073Z,1,3,4,10,24,94,251,527,724,464,0,0,1,8,15,61,171,348,396,187,1,3,3,2,9,33,80,179,328,277
2020-10-15T06:45:55.563Z,1,3,4,10,24,94,253,527,730,466,0,0,1,8,15,61,173,348,402,188,1,3,3,2,9,33,80,179,328,278
2020-10-15T15:01:48.260Z,1,3,4,10,24,94,254,532,735,467,0,0,1,8,15,61,173,352,405,188,1,3,3,2,9,33,81,180,330,279
2020-10-15T17:52:47.397Z,1,3,4,10,24,95,255,533,736,469,0,0,1,8,15,62,174,353,405,188,1,3,3,2,9,33,81,180,331,281
2020-10-16T05:18:51.633Z,1,3,4,10,24,95,255,533,736,470,0,0,1,8,15,62,174,353,405,188,1,3,3,2,9,33,81,180,331,282
2020-10-16T07:17:42.620Z,1,3,4,10,24,97,257,535,739,472,0,0,1,8,15,62,176,354,408,189,1,3,3,2,9,35,81,181,331,283
2020-10-16T13:06:06.527Z,1,3,4,10,24,97,258,535,739,473,0,0,1,8,15,62,177,354,408,190,1,3,3,2,9,35,81,181,331,283
2020-10-17T15:15:41.040Z,1,3,4,10,24,98,262,544,746,478,0,0,1,8,15,62,181,359,413,192,1,3,3,2,9,36,81,185,333,286
2020-10-17T18:23:29.967Z,1,3,4,10,25,99,266,549,756,482,0,0,1,8,16,63,185,364,419,194,1,3,3,2,9,36,81,185,337,288
2020-10-18T03:18:46.443Z,1,3,4,10,25,99,266,549,756,482,0,0,1,8,16,63,185,364,419,194,1,3,3,2,9,36,81,185,337,288
2020-10-18T07:09:23.643Z,1,3,4,10,25,99,270,550,761,484,0,0,1,8,16,63,187,364,423,196,1,3,3,2,9,36,83,186,338,288
2020-10-18T14:57:14.213Z,1,3,4,10,25,98,271,552,765,485,0,0,1,8,16,63,189,366,424,197,1,3,3,2,9,35,82,186,341,288
2020-10-19T04:09:11.843Z,1,3,4,10,25,97,273,550,764,487,0,0,1,8,16,62,191,365,423,199,1,3,3,2,9,35,82,185,341,288
2020-10-19T10:13:56.977Z,1,3,4,10,25,103,280,562,778,491,0,0,1,8,16,67,196,374,433,200,1,3,3,2,9,36,84,188,345,291
2020-10-19T15:11:03.883Z,1,3,4,10,25,103,281,564,784,495,0,0,1,8,16,67,197,376,435,202,1,3,3,2,9,36,84,188,349,293
2020-10-19T19:11:45.207Z,1,3,4,10,25,103,281,564,785,497,0,0,1,8,16,67,197,376,436,203,1,3,3,2,9,36,84,188,349,294
2020-10-20T04:50:00.180Z,1,3,4,10,25,104,281,567,785,498,0,0,1,8,16,68,197,379,436,203,1,3,3,2,9,36,84,188,349,295
2020-10-20T06:59:42.170Z,1,3,4,10,25,104,282,568,786,498,0,0,1,8,16,68,198,379,437,203,1,3,3,2,9,36,84,189,349,295
2020-10-20T15:52:03.357Z,1,3,4,10,25,105,284,569,790,496,0,0,1,8,16,68,199,380,439,203,1,3,3,2,9,37,85,189,351,293
2020-10-20T18:57:53.083Z,1,3,4,10,25,105,284,569,790,496,0,0,1,8,16,68,199,380,439,203,1,3,3,2,9,37,85,189,351,293
2020-10-21T03:17:23.007Z,1,3,4,10,25,105,284,569,790,496,0,0,1,8,16,68,199,380,439,203,1,3,3,2,9,37,85,189,351,293
2020-10-21T06:35:52.513Z,1,3,4,10,25,105,284,569,790,496,0,0,1,8,16,68,199,380,439,203,1,3,3,2,9,37,85,189,351,293
2020-10-21T17:49:22.460Z,1,3,4,11,24,105,286,574,796,496,0,0,1,8,16,68,201,384,443,201,1,3,3,3,8,37,85,190,353,295
2020-10-21T19:13:13.693Z,1,3,4,11,24,105,286,574,796,496,0,0,1,8,16,68,201,384,443,201,1,3,3,3,8,37,85,190,353,295
2020-10-22T05:12:52.860Z,1,3,4,11,24,105,285,574,797,497,0,0,1,8,16,68,200,384,444,201,1,3,3,3,8,37,85,190,353,296
2020-10-22T08:16:11.117Z,1,3,4,12,24,111,287,576,803,498,0,0,1,8,16,72,202,386,450,202,1,3,3,4,8,39,85,190,353,296
2020-10-22T15:35:19.900Z,1,3,4,12,24,111,287,576,803,498,0,0,1,8,16,72,201,386,449,202,1,3,3,4,8,39,86,190,354,296
2020-10-22T18:39:58.803Z,1,3,4,12,24,111,287,576,803,498,0,0,1,8,16,72,201,386,449,202,1,3,3,4,8,39,86,190,354,296
2020-10-23T04:15:45.000Z,1,3,4,12,24,111,287,576,803,498,0,0,1,8,16,72,201,386,449,202,1,3,3,4,8,39,86,190,354,296
2020-10-23T08:17:26.750Z,1,3,4,12,24,113,287,578,808,498,0,0,1,8,16,74,201,386,453,202,1,3,3,4,8,39,86,192,355,296
2020-10-23T13:17:17.550Z,1,3,4,12,24,113,287,579,808,498,0,0,1,8,16,74,201,387,453,202,1,3,3,4,8,39,86,192,355,296
2020-10-24T14:24:35.970Z,1,3,4,12,25,114,290,588,822,508,0,0,1,8,17,74,204,394,462,203,1,3,3,4,8,40,86,194,360,305
2020-10-24T18:57:34.583Z,1,3,4,12,25,115,291,590,823,509,0,0,1,8,17,75,205,395,463,204,1,3,3,4,8,40,86,195,360,305
2020-10-25T21:24:35.750Z,1,4,4,12,25,116,290,595,834,515,0,1,1,8,17,76,204,399,471,205,1,3,3,4,8,40,86,196,363,310
2020-10-26T04:40:34.257Z,1,4,4,12,25,116,290,595,834,515,0,1,1,8,17,76,204,399,471,205,1,3,3,4,8,40,86,196,363,310
2020-10-26T07:37:44.503Z,1,4,4,12,25,117,291,598,836,515,0,1,1,8,17,77,205,401,472,205,1,3,3,4,8,40,86,197,364,310
2020-10-26T15:07:14.570Z,1,4,4,12,27,118,294,604,850,527,0,1,1,8,18,77,208,405,480,209,1,3,3,4,9,41,86,199,370,318
2020-10-26T19:48:13.693Z,1,4,4,12,27,118,297,605,855,531,0,1,1,8,18,77,210,406,483,211,1,3,3,4,9,41,87,199,372,320
2020-10-27T15:43:10.853Z,1,4,4,12,27,118,298,607,857,536,0,1,1,8,18,77,210,408,484,213,1,3,3,4,9,41,88,199,373,323
2020-10-27T18:59:57.577Z,1,4,4,13,28,122,302,611,859,540,0,1,1,9,19,80,213,411,485,215,1,3,3,4,9,42,89,200,374,325
2020-10-28T03:39:55.760Z,1,4,4,13,28,122,301,612,859,540,0,1,1,9,19,80,212,412,485,215,1,3,3,4,9,42,89,200,374,325
2020-10-28T15:52:26.623Z,1,4,4,13,28,122,301,613,859,540,0,1,1,9,19,80,212,413,485,215,1,3,3,4,9,42,89,200,374,325
2020-10-28T20:20:55.410Z,1,4,4,13,28,123,303,614,863,542,0,1,1,9,19,81,212,413,488,216,1,3,3,4,9,42,91,201,375,326
2020-10-29T04:45:36.930Z,1,4,4,13,28,123,303,613,864,542,0,1,1,9,19,81,212,412,489,216,1,3,3,4,9,42,91,201,375,326
2020-10-29T17:23:27.117Z,1,4,4,14,28,123,305,616,869,544,0,1,1,10,19,81,214,415,491,217,1,3,3,4,9,42,91,201,378,327
2020-10-30T08:26:24.713Z,1,4,3,15,28,123,306,619,871,545,0,1,1,10,19,81,215,418,491,217,1,3,2,5,9,42,91,201,380,328
2020-10-31T13:42:46.393Z,1,4,3,15,28,126,309,618,872,547,0,1,1,10,19,83,216,417,491,218,1,3,2,5,9,43,93,201,381,329
2020-10-31T19:37:00.147Z,1,4,3,15,28,126,311,622,879,549,0,1,1,10,19,83,218,421,495,218,1,3,2,5,9,43,93,201,384,331
2020-11-01T03:52:30.903Z,1,4,3,15,28,126,311,622,880,549,0,1,1,10,19,83,218,421,495,218,1,3,2,5,9,43,93,201,385,331
2020-11-01T07:21:52.370Z,1,4,3,15,28,126,311,622,880,549,0,1,1,10,19,83,218,421,495,218,1,3,2,5,9,43,93,201,385,331
2020-11-01T15:26:36.833Z,1,4,3,15,28,126,315,624,884,551,0,1,1,10,19,83,222,422,496,220,1,3,2,5,9,43,93,202,388,331
2020-11-01T20:49:06.480Z,1,4,3,15,28,126,315,624,884,551,0,1,1,10,19,83,222,422,496,220,1,3,2,5,9,43,93,202,388,331
2020-11-02T03:27:15.743Z,1,4,3,15,28,126,315,624,885,551,0,1,1,10,19,83,222,422,496,220,1,3,2,5,9,43,93,202,389,331
2020-11-02T07:28:22.397Z,1,4,3,15,28,127,319,628,889,553,0,1,1,10,19,84,226,423,498,220,1,3,2,5,9,43,93,205,391,333
2020-11-02T16:15:59.947Z,1,4,3,15,28,128,320,629,894,555,0,1,1,10,19,84,226,424,500,222,1,3,2,5,9,44,94,205,394,333
2020-11-02T18:57:59.520Z,1,4,3,15,28,128,320,629,895,555,0,1,1,10,19,84,226,424,500,222,1,3,2,5,9,44,94,205,395,333
2020-11-03T04:22:19.280Z,1,4,3,15,28,128,320,629,895,555,0,1,1,10,19,84,226,424,500,222,1,3,2,5,9,44,94,205,395,333
2020-11-03T07:55:28.423Z,1,4,3,15,28,128,320,629,896,557,0,1,1,10,19,84,226,424,501,222,1,3,2,5,9,44,94,205,395,335
2020-11-03T16:08:17.297Z,1,4,3,15,28,128,321,631,898,559,0,1,1,10,19,84,226,425,502,224,1,3,2,5,9,44,95,206,396,335
2020-11-03T19:29:46.060Z,1,4,3,15,28,128,321,631,898,559,0,1,1,10,19,84,226,425,502,224,1,3,2,5,9,44,95,206,396,335
2020-11-04T04:45:17.480Z,1,4,3,15,28,128,321,631,898,559,0,1,1,10,19,84,226,425,502,224,1,3,2,5,9,44,95,206,396,335
2020-11-04T08:10:30.510Z,1,4,3,15,28,128,321,631,898,559,0,1,1,10,19,84,226,425,502,224,1,3,2,5,9,44,95,206,396,335
2020-11-04T16:13:19.640Z,1,4,3,15,28,128,322,632,900,561,0,1,1,10,19,84,226,426,504,225,1,3,2,5,9,44,96,206,396,336
2020-11-04T19:40:42.333Z,1,4,3,15,28,128,322,632,900,561,0,1,1,10,19,84,226,426,504,225,1,3,2,5,9,44,96,206,396,336
2020-11-05T04:08:38.337Z,1,4,3,15,28,128,321,633,899,562,0,1,1,10,19,84,225,427,503,226,1,3,2,5,9,44,96,206,396,336
2020-11-05T08:49:08.653Z,1,4,3,17,28,131,325,646,917,563,0,1,1,11,19,86,227,435,509,228,1,3,2,6,9,45,98,211,408,335
2020-11-05T17:30:08.480Z,1,4,3,17,28,131,325,646,919,563,0,1,1,11,19,86,227,435,509,228,1,3,2,6,9,45,98,211,410,335
2020-11-05T19:11:27.703Z,1,4,3,17,28,131,325,646,919,563,0,1,1,11,19,86,227,435,509,228,1,3,2,6,9,45,98,211,410,335
2020-11-06T03:57:49.330Z,1,4,3,17,28,131,325,646,919,563,0,1,1,11,19,86,227,435,509,228,1,3,2,6,9,45,98,211,410,335
2020-11-06T07:17:18.060Z,1,4,3,17,28,132,327,647,920,563,0,1,1,11,19,87,229,436,509,228,1,3,2,6,9,45,98,211,411,335
2020-11-06T13:25:15.137Z,1,4,3,17,28,132,327,647,920,563,0,1,1,11,19,87,229,436,509,228,1,3,2,6,9,45,98,211,411,335
2020-11-07T14:58:45.037Z,1,4,3,17,28,132,329,647,922,564,0,1,1,11,19,87,231,436,510,228,1,3,2,6,9,45,98,211,412,336
2020-11-07T18:31:48.000Z,1,4,3,17,28,135,335,649,923,567,0,1,1,11,19,88,236,438,511,228,1,3,2,6,9,47,99,211,412,339
2020-11-08T03:40:08.473Z,1,4,3,17,28,135,335,649,923,567,0,1,1,11,19,88,236,438,511,228,1,3,2,6,9,47,99,211,412,339
2020-11-08T08:40:18.263Z,1,4,3,17,28,135,335,649,923,567,0,1,1,11,19,88,236,438,511,228,1,3,2,6,9,47,99,211,412,339
2020-11-08T16:30:34.903Z,1,4,3,17,28,135,336,649,928,571,0,1,1,11,19,88,236,438,512,229,1,3,2,6,9,47,100,211,416,342
2020-11-09T03:40:03.347Z,1,4,3,17,28,134,337,649,928,571,0,1,1,11,19,87,237,438,512,229,1,3,2,6,9,47,100,211,416,342
2020-11-09T07:28:49.713Z,1,4,3,17,28,134,337,649,928,571,0,1,1,11,19,87,237,438,512,229,1,3,2,6,9,47,100,211,416,342
2020-11-09T15:59:53.473Z,1,4,3,17,28,134,337,650,928,572,0,1,1,11,19,87,237,439,512,229,1,3,2,6,9,47,100,211,416,343
2020-11-09T19:21:23.670Z,1,4,3,17,28,134,339,650,928,572,0,1,1,11,19,87,239,439,512,229,1,3,2,6,9,47,100,211,416,343
2020-11-10T03:13:27.287Z,1,4,3,17,28,134,338,651,928,572,0,1,1,11,19,87,238,440,512,229,1,3,2,6,9,47,100,211,416,343
2020-11-10T09:06:36.043Z,1,4,3,17,28,134,339,653,928,572,0,1,1,11,19,87,239,442,512,229,1,3,2,6,9,47,100,211,416,343
2020-11-10T15:59:05.617Z,1,4,3,17,28,134,340,653,928,572,0,1,1,11,19,87,240,442,512,229,1,3,2,6,9,47,100,211,416,343
2020-11-10T19:45:01.127Z,1,4,3,17,28,134,340,655,928,572,0,1,1,11,19,87,240,444,512,229,1,3,2,6,9,47,100,211,416,343
2020-11-11T03:53:16.493Z,1,4,3,17,28,134,339,655,928,572,0,1,1,11,19,87,239,444,512,229,1,3,2,6,9,47,100,211,416,343
2020-11-11T07:02:12.723Z,1,4,3,17,29,137,342,657,930,574,0,1,1,11,20,89,240,446,513,231,1,3,2,6,9,48,102,211,417,343
2020-11-11T16:21:43.387Z,1,4,3,17,29,138,343,657,930,575,0,1,1,11,20,90,241,446,513,231,1,3,2,6,9,48,102,211,417,344
2020-11-11T19:28:29.050Z,1,4,3,17,29,138,344,657,930,575,0,1,1,11,20,90,242,446,513,231,1,3,2,6,9,48,102,211,417,344
2020-11-12T08:39:15.213Z,1,4,3,17,29,138,344,657,930,575,0,1,1,11,20,90,242,446,513,231,1,3,2,6,9,48,102,211,417,344
2020-11-12T16:18:16.120Z,1,4,3,17,29,138,344,657,930,575,0,1,1,11,20,90,242,446,513,231,1,3,2,6,9,48,102,211,417,344
2020-11-12T19:19:25.050Z,1,4,3,17,29,138,346,658,933,575,0,1,1,11,20,90,244,446,514,231,1,3,2,6,9,48,102,212,419,344
2020-11-13T07:40:19.553Z,1,4,3,17,29,138,346,659,932,576,0,1,1,11,20,90,244,446,514,231,1,3,2,6,9,48,102,213,418,345
2020-11-13T10:54:29.170Z,1,4,3,17,30,139,348,662,933,577,0,1,1,11,20,91,245,447,514,231,1,3,2,6,10,48,103,215,419,346
2020-11-14T14:00:06.513Z,1,3,4,17,30,140,348,664,934,578,0,1,1,11,20,92,246,448,515,231,1,2,3,6,10,48,102,216,419,347
2020-11-14T19:06:55.080Z,1,3,4,17,30,140,348,664,934,578,0,1,1,11,20,92,246,448,515,231,1,2,3,6,10,48,102,216,419,347
2020-11-15T04:28:28.080Z,1,3,4,17,30,140,348,664,934,578,0,1,1,11,20,92,246,448,515,231,1,2,3,6,10,48,102,216,419,347
2020-11-15T08:03:35.147Z,1,3,4,17,30,141,349,669,938,578,0,1,1,11,20,92,246,449,517,231,1,2,3,6,10,49,103,220,421,347
2020-11-15T16:06:05.017Z,1,3,4,17,30,141,349,669,938,578,0,1,1,11,20,92,246,449,517,231,1,2,3,6,10,49,103,220,421,347
2020-11-16T03:51:48.447Z,1,3,4,17,30,141,349,669,938,578,0,1,1,11,20,92,246,449,517,231,1,2,3,6,10,49,103,220,421,347
2020-11-16T08:02:37.583Z,1,3,4,17,30,141,349,669,938,578,0,1,1,11,20,92,246,449,517,231,1,2,3,6,10,49,103,220,421,347
2020-11-16T16:18:01.597Z,1,3,4,17,30,142,350,669,938,578,0,1,1,11,20,92,246,449,517,231,1,2,3,6,10,50,104,220,421,347
2020-11-16T19:29:33.133Z,1,3,4,17,30,142,350,670,938,578,0,1,1,11,20,92,246,450,517,231,1,2,3,6,10,50,104,220,421,347
2020-11-17T03:52:43.697Z,1,3,4,17,30,142,350,669,939,578,0,1,1,11,20,92,246,450,517,231,1,2,3,6,10,50,104,219,422,347
2020-11-17T08:05:27.320Z,1,3,4,17,30,142,350,670,939,578,0,1,1,11,20,92,246,450,517,231,1,2,3,6,10,50,104,220,422,347
2020-11-17T15:45:50.663Z,1,3,4,17,30,142,350,670,939,578,0,1,1,11,20,92,246,450,517,231,1,2,3,6,10,50,104,220,422,347
2020-11-17T19:35:28.310Z,1,3,4,17,30,142,350,670,939,578,0,1,1,11,20,92,246,450,517,231,1,2,3,6,10,50,104,220,422,347
2020-11-18T05:34:38.553Z,1,3,4,17,30,142,350,670,939,578,0,1,1,11,20,92,246,450,517,231,1,2,3,6,10,50,104,220,422,347
2020-11-18T08:34:15.547Z,1,3,4,17,30,142,350,670,939,580,0,1,1,11,20,92,246,450,517,231,1,2,3,6,10,50,104,220,422,349
2020-11-18T16:22:43.690Z,1,3,4,17,30,142,350,670,939,581,0,1,1,11,20,92,246,450,517,231,1,2,3,6,10,50,104,220,422,350
2020-11-19T05:15:44.160Z,1,3,4,17,30,142,350,670,940,581,0,1,1,11,20,92,246,450,517,231,1,2,3,6,10,50,104,220,423,350
2020-11-19T16:13:21.783Z,1,3,4,17,30,142,351,672,940,581,0,1,1,11,20,92,247,451,517,231,1,2,3,6,10,50,104,221,423,350
2020-11-20T03:47:09.840Z,1,3,4,17,30,142,351,672,940,581,0,1,1,11,20,92,247,451,517,231,1,2,3,6,10,50,104,221,423,350
2020-11-20T07:00:11.973Z,1,3,4,17,30,142,351,672,941,582,0,1,1,11,20,92,247,451,518,231,1,2,3,6,10,50,104,221,423,351
2020-11-20T13:16:00.387Z,1,3,4,17,30,142,351,672,941,582,0,1,1,11,20,92,247,451,518,231,1,2,3,6,10,50,104,221,423,351
2020-11-21T14:00:00.830Z,1,3,4,17,30,142,350,674,947,585,0,1,1,11,20,92,246,452,520,232,1,2,3,6,10,50,104,222,427,353
2020-11-21T18:59:51.093Z,1,3,5,17,30,142,350,676,947,585,0,1,1,11,20,92,246,452,520,232,1,2,4,6,10,50,104,224,427,353
2020-11-22T07:06:07.150Z,1,3,5,17,30,142,350,676,947,585,0,1,1,11,20,92,246,452,520,232,1,2,4,6,10,50,104,224,427,353
2020-11-22T15:52:18.870Z,1,3,6,17,31,146,353,694,958,590,0,1,1,11,20,94,249,466,527,232,1,2,5,6,11,52,104,228,431,358
2020-11-22T21:03:25.230Z,1,3,6,17,31,146,354,694,959,590,0,1,1,11,20,94,249,466,527,232,1,2,5,6,11,52,105,228,432,358
2020-11-23T04:57:25.560Z,1,3,6,18,31,146,354,696,961,591,0,1,1,11,20,94,249,467,528,232,1,2,5,7,11,52,105,229,433,359
2020-11-23T11:39:27.770Z,1,3,6,18,31,147,355,697,962,591,0,1,1,11,20,95,250,468,528,232,1,2,5,7,11,52,105,229,434,359
2020-11-23T16:30:19.877Z,1,3,6,18,31,147,355,697,962,591,0,1,1,11,20,95,250,468,528,232,1,2,5,7,11,52,105,229,434,359
2020-11-23T19:31:15.550Z,1,3,6,18,31,147,355,697,962,591,0,1,1,11,20,95,250,468,528,232,1,2,5,7,11,52,105,229,434,359
2020-11-24T03:05:37.503Z,1,3,6,18,31,147,355,696,963,591,0,1,1,11,20,95,250,468,528,232,1,2,5,7,11,52,105,228,435,359
2020-11-24T09:18:21.127Z,1,3,6,18,31,147,358,699,963,592,0,1,1,11,20,95,253,470,528,232,1,2,5,7,11,52,105,229,435,360
2020-11-24T17:00:34.320Z,1,3,6,18,31,147,359,700,964,592,0,1,1,11,20,95,253,471,529,232,1,2,5,7,11,52,106,229,435,360
2020-11-24T19:55:00.533Z,1,3,6,18,31,147,359,700,964,592,0,1,1,11,20,95,253,471,529,232,1,2,5,7,11,52,106,229,435,360
2020-11-25T03:39:30.320Z,1,3,6,18,31,147,360,700,964,592,0,1,1,11,20,95,254,471,529,232,1,2,5,7,11,52,106,229,435,360
2020-11-25T07:53:00.407Z,1,3,6,18,31,147,361,701,965,593,0,1,1,11,20,95,254,472,530,233,1,2,5,7,11,52,107,229,435,360
2020-11-25T16:13:29.820Z,1,3,6,18,31,147,361,701,965,593,0,1,1,11,20,95,254,472,530,233,1,2,5,7,11,52,107,229,435,360
2020-11-25T20:32:13.037Z,1,3,6,18,31,147,361,701,965,593,0,1,1,11,20,95,254,472,530,233,1,2,5,7,11,52,107,229,435,360
2020-11-26T04:43:37.283Z,1,3,6,18,31,147,361,701,965,593,0,1,1,11,20,95,254,472,530,233,1,2,5,7,11,52,107,229,435,360
2020-11-26T07:54:06.807Z,1,3,6,18,31,147,361,701,966,593,0,1,1,11,20,95,254,472,530,233,1,2,5,7,11,52,107,229,436,360
2020-11-26T17:02:46.717Z,1,3,6,18,31,147,361,701,967,594,0,1,1,11,20,95,254,472,531,233,1,2,5,7,11,52,107,229,436,361
2020-11-26T20:12:28.920Z,1,3,6,18,31,147,362,703,968,595,0,1,1,11,20,95,254,473,531,234,1,2,5,7,11,52,108,230,437,361
2020-11-27T04:27:57.500Z,1,3,6,18,31,146,363,703,968,595,0,1,1,11,20,94,255,473,531,234,1,2,5,7,11,52,108,230,437,361
2020-11-27T07:36:04.960Z,1,3,6,18,31,146,364,703,969,595,0,1,1,11,20,94,256,473,532,234,1,2,5,7,11,52,108,230,437,361
2020-11-27T12:25:25.210Z,1,3,6,18,32,146,365,704,969,595,0,1,1,11,20,94,257,473,532,234,1,2,5,7,12,52,108,231,437,361
2020-11-28T13:32:13.783Z,2,3,6,18,32,146,365,707,971,595,1,1,1,11,20,94,257,475,533,234,1,2,5,7,12,52,108,232,438,361
2020-11-28T20:32:01.277Z,2,3,6,18,32,146,367,710,974,596,1,1,1,11,20,94,259,476,536,234,1,2,5,7,12,52,108,234,438,362
2020-11-29T04:46:21.503Z,2,3,6,18,31,147,367,710,974,596,1,1,1,11,19,95,259,476,536,234,1,2,5,7,12,52,108,234,438,362
2020-11-29T08:30:27.120Z,2,3,6,18,31,147,367,710,974,596,1,1,1,11,19,95,259,476,536,234,1,2,5,7,12,52,108,234,438,362
2020-11-29T16:49:35.993Z,2,3,6,18,31,149,369,712,977,597,1,1,1,11,19,96,260,476,538,235,1,2,5,7,12,53,109,236,439,362
2020-11-29T20:03:11.050Z,2,3,6,18,31,149,369,712,977,597,1,1,1,11,19,96,260,476,538,235,1,2,5,7,12,53,109,236,439,362
2020-11-30T03:42:22.700Z,2,3,6,18,31,149,369,712,977,597,1,1,1,11,19,96,260,476,538,235,1,2,5,7,12,53,109,236,439,362
2020-11-30T08:15:27.897Z,2,3,6,18,31,149,369,712,977,597,1,1,1,11,19,96,260,476,538,235,1,2,5,7,12,53,109,236,439,362
2020-11-30T16:09:43.800Z,2,3,6,18,31,150,369,714,976,596,1,1,1,11,19,97,260,477,537,235,1,2,5,7,12,53,109,237,439,361
2020-11-30T19:39:53.010Z,2,3,6,18,31,150,369,714,976,596,1,1,1,11,19,97,260,477,537,235,1,2,5,7,12,53,109,237,439,361
2020-12-01T06:03:22.033Z,2,3,6,18,31,150,369,714,976,596,1,1,1,11,19,97,260,477,537,235,1,2,5,7,12,53,109,237,439,361
2020-12-01T07:37:00.647Z,2,3,6,18,31,150,370,714,977,596,1,1,1,11,19,97,261,477,537,235,1,2,5,7,12,53,109,237,440,361
2020-12-01T16:44:19.780Z,2,3,6,18,32,153,372,716,977,598,1,1,1,11,21,98,263,478,536,237,1,2,5,7,11,55,109,238,441,361
2020-12-01T20:00:40.077Z,2,3,6,18,32,153,372,716,977,598,1,1,1,11,21,98,263,478,536,237,1,2,5,7,11,55,109,238,441,361
2020-12-02T04:48:18.260Z,2,3,6,18,32,153,371,717,977,598,1,1,1,11,21,98,263,478,536,237,1,2,5,7,11,55,108,239,441,361
2020-12-02T08:06:34.533Z,2,3,6,18,32,154,371,718,979,598,1,1,1,11,21,99,263,479,537,237,1,2,5,7,11,55,108,239,442,361
2020-12-02T16:26:53.177Z,2,3,6,18,32,154,372,718,980,598,1,1,1,11,21,99,264,479,537,237,1,2,5,7,11,55,108,239,443,361
2020-12-02T21:26:09.213Z,2,3,6,18,32,154,372,718,980,598,1,1,1,11,21,99,264,479,537,237,1,2,5,7,11,55,108,239,443,361
2020-12-03T08:49:07.417Z,2,3,6,18,32,154,372,720,984,599,1,1,1,11,21,99,264,480,538,238,1,2,5,7,11,55,108,240,446,361
2020-12-03T15:38:28.427Z,2,3,6,18,32,154,372,720,984,599,1,1,1,11,21,99,264,480,538,238,1,2,5,7,11,55,108,240,446,361
2020-12-03T18:59:29.597Z,2,3,6,18,32,154,372,721,984,599,1,1,1,11,21,99,264,481,538,238,1,2,5,7,11,55,108,240,446,361
2020-12-04T04:49:42.013Z,2,3,6,18,32,154,372,721,983,600,1,1,1,11,21,99,264,481,537,239,1,2,5,7,11,55,108,240,446,361
2020-12-04T07:10:02.587Z,2,3,6,18,32,154,373,723,985,600,1,1,1,11,21,99,265,482,539,239,1,2,5,7,11,55,108,241,446,361
2020-12-04T12:59:41.677Z,2,3,6,18,32,154,373,723,985,600,1,1,1,11,21,99,265,482,539,239,1,2,5,7,11,55,108,241,446,361
2020-12-05T14:32:41.867Z,2,3,6,18,32,154,374,723,988,601,1,1,1,11,21,99,265,482,540,240,1,2,5,7,11,55,109,241,448,361
2020-12-05T19:35:21.767Z,2,3,6,18,32,156,376,726,988,602,1,1,1,11,21,100,266,483,540,240,1,2,5,7,11,56,110,243,448,362
2020-12-06T04:22:58.047Z,2,3,6,18,32,156,376,726,988,602,1,1,1,11,21,100,266,483,540,240,1,2,5,7,11,56,110,243,448,362
2020-12-06T15:50:36.120Z,2,3,6,19,32,156,377,730,989,602,1,1,1,12,21,100,266,485,540,240,1,2,5,7,11,56,111,245,449,362
2020-12-06T19:38:38.523Z,2,3,6,19,32,156,378,730,989,602,1,1,1,12,21,100,267,485,540,240,1,2,5,7,11,56,111,245,449,362
2020-12-07T03:57:03.947Z,2,3,6,19,32,156,378,730,989,602,1,1,1,12,21,100,267,485,540,240,1,2,5,7,11,56,111,245,449,362
2020-12-07T07:58:54.653Z,2,3,6,19,32,156,378,730,989,602,1,1,1,12,21,100,267,485,540,240,1,2,5,7,11,56,111,245,449,362
2020-12-07T17:19:19.367Z,2,3,6,19,32,156,380,731,992,603,1,1,1,12,21,100,268,486,540,240,1,2,5,7,11,56,112,245,452,363
2020-12-07T20:41:13.183Z,2,3,6,19,32,156,380,731,992,603,1,1,1,12,21,100,268,486,540,240,1,2,5,7,11,56,112,245,452,363
2020-12-08T04:41:42.923Z,2,3,6,19,32,156,380,731,992,603,1,1,1,12,21,100,268,486,540,240,1,2,5,7,11,56,112,245,452,363
2020-12-08T08:16:14.790Z,2,3,6,19,32,156,380,732,992,603,1,1,1,12,21,100,268,486,540,240,1,2,5,7,11,56,112,246,452,363
2020-12-08T15:13:19.677Z,2,3,6,19,32,157,381,732,995,605,1,1,1,12,21,100,269,486,541,240,1,2,5,7,11,57,112,246,454,365
2020-12-08T20:17:59.030Z,2,3,6,19,32,157,381,732,995,605,1,1,1,12,21,100,269,486,541,240,1,2,5,7,11,57,112,246,454,365
2020-12-09T04:08:33.523Z,2,3,6,19,32,157,381,732,995,605,1,1,1,12,21,100,269,486,541,240,1,2,5,7,11,57,112,246,454,365
2020-12-09T07:49:39.820Z,2,3,6,19,32,157,381,732,996,605,1,1,1,12,21,100,269,486,541,240,1,2,5,7,11,57,112,246,455,365
2020-12-09T17:01:55.990Z,2,3,6,19,32,157,381,732,997,605,1,1,1,12,21,100,269,486,541,240,1,2,5,7,11,57,112,246,456,365
2020-12-09T20:46:55.280Z,2,3,6,19,32,157,381,732,997,605,1,1,1,12,21,100,269,486,541,240,1,2,5,7,11,57,112,246,456,365
2020-12-10T05:18:36.153Z,2,3,6,19,32,157,381,732,997,605,1,1,1,12,21,100,269,486,541,240,1,2,5,7,11,57,112,246,456,365
2020-12-10T10:48:57.087Z,2,3,6,19,32,157,381,733,999,605,1,1,1,12,21,100,269,487,543,240,1,2,5,7,11,57,112,246,456,365
2020-12-10T17:11:36.463Z,2,3,6,19,33,157,383,740,1007,608,1,1,1,12,21,100,270,493,544,240,1,2,5,7,12,57,113,247,463,368
2020-12-10T20:48:12.903Z,2,3,6,19,33,157,383,741,1009,608,1,1,1,12,21,100,270,494,544,240,1,2,5,7,12,57,113,247,465,368
2020-12-11T05:54:20.180Z,2,3,6,19,33,158,383,741,1009,608,1,1,1,12,21,101,270,494,544,240,1,2,5,7,12,57,113,247,465,368
2020-12-11T08:51:27.507Z,2,3,7,19,33,158,384,742,1013,608,1,1,2,12,21,101,270,494,546,240,1,2,5,7,12,57,114,248,467,368
2020-12-11T11:40:43.183Z,2,3,7,19,33,158,384,742,1013,608,1,1,2,12,21,101,270,494,546,240,1,2,5,7,12,57,114,248,467,368
2020-12-12T13:42:25.367Z,2,3,7,19,33,158,385,747,1017,608,1,1,2,12,21,101,272,497,548,240,1,2,5,7,12,57,113,250,469,368
2020-12-12T19:49:13.440Z,2,3,7,19,33,159,385,747,1020,608,1,1,2,12,21,101,272,497,549,240,1,2,5,7,12,58,113,250,471,368
2020-12-13T03:58:20.980Z,2,3,7,19,33,159,385,747,1019,609,1,1,2,12,21,101,272,497,549,240,1,2,5,7,12,58,113,250,470,369
2020-12-13T07:58:55.543Z,2,3,7,19,33,160,385,752,1020,609,1,1,2,12,21,102,272,501,550,240,1,2,5,7,12,58,113,251,470,369
2020-12-13T16:21:49.793Z,2,3,7,19,33,160,386,753,1021,612,1,1,2,12,21,102,273,502,550,242,1,2,5,7,12,58,113,251,471,370
2020-12-13T19:55:14.330Z,2,3,7,19,33,160,386,754,1022,613,1,1,2,12,21,102,273,503,551,243,1,2,5,7,12,58,113,251,471,370
2020-12-14T04:43:13.087Z,2,3,7,19,33,160,385,755,1022,613,1,1,2,12,21,102,272,504,551,243,1,2,5,7,12,58,113,251,471,370
2020-12-14T08:13:31.700Z,2,3,7,19,33,160,386,758,1022,613,1,1,2,12,21,102,272,506,551,243,1,2,5,7,12,58,114,252,471,370
2020-12-14T16:19:28.703Z,2,3,7,19,33,160,387,758,1022,613,1,1,2,12,21,102,273,506,551,243,1,2,5,7,12,58,114,252,471,370
2020-12-14T19:50:07.697Z,2,3,7,19,33,160,387,758,1022,613,1,1,2,12,21,102,273,506,551,243,1,2,5,7,12,58,114,252,471,370
2020-12-15T03:52:05.163Z,2,3,7,19,33,160,387,758,1022,613,1,1,2,12,21,102,273,506,551,243,1,2,5,7,12,58,114,252,471,370
2020-12-15T08:33:01.617Z,2,3,7,19,34,160,389,761,1026,613,1,1,2,12,22,102,275,508,554,243,1,2,5,7,12,58,114,253,472,370
2020-12-16T05:04:52.817Z,2,3,7,19,34,161,391,762,1025,618,1,1,2,12,22,103,276,508,554,247,1,2,5,7,12,58,115,254,471,371
2020-12-16T07:26:35.617Z,2,3,7,19,34,162,392,765,1027,619,1,1,2,12,22,104,277,510,555,248,1,2,5,7,12,58,115,255,472,371
2020-12-16T16:13:51.950Z,2,3,7,19,34,162,392,765,1028,619,1,1,2,12,22,104,277,510,556,248,1,2,5,7,12,58,115,255,472,371
2020-12-16T20:11:43.260Z,2,3,7,19,34,162,392,766,1030,619,1,1,2,12,22,104,277,511,557,248,1,2,5,7,12,58,115,255,473,371
2020-12-17T07:59:35.357Z,2,3,7,19,34,163,392,767,1033,620,1,1,2,12,22,105,277,511,558,248,1,2,5,7,12,58,115,256,475,372
2020-12-17T16:39:19.050Z,2,3,7,19,36,163,393,768,1037,622,1,1,2,12,22,105,277,512,561,249,1,2,5,7,14,58,116,256,476,373
2020-12-17T19:49:35.037Z,2,3,7,19,36,163,393,768,1037,622,1,1,2,12,22,105,277,512,561,249,1,2,5,7,14,58,116,256,476,373
2020-12-18T08:00:03.750Z,2,3,7,19,36,163,395,769,1039,623,1,1,2,12,22,105,279,513,562,250,1,2,5,7,14,58,116,256,477,373
2020-12-18T10:20:49.337Z,2,3,7,19,36,163,395,769,1039,623,1,1,2,12,22,105,279,513,562,250,1,2,5,7,14,58,116,256,477,373
2020-12-18T12:42:11.287Z,2,3,7,19,36,163,396,769,1039,623,1,1,2,12,22,105,280,513,562,250,1,2,5,7,14,58,116,256,477,373
2020-12-19T13:51:24.143Z,2,3,7,19,36,161,400,774,1044,624,1,1,2,12,22,104,282,516,565,251,1,2,5,7,14,57,118,258,479,373
2020-12-19T19:42:21.683Z,2,3,8,19,36,161,401,774,1045,625,1,1,2,12,22,104,283,516,565,251,1,2,6,7,14,57,118,258,480,374
2020-12-20T04:33:07.710Z,2,3,8,19,36,161,400,775,1045,625,1,1,2,12,22,104,282,517,565,251,1,2,6,7,14,57,118,258,480,374
2020-12-20T08:01:40.673Z,2,3,8,19,36,162,400,778,1048,626,1,1,2,12,22,105,282,520,567,252,1,2,6,7,14,57,118,258,481,374
2020-12-20T16:11:28.227Z,2,3,8,19,37,162,404,781,1052,628,1,1,2,12,23,105,286,523,570,252,1,2,6,7,14,57,118,258,482,376
2020-12-20T19:03:13.143Z,2,3,8,19,37,162,405,783,1053,628,1,1,2,12,23,105,286,525,571,252,1,2,6,7,14,57,119,258,482,376
2020-12-21T04:52:38.930Z,2,3,8,19,37,162,405,782,1055,628,1,1,2,12,23,105,286,525,572,252,1,2,6,7,14,57,119,257,483,376
2020-12-21T08:21:57.310Z,2,3,9,19,38,163,407,783,1056,629,1,1,3,12,23,105,288,526,572,253,1,2,6,7,15,58,119,257,484,376
2020-12-21T15:43:37.197Z,2,3,9,20,38,163,407,784,1056,629,1,1,3,12,23,105,288,527,572,253,1,2,6,8,15,58,119,257,484,376
2020-12-22T04:33:26.537Z,2,3,9,20,38,163,407,784,1056,629,1,1,3,12,23,105,288,527,572,253,1,2,6,8,15,58,119,257,484,376
2020-12-22T08:02:50.720Z,2,3,9,20,38,164,408,787,1068,630,1,1,3,12,23,105,288,530,576,253,1,2,6,8,15,59,120,257,492,377
2020-12-22T16:15:32.370Z,2,3,9,20,38,164,408,789,1068,630,1,1,3,12,23,105,288,531,576,253,1,2,6,8,15,59,120,258,492,377
2020-12-22T19:45:00.447Z,2,3,9,20,38,166,409,790,1069,630,1,1,3,12,23,106,288,532,576,253,1,2,6,8,15,60,121,258,493,377
2020-12-23T12:04:58.400Z,2,3,9,20,37,167,410,791,1071,631,1,1,3,12,22,107,289,533,578,253,1,2,6,8,15,60,121,258,493,378
2020-12-23T16:13:22.737Z,2,3,9,20,37,167,410,791,1071,631,1,1,3,12,22,107,289,533,578,253,1,2,6,8,15,60,121,258,493,378
2020-12-23T19:46:52.300Z,2,3,9,20,37,167,413,793,1073,633,1,1,3,12,22,107,291,535,579,255,1,2,6,8,15,60,122,258,494,378
2020-12-24T18:04:54.317Z,3,3,9,20,37,168,418,797,1078,638,1,1,3,12,22,108,295,537,584,257,2,2,6,8,15,60,123,260,494,381
2020-12-24T20:27:33.523Z,3,3,9,20,37,168,418,797,1078,638,1,1,3,12,22,108,295,537,584,257,2,2,6,8,15,60,123,260,494,381
2020-12-25T04:51:25.617Z,3,3,9,20,37,168,418,796,1079,638,1,1,3,12,22,108,295,536,585,257,2,2,6,8,15,60,123,260,494,381
2020-12-25T07:13:39.963Z,3,3,9,20,37,169,419,798,1086,641,1,1,3,12,22,109,296,538,589,258,2,2,6,8,15,60,123,260,497,383
2020-12-25T12:19:08.427Z,3,3,9,20,37,169,420,798,1086,641,1,1,3,12,22,109,297,538,589,258,2,2,6,8,15,60,123,260,497,383
2020-12-26T14:11:57.997Z,3,3,9,20,37,170,426,803,1086,647,1,1,3,12,22,110,302,542,588,263,2,2,6,8,15,60,124,261,498,384
2020-12-26T20:10:57.310Z,3,3,9,20,37,170,427,804,1088,649,1,1,3,12,22,110,303,542,588,264,2,2,6,8,15,60,124,262,500,385
2020-12-27T03:31:00.333Z,3,3,9,20,37,170,427,804,1088,649,1,1,3,12,22,110,303,542,588,264,2,2,6,8,15,60,124,262,500,385
2020-12-27T07:04:45.907Z,3,3,9,20,37,170,432,805,1091,652,1,1,3,12,22,110,307,542,589,265,2,2,6,8,15,60,125,263,502,387
2020-12-27T16:26:47.000Z,3,3,9,20,37,171,432,805,1093,652,1,1,3,12,22,111,307,542,591,265,2,2,6,8,15,60,125,263,502,387
2020-12-27T18:46:41.847Z,3,3,9,20,37,171,433,805,1093,652,1,1,3,12,22,111,308,542,591,265,2,2,6,8,15,60,125,263,502,387
2020-12-28T04:37:46.537Z,3,3,9,20,37,171,433,805,1092,653,1,1,3,12,22,111,308,542,591,265,2,2,6,8,15,60,125,263,501,388
2020-12-28T08:04:22.387Z,3,3,9,20,38,172,436,807,1096,656,1,1,3,12,22,112,309,542,592,265,2,2,6,8,16,60,127,265,504,391
2020-12-28T15:42:02.480Z,3,3,9,20,37,173,437,811,1099,658,1,1,3,12,22,113,310,544,594,265,2,2,6,8,15,60,127,267,505,393
2020-12-28T20:41:37.823Z,3,3,9,20,37,174,439,812,1101,658,1,1,3,12,22,114,312,545,596,265,2,2,6,8,15,60,127,267,505,393
2020-12-29T03:47:59.567Z,3,3,9,20,37,174,439,812,1101,658,1,1,3,12,22,114,312,545,596,265,2,2,6,8,15,60,127,267,505,393
2020-12-29T07:43:47.357Z,3,3,9,20,37,174,439,812,1102,658,1,1,3,12,22,114,312,545,597,265,2,2,6,8,15,60,127,267,505,393
2020-12-29T17:14:37.160Z,4,3,9,20,37,177,443,818,1111,664,2,1,3,12,22,117,314,551,600,266,2,2,6,8,15,60,129,267,511,398
2020-12-29T19:41:27.140Z,4,3,9,20,37,177,443,820,1114,665,2,1,3,12,22,117,314,552,602,267,2,2,6,8,15,60,129,268,512,398
2020-12-30T03:21:32.633Z,4,3,9,20,37,177,443,820,1114,665,2,1,3,12,22,117,314,552,602,267,2,2,6,8,15,60,129,268,512,398
2020-12-30T08:30:50.383Z,2,3,9,20,38,177,444,825,1119,667,1,1,3,12,23,117,315,556,603,268,1,2,6,8,15,60,129,269,516,399
2020-12-30T15:59:33.240Z,2,3,10,20,38,177,444,825,1120,668,1,1,3,12,23,117,315,556,604,269,1,2,7,8,15,60,129,269,516,399
2020-12-31T04:42:38.383Z,2,3,10,20,38,179,439,831,1105,687,1,1,3,12,23,118,313,558,597,278,1,2,7,8,15,61,126,273,508,409
2020-12-31T08:25:58.400Z,2,3,10,20,38,179,441,832,1105,688,1,1,3,12,23,118,314,558,597,279,1,2,7,8,15,61,127,274,508,409
2020-12-31T16:03:44.353Z,2,3,10,20,38,180,443,834,1107,689,1,1,3,12,23,118,316,561,597,280,1,2,7,8,15,62,127,273,510,409
2021-01-01T06:25:20.060Z,2,3,10,19,39,180,446,820,1129,691,1,1,3,12,22,119,318,552,610,281,1,2,7,7,17,61,128,268,519,410
2021-01-01T13:03:21.987Z,2,3,10,19,39,181,447,827,1135,695,1,1,3,12,22,120,318,555,614,285,1,2,7,7,17,61,129,272,521,410
2021-01-02T14:23:22.093Z,2,3,10,19,41,181,449,836,1145,698,1,1,3,12,23,120,320,561,619,286,1,2,7,7,18,61,129,275,526,412
2021-01-02T19:25:38.320Z,2,3,11,19,42,181,450,838,1148,698,1,1,4,12,23,120,320,563,620,286,1,2,7,7,19,61,130,275,528,412
2021-01-03T04:07:48.983Z,2,3,11,19,42,181,450,835,1150,698,1,1,4,12,23,120,320,560,622,286,1,2,7,7,19,61,130,275,528,412
2021-01-03T04:07:48.983Z,2,3,11,19,42,181,450,835,1150,698,1,1,4,12,23,120,320,560,622,286,1,2,7,7,19,61,130,275,528,412
2021-01-03T07:10:54.753Z,2,3,11,19,44,182,451,840,1157,699,1,1,4,12,23,120,321,563,625,287,1,2,7,7,21,62,130,277,532,412
2021-01-03T16:15:50.833Z,2,3,11,19,44,183,452,841,1158,699,1,1,4,12,23,120,322,564,625,287,1,2,7,7,21,63,130,277,533,412
2021-01-03T18:55:22.140Z,2,3,11,19,44,184,452,842,1160,700,1,1,4,12,23,121,322,564,627,288,1,2,7,7,21,63,130,278,533,412
2021-01-04T04:08:30.277Z,2,3,11,19,44,183,452,841,1160,701,1,1,4,12,23,121,322,564,626,289,1,2,7,7,21,62,130,277,534,412
2021-01-04T08:07:45.310Z,2,3,11,19,44,184,454,847,1164,705,1,1,4,12,23,122,324,566,629,291,1,2,7,7,21,62,130,281,535,414
2021-01-04T16:06:03.693Z,2,3,11,19,44,185,454,847,1167,705,1,1,4,12,23,122,324,566,632,291,1,2,7,7,21,63,130,281,535,414
2021-01-04T21:25:48.630Z,2,3,11,19,45,185,454,850,1169,707,1,1,4,12,23,122,324,567,632,293,1,2,7,7,22,63,130,283,537,414
2021-01-05T03:51:07.883Z,2,3,11,19,45,185,454,850,1169,707,1,1,4,12,23,122,324,567,632,293,1,2,7,7,22,63,130,283,537,414
2021-01-05T07:23:41.123Z,2,3,11,19,45,185,456,852,1169,707,1,1,4,12,23,122,325,568,632,293,1,2,7,7,22,63,131,284,537,414
2021-01-05T16:52:29.653Z,2,3,12,19,45,186,459,861,1187,712,1,1,5,12,23,123,326,573,642,295,1,2,7,7,22,63,133,288,545,417
2021-01-05T19:37:27.543Z,2,3,12,19,45,187,459,862,1189,716,1,1,5,12,23,124,326,574,643,295,1,2,7,7,22,63,133,288,546,421
2021-01-06T03:50:16.780Z,2,3,12,19,45,187,459,862,1189,715,1,1,5,12,23,124,326,574,643,295,1,2,7,7,22,63,133,288,546,420
2021-01-06T07:37:53.437Z,2,3,12,19,45,189,461,864,1196,716,1,1,5,12,23,126,327,575,649,295,1,2,7,7,22,63,134,289,547,421
2021-01-06T15:01:08.997Z,2,3,12,19,46,189,462,867,1196,716,1,1,5,12,23,126,328,577,649,295,1,2,7,7,23,63,134,290,547,421
2021-01-06T19:19:57.407Z,2,3,12,19,46,189,466,871,1203,718,1,1,5,12,23,126,331,580,651,296,1,2,7,7,23,63,135,291,552,422
2021-01-07T04:26:33.387Z,2,3,12,19,46,189,465,871,1202,718,1,1,5,12,23,126,330,580,651,296,1,2,7,7,23,63,135,291,551,422
2021-01-07T06:14:34.303Z,2,3,12,19,46,189,465,871,1202,718,1,1,5,12,23,126,330,580,651,296,1,2,7,7,23,63,135,291,551,422
2021-01-07T15:27:30.590Z,2,3,12,19,46,189,468,877,1211,722,1,1,5,12,23,126,332,585,656,299,1,2,7,7,23,63,136,292,555,423
2021-01-07T18:11:14.923Z,2,3,12,20,46,190,469,882,1216,726,1,1,5,13,23,127,333,590,661,301,1,2,7,7,23,63,136,292,555,425
2021-01-08T03:43:58.370Z,3,3,12,20,46,190,469,882,1215,726,2,1,5,13,23,127,333,590,661,300,1,2,7,7,23,63,136,292,554,426
2021-01-08T07:58:56.537Z,3,3,13,20,46,190,473,888,1221,730,2,1,6,13,23,127,335,594,664,301,1,2,7,7,23,63,138,294,557,429
2021-01-08T12:29:35.990Z,3,3,13,20,46,190,474,890,1225,732,2,1,6,13,23,127,336,596,666,302,1,2,7,7,23,63,138,294,559,430
2021-01-09T14:36:56.833Z,3,3,14,20,47,190,482,900,1237,737,2,1,6,13,23,127,341,604,673,304,1,2,8,7,24,63,141,296,564,433
2021-01-09T20:19:21.917Z,3,3,14,20,47,191,483,903,1241,740,2,1,6,13,23,128,341,607,675,306,1,2,8,7,24,63,142,296,566,434
2021-01-10T03:55:57.563Z,3,3,14,20,47,190,484,903,1241,740,2,1,6,13,23,127,342,607,675,306,1,2,8,7,24,63,142,296,566,434
2021-01-10T08:32:01.230Z,3,3,14,20,48,190,485,905,1242,741,2,1,6,13,24,127,342,608,676,307,1,2,8,7,24,63,143,297,566,434
2021-01-10T15:34:00.387Z,3,3,14,20,48,192,486,906,1247,743,2,1,6,13,24,129,342,609,680,308,1,2,8,7,24,63,144,297,567,435
2021-01-10T19:59:05.227Z,3,3,14,20,48,192,487,908,1251,744,2,1,6,13,24,129,342,611,681,309,1,2,8,7,24,63,145,297,570,435
2021-01-11T04:29:18.330Z,3,3,14,20,48,191,487,909,1251,744,2,1,6,13,24,128,342,612,681,309,1,2,8,7,24,63,145,297,570,435
2021-01-11T08:04:11.517Z,3,3,14,20,48,191,490,914,1258,752,2,1,6,13,24,128,343,615,684,314,1,2,8,7,24,63,147,299,574,438
2021-01-11T19:42:21.023Z,3,3,14,20,48,191,491,917,1264,753,2,1,6,13,24,128,344,617,687,315,1,2,8,7,24,63,147,300,577,438
2021-01-12T04:46:22.610Z,3,3,14,20,48,190,492,917,1264,753,2,1,6,13,24,128,344,617,687,315,1,2,8,7,24,62,148,300,577,438
2021-01-12T08:29:05.050Z,3,3,14,20,48,192,494,921,1271,757,2,1,6,13,24,130,345,620,690,316,1,2,8,7,24,62,149,301,581,441
2021-01-12T16:15:21.670Z,3,3,14,20,48,192,499,927,1277,772,2,1,6,13,24,130,349,625,692,322,1,2,8,7,24,62,150,302,585,450
2021-01-12T19:56:16.893Z,3,3,14,20,48,192,500,929,1287,774,2,1,6,13,24,130,350,626,698,323,1,2,8,7,24,62,150,303,589,451
2021-01-13T03:19:37.553Z,3,3,14,20,48,192,500,929,1286,774,2,1,6,13,24,130,350,626,697,323,1,2,8,7,24,62,150,303,589,451
2021-01-13T07:05:04.700Z,3,3,14,20,48,193,507,935,1294,780,2,1,6,13,24,131,356,629,702,326,1,2,8,7,24,62,151,306,592,454
2021-01-13T14:46:19.050Z,3,3,14,20,48,194,508,935,1301,780,2,1,6,13,24,132,357,629,707,326,1,2,8,7,24,62,151,306,594,454
2021-01-13T20:41:57.433Z,3,3,14,20,48,193,510,939,1305,782,2,1,6,13,24,131,358,633,711,327,1,2,8,7,24,62,152,306,594,455
2021-01-14T05:08:05.827Z,3,3,14,20,48,193,512,939,1308,786,2,1,6,13,24,131,359,632,712,330,1,2,8,7,24,62,153,307,596,456
2021-01-14T08:52:15.650Z,3,3,15,21,48,195,514,944,1315,788,2,1,6,13,24,131,361,636,715,332,1,2,9,8,24,64,153,308,600,456
2021-01-14T16:50:47.233Z,3,4,15,21,48,196,515,949,1320,789,2,2,6,13,24,132,362,639,719,332,1,2,9,8,24,64,153,310,601,457
2021-01-14T20:50:19.033Z,3,4,15,21,48,196,518,950,1323,792,2,2,6,13,24,132,365,640,720,335,1,2,9,8,24,64,153,310,603,457
2021-01-15T03:51:47.650Z,3,4,15,21,48,196,517,951,1323,791,2,2,6,13,24,132,364,641,720,334,1,2,9,8,24,64,153,310,603,457
2021-01-15T07:41:36.633Z,3,4,15,21,49,198,521,958,1331,798,2,2,6,13,25,134,367,644,724,338,1,2,9,8,24,64,154,314,607,460
2021-01-15T11:40:28.147Z,3,4,15,21,49,199,522,960,1338,798,2,2,6,13,25,135,368,645,726,338,1,2,9,8,24,64,154,315,612,460
2021-01-16T14:40:17.410Z,3,4,15,21,50,200,524,972,1348,806,2,2,6,13,26,136,370,654,732,342,1,2,9,8,24,64,154,318,616,464
2021-01-16T18:58:54.310Z,3,4,15,22,51,200,525,979,1349,810,2,2,6,14,26,136,370,659,733,344,1,2,9,8,25,64,155,320,616,466
2021-01-17T07:18:53.633Z,3,4,15,22,51,201,526,984,1361,811,2,2,6,14,26,137,371,662,739,344,1,2,9,8,25,64,155,322,622,467
2021-01-17T15:39:52.500Z,3,4,15,22,51,201,527,984,1367,814,2,2,6,14,26,137,371,662,743,345,1,2,9,8,25,64,156,322,624,469
2021-01-17T19:30:01.320Z,3,4,15,22,52,202,529,990,1371,816,2,2,6,14,27,138,373,664,744,345,1,2,9,8,25,64,156,326,627,471
2021-01-18T04:35:31.270Z,3,4,15,22,52,202,529,989,1372,816,2,2,6,14,27,138,373,664,744,345,1,2,9,8,25,64,156,325,628,471
2021-01-18T06:31:52.957Z,3,4,15,22,52,202,529,989,1372,816,2,2,6,14,27,138,373,664,744,345,1,2,9,8,25,64,156,325,628,471
2021-01-18T16:31:29.850Z,3,4,15,22,53,206,533,998,1382,824,2,2,6,14,28,141,376,669,754,349,1,2,9,8,25,65,157,329,628,475
2021-01-18T18:34:56.827Z,3,4,15,22,53,208,533,1002,1385,825,2,2,6,14,28,141,376,672,755,350,1,2,9,8,25,67,157,330,630,475
2021-01-19T05:30:54.400Z,3,4,15,22,53,208,533,1002,1383,825,2,2,6,14,28,141,376,672,755,350,1,2,9,8,25,67,157,330,628,475
2021-01-19T07:34:37.340Z,3,4,15,22,53,209,536,1003,1387,827,2,2,6,14,28,142,379,673,757,351,1,2,9,8,25,67,157,330,630,476
2021-01-19T14:19:06.050Z,3,4,15,22,53,211,540,1007,1395,830,2,2,6,14,28,143,383,676,760,353,1,2,9,8,25,68,157,331,635,477
2021-01-20T04:28:09.150Z,4,4,15,22,55,212,546,1021,1415,848,2,2,6,14,28,143,387,682,775,359,2,2,9,8,27,69,159,339,640,489
2021-01-20T07:16:55.410Z,4,4,15,22,55,212,547,1021,1416,848,2,2,6,14,28,143,388,682,776,359,2,2,9,8,27,69,159,339,640,489
2021-01-20T15:51:00.880Z,4,4,14,23,55,211,554,1032,1425,854,2,2,5,14,28,142,394,688,780,361,2,2,9,9,27,69,160,344,645,493
2021-01-20T20:20:13.790Z,4,4,14,23,55,211,556,1034,1425,854,2,2,5,14,28,142,395,690,780,361,2,2,9,9,27,69,161,344,645,493
2021-01-21T04:27:20.957Z,4,4,14,23,55,211,556,1032,1425,854,2,2,5,14,28,142,395,689,780,361,2,2,9,9,27,69,161,343,645,493
2021-01-21T08:35:56.320Z,4,4,14,23,55,212,559,1043,1437,858,2,2,5,14,28,143,397,700,789,365,2,2,9,9,27,69,162,343,648,493
2021-01-21T16:16:22.323Z,4,4,14,23,57,212,561,1050,1442,864,2,2,5,14,28,143,397,703,792,367,2,2,9,9,29,69,164,347,650,497
2021-01-21T19:47:52.763Z,4,4,14,23,57,213,564,1053,1445,867,2,2,5,14,28,144,398,705,794,368,2,2,9,9,29,69,166,348,651,499
2021-01-22T04:41:17.910Z,4,4,14,23,57,213,564,1053,1445,867,2,2,5,14,28,144,398,705,794,368,2,2,9,9,29,69,166,348,651,499
2021-01-22T07:17:51.503Z,4,4,14,23,57,213,567,1057,1453,870,2,2,5,14,28,144,401,706,801,370,2,2,9,9,29,69,166,351,652,500
2021-01-22T13:28:10.110Z,4,4,14,23,57,214,567,1057,1454,871,2,2,5,14,28,145,401,707,802,371,2,2,9,9,29,69,166,350,652,500
2021-01-23T14:28:52.590Z,3,4,14,23,58,214,579,1074,1474,882,1,2,5,14,29,145,408,719,813,373,2,2,9,9,29,69,171,355,661,509
2021-01-23T18:37:03.467Z,3,4,14,23,58,214,583,1080,1477,884,1,2,5,14,29,145,410,721,815,373,2,2,9,9,29,69,173,359,662,511
2021-01-24T06:07:14.763Z,3,4,14,24,58,215,584,1089,1484,884,1,2,5,14,29,145,411,727,818,373,2,2,9,10,29,70,173,362,666,511
2021-01-24T16:54:21.827Z,3,4,15,24,58,216,587,1101,1493,890,1,2,6,14,29,146,411,737,825,376,2,2,9,10,29,70,176,364,668,514
2021-01-24T20:15:06.353Z,3,4,15,24,58,218,592,1106,1500,898,1,2,6,14,29,146,415,741,830,380,2,2,9,10,29,72,177,365,670,518
2021-01-25T03:43:39.050Z,3,4,15,24,58,218,592,1106,1499,899,1,2,6,14,29,146,415,741,829,381,2,2,9,10,29,72,177,365,670,518
2021-01-25T07:28:11.697Z,3,4,15,24,58,219,596,1109,1502,905,1,2,6,14,29,147,418,742,831,384,2,2,9,10,29,72,178,367,671,521
2021-01-25T15:19:21.960Z,3,4,15,24,58,219,598,1115,1509,909,1,2,6,14,29,147,419,746,834,385,2,2,9,10,29,72,179,369,675,524
2021-01-25T20:15:07.197Z,3,4,15,24,59,221,600,1118,1511,909,1,2,6,14,30,149,421,748,836,385,2,2,9,10,29,72,179,370,675,524
2021-01-26T08:39:00.873Z,3,5,15,24,59,224,606,1122,1526,911,1,3,6,14,30,152,426,750,843,385,2,2,9,10,29,72,180,372,683,526
2021-01-26T16:37:13.443Z,3,5,15,24,59,224,607,1123,1527,913,1,3,6,14,30,152,427,751,843,386,2,2,9,10,29,72,180,372,684,527
2021-01-26T17:48:49.590Z,3,5,15,24,59,224,608,1125,1534,914,1,3,6,14,30,152,428,752,846,386,2,2,9,10,29,72,180,373,688,528
2021-01-27T04:15:33.720Z,3,5,15,24,59,224,608,1125,1534,915,1,3,6,14,30,152,428,752,846,387,2,2,9,10,29,72,180,373,688,528
2021-01-27T09:37:45.910Z,3,5,15,24,59,227,615,1128,1541,921,1,3,6,14,30,154,432,754,851,388,2,2,9,10,29,73,183,374,690,533
2021-01-27T15:47:33.793Z,3,5,15,24,59,229,622,1133,1554,928,1,3,6,14,30,156,433,755,855,391,2,2,9,10,29,73,189,378,699,537
2021-01-27T19:14:37.080Z,3,5,15,24,60,231,628,1144,1563,935,1,3,6,14,31,157,437,763,858,393,2,2,9,10,29,74,191,381,705,542
2021-01-28T02:59:46.543Z,3,5,15,24,60,231,628,1144,1562,936,1,3,6,14,31,157,437,763,858,393,2,2,9,10,29,74,191,381,704,543
2021-01-28T06:39:58.397Z,3,5,16,24,60,232,629,1152,1576,940,1,3,7,14,31,158,438,769,863,394,2,2,9,10,29,74,191,383,713,546
2021-01-28T21:08:02.507Z,3,5,16,24,61,234,635,1158,1585,947,1,3,7,14,32,160,442,774,868,396,2,2,9,10,29,74,193,384,717,551
2021-01-29T01:31:48.870Z,3,5,16,24,61,234,636,1158,1584,949,1,3,7,14,32,160,443,774,867,398,2,2,9,10,29,74,193,384,717,551
2021-01-29T07:28:39.920Z,3,5,16,24,61,234,642,1166,1588,956,1,3,7,14,32,160,447,780,870,400,2,2,9,10,29,74,195,386,718,556
2021-01-29T13:03:30.550Z,3,5,16,24,62,234,642,1166,1590,957,1,3,7,14,33,160,447,780,870,401,2,2,9,10,29,74,195,386,720,556
2021-01-30T11:09:46.137Z,4,5,16,25,62,238,648,1173,1604,962,2,3,7,14,33,162,453,782,878,405,2,2,9,11,29,76,195,391,726,557
2021-01-30T19:37:48.760Z,4,5,16,25,62,238,648,1174,1604,962,2,3,7,14,33,162,453,782,878,405,2,2,9,11,29,76,195,392,726,557
2021-01-31T04:16:43.147Z,1,2,16,25,62,240,651,1176,1608,963,1,1,7,14,33,164,456,784,879,405,0,1,9,11,29,76,195,392,729,558
2021-01-31T08:26:49.547Z,3,3,16,25,62,242,653,1183,1615,965,2,2,7,14,33,165,458,788,883,405,1,1,9,11,29,77,195,395,732,560
2021-01-31T17:19:30.317Z,4,5,16,25,62,243,656,1185,1621,967,2,3,7,14,33,165,460,790,888,407,2,2,9,11,29,78,196,395,733,560
2021-01-31T18:48:55.233Z,4,5,16,25,62,243,657,1187,1625,971,2,3,7,14,33,165,460,791,889,410,2,2,9,11,29,78,197,396,736,561
2021-02-01T03:53:42.040Z,4,5,16,25,62,243,657,1187,1625,971,2,3,7,14,33,165,460,791,889,410,2,2,9,11,29,78,197,396,736,561
2021-02-01T07:52:28.600Z,4,5,16,25,62,243,657,1187,1632,976,2,3,7,14,33,165,460,791,891,413,2,2,9,11,29,78,197,396,741,563
2021-02-01T17:12:59.620Z,4,5,16,25,62,243,658,1188,1633,978,2,3,7,14,33,165,461,791,891,415,2,2,9,11,29,78,197,397,742,563
2021-02-01T19:55:34.100Z,4,5,16,25,62,243,659,1189,1634,978,2,3,7,14,33,165,461,792,891,415,2,2,9,11,29,78,198,397,743,563
2021-02-02T03:50:01.017Z,4,5,16,25,62,243,658,1190,1634,978,2,3,7,14,33,165,460,793,891,415,2,2,9,11,29,78,198,397,743,563
2021-02-02T08:12:47.970Z,4,5,16,25,63,245,666,1202,1650,986,2,3,7,14,34,167,465,802,895,418,2,2,9,11,29,78,201,400,755,568
2021-02-02T16:21:39.187Z,4,5,16,25,66,247,667,1203,1655,996,2,3,7,14,36,168,466,802,900,421,2,2,9,11,30,79,201,401,755,575
2021-02-02T18:56:11.590Z,4,5,16,25,66,247,667,1204,1655,996,2,3,7,14,36,168,466,803,900,421,2,2,9,11,30,79,201,401,755,575
2021-02-03T04:45:35.923Z,4,5,16,25,66,247,665,1206,1654,998,2,3,7,14,36,168,465,804,901,421,2,2,9,11,30,79,200,402,753,577
2021-02-03T08:10:56.700Z,4,5,16,25,66,247,665,1207,1655,998,2,3,7,14,36,168,465,805,901,421,2,2,9,11,30,79,200,402,754,577
2021-02-03T16:22:58.677Z,4,5,17,25,69,247,668,1215,1668,1008,2,3,8,14,38,168,467,812,908,425,2,2,9,11,31,79,201,403,760,583
2021-02-03T21:05:49.047Z,4,5,18,25,70,247,671,1222,1671,1013,2,3,9,14,38,168,470,816,909,428,2,2,9,11,32,79,201,406,762,585
2021-02-04T06:11:47.710Z,4,5,19,25,70,247,668,1224,1671,1013,2,3,10,14,38,168,467,818,909,428,2,2,9,11,32,79,201,406,762,585
2021-02-04T08:36:12.077Z,4,5,19,25,71,247,673,1227,1686,1017,2,3,10,14,39,168,470,821,916,430,2,2,9,11,32,79,203,406,770,587
2021-02-04T17:20:40.130Z,4,5,19,25,72,248,680,1231,1690,1018,2,3,10,14,39,169,474,824,919,431,2,2,9,11,33,79,206,407,771,587
2021-02-04T21:09:35.137Z,4,5,19,25,72,249,682,1231,1694,1019,2,3,10,14,39,169,475,824,921,432,2,2,9,11,33,80,207,407,773,587
2021-02-05T07:18:48.910Z,4,5,19,25,72,249,687,1235,1700,1023,2,3,10,14,39,170,480,827,923,436,2,2,9,11,33,79,207,408,777,587
2021-02-05T12:40:20.710Z,4,5,19,25,72,250,687,1236,1700,1023,2,3,10,14,39,171,480,828,923,436,2,2,9,11,33,79,207,408,777,587
2021-02-06T15:19:27.617Z,4,5,19,25,72,250,695,1249,1709,1028,2,3,10,14,39,171,485,835,930,439,2,2,9,11,33,79,210,414,779,589
2021-02-06T18:59:46.357Z,4,5,19,26,72,252,696,1254,1712,1030,2,3,10,14,39,172,485,838,931,440,2,2,9,12,33,80,211,416,781,590
2021-02-07T03:48:16.773Z,4,5,19,26,72,252,697,1254,1712,1032,2,3,10,14,39,172,485,838,931,441,2,2,9,12,33,80,212,416,781,591
2021-02-07T07:57:08.960Z,4,5,19,26,72,252,700,1259,1722,1036,2,3,10,14,39,172,487,841,934,442,2,2,9,12,33,80,213,418,788,594
2021-02-07T18:09:40.503Z,4,5,19,26,72,252,700,1260,1721,1037,2,3,10,14,39,172,488,841,935,443,2,2,9,12,33,80,212,419,786,594
2021-02-07T19:32:15.430Z,4,5,19,26,72,252,702,1265,1728,1039,2,3,10,14,39,172,489,844,938,443,2,2,9,12,33,80,213,421,790,596
2021-02-08T04:02:11.827Z,4,5,19,27,72,253,703,1268,1729,1040,2,3,10,15,39,173,490,845,939,444,2,2,9,12,33,80,213,423,790,596
2021-02-08T08:06:55.437Z,4,5,19,28,72,253,704,1270,1731,1042,2,3,10,15,39,173,491,845,941,444,2,2,9,13,33,80,213,425,790,598
2021-02-08T16:18:44.307Z,4,5,19,29,72,254,707,1277,1749,1054,2,3,10,16,39,174,493,849,948,451,2,2,9,13,33,80,214,428,801,603
2021-02-09T07:17:15.457Z,4,5,20,29,73,257,710,1284,1752,1057,2,3,11,16,40,176,496,852,949,451,2,2,9,13,33,81,214,432,803,606
2021-02-09T16:37:31.400Z,4,5,20,29,73,258,711,1286,1754,1062,2,3,11,16,40,177,497,853,951,455,2,2,9,13,33,81,214,433,803,607
2021-02-09T19:30:02.767Z,4,5,20,29,73,258,712,1290,1757,1064,2,3,11,16,40,176,498,856,952,455,2,2,9,13,33,82,214,434,805,609
2021-02-10T06:56:49.800Z,4,5,21,29,73,259,713,1294,1764,1070,2,3,12,16,40,177,499,857,956,460,2,2,9,13,33,82,214,437,808,610
2021-02-10T16:21:14.940Z,4,5,21,30,74,260,713,1296,1768,1072,2,3,12,17,41,177,499,857,958,462,2,2,9,13,33,83,214,439,810,610
2021-02-10T20:23:21.013Z,4,5,21,30,74,261,714,1301,1772,1074,2,3,12,17,41,178,500,860,960,463,2,2,9,13,33,83,214,441,812,611
2021-02-11T06:22:53.990Z,4,5,21,30,74,261,714,1304,1773,1078,2,3,12,17,41,178,500,862,958,465,2,2,9,13,33,83,214,442,815,613
2021-02-11T07:43:32.680Z,4,5,21,30,74,261,714,1304,1776,1078,2,3,12,17,41,178,500,862,959,465,2,2,9,13,33,83,214,442,817,613
2021-02-11T16:13:16.903Z,4,5,21,30,74,261,715,1305,1778,1078,2,3,12,17,41,178,500,863,960,465,2,2,9,13,33,83,215,442,818,613
2021-02-11T20:17:35.403Z,4,5,21,30,74,261,717,1307,1782,1081,2,3,12,17,41,178,500,864,964,467,2,2,9,13,33,83,217,443,818,614
2021-02-12T06:14:19.377Z,4,5,21,30,74,261,722,1311,1783,1084,2,3,12,17,41,178,502,867,963,469,2,2,9,13,33,83,220,444,820,615
2021-02-12T13:11:45.160Z,4,5,21,30,74,263,722,1315,1782,1087,2,3,12,17,41,180,502,870,962,470,2,2,9,13,33,83,220,445,820,617
2021-02-13T14:52:09.090Z,4,5,21,30,74,264,728,1328,1795,1090,2,3,12,17,41,181,504,876,968,471,2,2,9,13,33,83,224,452,827,619
2021-02-13T18:56:28.940Z,4,6,21,30,74,265,730,1330,1799,1091,2,4,12,17,41,182,506,877,969,471,2,2,9,13,33,83,224,453,830,620
2021-02-14T07:09:42.080Z,4,4,22,31,73,267,731,1335,1808,1092,2,3,12,17,40,184,506,882,974,471,2,1,10,14,33,83,225,453,834,621
2021-02-14T15:54:14.063Z,4,4,22,32,73,269,733,1340,1808,1093,2,3,12,18,40,186,508,884,974,471,2,1,10,14,33,83,225,456,834,622
2021-02-14T20:02:50.060Z,4,4,22,32,73,271,736,1342,1810,1093,2,3,12,18,40,187,510,885,975,471,2,1,10,14,33,84,226,457,835,622
2021-02-15T07:19:51.583Z,4,4,22,32,73,272,736,1348,1815,1096,2,3,12,18,40,188,510,890,976,472,2,1,10,14,33,84,226,458,839,624
2021-02-15T15:23:55.810Z,4,4,22,33,74,272,736,1349,1814,1097,2,3,12,18,40,188,510,890,975,473,2,1,10,15,34,84,226,459,839,624
2021-02-15T19:24:52.900Z,4,4,22,33,74,273,738,1351,1816,1098,2,3,12,18,40,189,511,891,975,473,2,1,10,15,34,84,227,460,841,625
2021-02-16T06:43:30.430Z,4,4,22,33,74,273,739,1354,1819,1100,2,3,12,18,40,189,511,894,976,473,2,1,10,15,34,84,228,460,843,627
2021-02-16T16:03:49.337Z,4,4,22,33,74,274,743,1358,1821,1101,2,3,12,18,40,190,514,896,976,473,2,1,10,15,34,84,229,462,845,628
2021-02-16T20:03:32.033Z,4,4,22,33,74,274,745,1359,1824,1101,2,3,12,18,40,190,516,897,977,473,2,1,10,15,34,84,229,462,847,628
2021-02-17T09:46:45.287Z,4,4,22,34,75,275,748,1360,1833,1107,2,3,12,19,40,191,517,898,980,474,2,1,10,15,35,84,231,462,853,633
2021-02-17T15:15:41.093Z,4,4,23,34,75,275,748,1362,1838,1107,2,3,13,19,40,191,517,899,982,474,2,1,10,15,35,84,231,463,856,633
2021-02-17T19:18:09.470Z,4,4,23,34,75,275,749,1362,1838,1108,2,3,13,19,40,191,517,899,982,474,2,1,10,15,35,84,232,463,856,634
2021-02-18T08:12:11.743Z,4,4,23,34,75,275,752,1368,1841,1109,2,3,13,19,40,191,520,901,985,474,2,1,10,15,35,84,232,467,856,635
2021-02-18T16:59:19.573Z,4,4,23,34,75,275,755,1373,1847,1110,2,3,13,19,40,191,522,903,988,474,2,1,10,15,35,84,233,470,859,636
2021-02-18T19:42:32.353Z,4,4,23,34,75,275,758,1377,1848,1110,2,3,13,19,40,191,525,906,989,474,2,1,10,15,35,84,233,471,859,636
2021-02-19T06:49:22.297Z,4,4,23,34,75,276,759,1379,1857,1112,2,3,13,19,40,192,526,908,996,475,2,1,10,15,35,84,233,471,861,637
2021-02-19T13:33:49.817Z,4,4,23,34,75,276,761,1379,1857,1112,2,3,13,19,40,192,527,908,996,475,2,1,10,15,35,84,234,471,861,637
2021-02-21T19:48:18.680Z,4,4,24,36,79,280,770,1388,1877,1114,2,3,13,19,43,195,532,913,1010,475,2,1,11,17,36,85,238,475,867,639
2021-02-22T07:19:44.173Z,4,4,24,36,79,281,770,1393,1880,1114,2,3,13,19,43,196,532,915,1011,475,2,1,11,17,36,85,238,478,869,639
2021-02-22T15:39:30.907Z,4,4,24,36,79,282,770,1395,1882,1116,2,3,13,19,43,197,532,916,1013,476,2,1,11,17,36,85,238,479,869,640
2021-02-22T19:42:44.580Z,4,4,24,37,79,284,770,1395,1882,1116,2,3,13,20,43,198,532,916,1013,476,2,1,11,17,36,86,238,479,869,640
2021-02-23T20:08:32.790Z,5,4,25,38,81,288,780,1400,1890,1122,3,3,13,21,45,200,541,918,1013,477,2,1,12,17,36,88,239,482,877,645
2021-02-24T06:34:53.743Z,5,4,25,38,81,288,783,1408,1892,1123,3,3,13,21,45,200,543,922,1014,478,2,1,12,17,36,88,240,486,878,645
2021-02-24T10:07:23.113Z,5,4,25,38,81,290,784,1412,1896,1124,3,3,13,21,45,201,543,924,1016,478,2,1,12,17,36,89,241,488,880,646
2021-02-24T18:03:57.540Z,5,4,25,38,81,290,784,1412,1896,1124,3,3,13,21,45,201,543,924,1016,478,2,1,12,17,36,89,241,488,880,646
2021-02-24T19:25:32.953Z,5,4,25,38,81,290,784,1412,1896,1124,3,3,13,21,45,201,543,924,1016,478,2,1,12,17,36,89,241,488,880,646
2021-02-25T06:16:52.780Z,5,4,25,37,83,291,787,1417,1899,1124,3,3,13,21,46,202,545,927,1018,478,2,1,12,16,37,89,242,490,881,646
2021-02-25T15:55:48.430Z,5,4,25,37,84,291,788,1419,1904,1127,3,3,13,21,46,202,546,928,1020,479,2,1,12,16,38,89,242,491,884,648
2021-02-25T20:07:31.120Z,4,4,25,38,84,291,788,1420,1904,1128,2,3,13,22,46,202,546,929,1020,480,2,1,12,16,38,89,242,491,884,648
2021-02-26T07:04:53.997Z,4,4,26,38,84,292,788,1421,1907,1129,2,3,14,22,46,202,546,929,1021,481,2,1,12,16,38,90,242,492,886,648
2021-02-26T12:35:31.343Z,4,4,27,38,84,292,789,1421,1908,1129,2,3,15,22,46,202,546,929,1022,481,2,1,12,16,38,90,243,492,886,648
2021-02-27T16:24:35.060Z,4,4,27,39,87,294,794,1429,1919,1133,2,3,15,23,48,203,550,936,1028,481,2,1,12,16,39,91,244,493,891,652
2021-02-27T19:07:16.380Z,4,4,27,39,87,294,794,1430,1919,1133,2,3,15,23,48,203,550,936,1028,481,2,1,12,16,39,91,244,494,891,652
2021-02-28T06:18:09.987Z,4,4,27,39,87,296,795,1434,1921,1134,2,3,15,23,48,205,551,936,1028,484,2,1,12,16,39,91,244,498,893,650
2021-02-28T19:25:36.107Z,4,4,27,39,88,297,797,1440,1923,1134,2,3,15,23,49,205,553,942,1029,484,2,1,12,16,39,92,244,498,894,650
2021-03-01T07:25:10.480Z,4,4,27,39,88,297,797,1439,1929,1134,2,3,15,23,49,205,553,941,1032,484,2,1,12,16,39,92,244,498,897,650
2021-03-01T14:48:40.173Z,4,4,28,39,90,297,798,1442,1930,1134,2,3,16,23,50,205,553,943,1032,484,2,1,12,16,40,92,245,499,898,650
2021-03-02T06:46:14.970Z,4,4,28,40,91,299,799,1447,1933,1136,2,3,16,23,50,205,554,948,1032,486,2,1,12,17,41,94,245,499,901,650
2021-03-02T16:20:18.227Z,4,4,28,40,92,300,799,1448,1935,1136,2,3,16,23,51,205,554,948,1033,486,2,1,12,17,41,95,245,500,902,650
2021-03-02T19:25:16.133Z,4,4,28,40,92,301,800,1449,1935,1137,2,3,16,23,51,206,555,949,1033,486,2,1,12,17,41,95,245,500,902,651
2021-03-03T06:07:56.950Z,4,4,28,40,93,302,799,1453,1937,1137,2,3,16,23,51,206,554,952,1035,486,2,1,12,17,42,96,245,501,902,651
2021-03-03T14:36:55.967Z,4,4,28,40,93,302,799,1456,1939,1137,2,3,16,23,51,206,554,952,1036,486,2,1,12,17,42,96,245,504,903,651
2021-03-03T19:26:09.160Z,4,4,29,40,93,302,799,1456,1939,1137,2,3,17,23,51,206,554,952,1036,486,2,1,12,17,42,96,245,504,903,651
2021-03-04T07:40:39.870Z,4,4,30,40,93,303,801,1457,1944,1139,2,3,18,23,51,207,556,952,1040,486,2,1,12,17,42,96,245,505,904,653
2021-03-04T15:28:23.620Z,4,4,30,40,93,303,802,1459,1945,1141,2,3,18,23,51,207,557,953,1041,486,2,1,12,17,42,96,245,506,904,655
2021-03-04T19:58:37.350Z,4,4,30,40,93,303,802,1460,1945,1141,2,3,18,23,51,207,557,953,1041,486,2,1,12,17,42,96,245,507,904,655
2021-03-05T06:51:25.580Z,4,4,30,40,93,305,805,1461,1949,1141,2,3,18,23,51,208,559,953,1043,486,2,1,12,17,42,97,246,508,906,655
2021-03-05T12:27:39.400Z,4,4,30,40,93,305,806,1461,1950,1141,2,3,18,23,51,208,560,953,1044,486,2,1,12,17,42,97,246,508,906,655
2021-03-06T18:24:24.223Z,4,4,30,40,93,305,809,1468,1956,1147,2,3,18,23,51,208,562,958,1045,487,2,1,12,17,42,97,247,510,911,660
2021-03-07T06:08:39.360Z,4,4,30,40,93,304,815,1468,1955,1148,2,3,18,23,50,207,565,958,1045,487,2,1,12,17,43,97,250,510,910,661
2021-03-07T16:23:08.560Z,5,4,30,40,96,307,817,1474,1967,1149,2,3,18,23,52,209,567,962,1048,488,3,1,12,17,44,98,250,512,919,661
2021-03-07T19:45:34.990Z,5,4,30,40,97,307,817,1474,1968,1149,2,3,18,23,52,209,567,962,1048,488,3,1,12,17,45,98,250,512,920,661
2021-03-08T07:12:47.457Z,5,4,30,40,97,307,820,1478,1967,1151,2,3,18,23,53,209,568,966,1048,488,3,1,12,17,44,98,252,512,919,663
2021-03-08T16:16:41.137Z,5,4,30,40,98,307,821,1483,1974,1153,2,3,18,23,53,209,569,969,1051,489,3,1,12,17,45,98,252,514,923,664
2021-03-08T19:17:36.260Z,5,4,30,40,99,307,821,1483,1974,1154,2,3,18,23,53,209,569,969,1051,489,3,1,12,17,46,98,252,514,923,665
2021-03-09T06:30:57.253Z,5,4,30,40,98,307,823,1483,1976,1157,2,3,18,23,52,209,570,968,1052,490,3,1,12,17,46,98,253,515,924,667
2021-03-09T16:06:47.950Z,5,4,30,40,98,308,824,1485,1974,1158,2,3,18,23,52,210,570,968,1052,490,3,1,12,17,46,98,254,517,922,668
2021-03-09T20:42:14.300Z,5,4,30,40,98,309,824,1489,1975,1159,2,3,18,23,52,211,570,971,1052,491,3,1,12,17,46,98,254,518,923,668
2021-03-10T07:35:41.117Z,5,4,30,40,98,309,825,1491,1975,1159,2,3,18,23,52,211,570,972,1052,492,3,1,12,17,46,98,255,519,923,667
2021-03-10T15:14:03.370Z,5,4,30,40,98,311,826,1496,1978,1160,2,3,18,23,52,213,571,975,1053,493,3,1,12,17,46,98,255,521,925,667
2021-03-10T19:46:49.370Z,5,4,30,40,99,312,826,1496,1978,1160,2,3,18,23,52,213,571,975,1053,493,3,1,12,17,47,99,255,521,925,667
2021-03-11T06:27:02.077Z,5,4,30,40,100,312,827,1497,1977,1163,2,3,18,23,53,213,572,976,1053,493,3,1,12,17,47,99,255,521,924,670
2021-03-11T14:52:58.723Z,5,4,31,40,100,312,827,1503,1981,1164,2,3,19,23,53,212,572,978,1056,494,3,1,12,17,47,100,255,525,925,670
2021-03-11T18:54:44.693Z,5,4,31,40,100,312,827,1503,1981,1164,2,3,19,23,53,212,572,978,1056,494,3,1,12,17,47,100,255,525,925,670
2021-03-12T07:38:15.447Z,5,4,31,40,100,312,828,1506,1984,1165,2,3,19,23,53,212,572,980,1058,494,3,1,12,17,47,100,256,526,926,671
2021-03-12T13:52:09.540Z,5,4,31,40,100,312,828,1508,1986,1166,2,3,19,23,53,212,572,980,1058,495,3,1,12,17,47,100,256,528,928,671
2021-03-13T15:33:33.093Z,5,4,31,41,100,313,830,1507,1990,1167,2,3,19,23,53,213,574,979,1062,494,3,1,12,18,47,100,256,528,928,673
2021-03-13T19:42:29.803Z,5,4,31,41,100,313,830,1507,1990,1167,2,3,19,23,53,213,574,979,1062,494,3,1,12,18,47,100,256,528,928,673
2021-03-14T05:13:42.657Z,5,4,31,41,102,315,831,1509,1992,1167,2,3,19,23,55,214,574,980,1063,494,3,1,12,18,47,101,257,529,929,673
2021-03-14T14:49:37.930Z,5,4,31,41,102,315,834,1512,1995,1172,2,3,19,23,55,214,575,980,1066,498,3,1,12,18,47,101,259,532,929,674
2021-03-14T19:45:32.100Z,5,4,31,41,102,315,834,1512,1995,1172,2,3,19,23,55,214,575,980,1066,498,3,1,12,18,47,101,259,532,929,674
2021-03-15T06:59:24.693Z,5,4,31,41,102,317,837,1515,2000,1173,2,3,19,23,55,215,576,982,1068,499,3,1,12,18,47,102,261,533,932,674
2021-03-15T15:49:21.107Z,5,4,31,41,102,317,838,1516,2002,1173,2,3,19,23,55,215,576,983,1068,499,3,1,12,18,47,102,262,533,934,674
2021-03-15T20:17:59.313Z,5,4,31,41,102,317,838,1516,2003,1173,2,3,19,23,55,215,576,983,1069,499,3,1,12,18,47,102,262,533,934,674
2021-03-16T06:13:17.800Z,5,4,32,41,102,317,843,1517,2003,1173,2,3,19,23,55,215,581,984,1069,499,3,1,13,18,47,102,262,533,934,674
2021-03-16T16:22:05.063Z,5,4,32,42,102,319,843,1518,2004,1178,2,3,19,24,55,216,581,985,1069,503,3,1,13,18,47,103,262,533,935,675
2021-03-16T20:39:05.533Z,5,4,32,42,102,319,843,1518,2005,1178,2,3,19,24,55,216,581,985,1069,503,3,1,13,18,47,103,262,533,936,675
2021-03-17T06:49:59.470Z,5,4,31,44,102,319,843,1519,2006,1178,2,3,18,26,55,216,581,985,1069,503,3,1,13,18,47,103,262,534,937,675
2021-03-17T13:22:53.840Z,5,4,31,44,103,319,844,1521,2006,1178,2,3,18,26,56,216,582,987,1069,503,3,1,13,18,47,103,262,534,937,675
2021-03-17T19:09:09.100Z,5,4,31,44,103,319,846,1521,2006,1178,2,3,18,26,56,216,583,987,1069,503,3,1,13,18,47,103,263,534,937,675
2021-03-18T06:20:10.013Z,5,4,31,44,104,320,847,1523,2006,1178,2,3,18,26,57,217,584,987,1069,503,3,1,13,18,47,103,263,536,937,675
2021-03-18T15:34:04.643Z,5,4,31,44,105,321,848,1525,2007,1179,2,3,18,26,58,218,585,988,1069,504,3,1,13,18,47,103,263,537,938,675
2021-03-18T19:50:37.700Z,5,4,31,44,105,321,848,1525,2007,1179,2,3,18,26,58,218,585,988,1069,504,3,1,13,18,47,103,263,537,938,675
2021-03-19T05:24:51.643Z,5,4,31,44,105,321,848,1523,2010,1180,2,3,18,26,58,218,585,987,1071,505,3,1,13,18,47,103,263,536,939,675
2021-03-19T13:42:53.387Z,5,4,31,44,105,321,848,1524,2011,1180,2,3,18,26,58,218,585,988,1071,505,3,1,13,18,47,103,263,536,940,675
2021-03-20T16:11:20.910Z,5,4,31,44,105,322,849,1526,2015,1181,2,3,18,26,58,219,585,988,1075,506,3,1,13,18,47,103,264,538,940,675
2021-03-20T18:12:54.523Z,5,4,31,44,105,322,849,1526,2015,1181,2,3,18,26,58,219,585,988,1075,506,3,1,13,18,47,103,264,538,940,675
2021-03-21T05:22:42.567Z,5,4,31,44,105,321,852,1527,2015,1181,2,3,18,26,58,219,586,989,1075,506,3,1,13,18,47,102,266,538,940,675
2021-03-21T12:31:44.520Z,5,4,31,44,105,321,852,1528,2016,1181,2,3,18,26,58,219,586,989,1076,506,3,1,13,18,47,102,266,539,940,675
2021-03-21T19:21:03.850Z,5,4,31,44,105,321,854,1530,2017,1181,2,3,18,26,58,219,588,990,1077,506,3,1,13,18,47,102,266,540,940,675
2021-03-22T05:32:53.070Z,5,4,31,44,105,321,855,1533,2019,1182,2,3,18,26,58,219,590,990,1078,507,3,1,13,18,47,102,265,543,941,675
2021-03-22T14:57:42.400Z,5,4,32,45,105,321,857,1535,2023,1182,2,3,19,26,58,219,591,992,1079,507,3,1,13,19,47,102,266,543,944,675
2021-03-22T19:33:23.617Z,5,4,32,45,105,321,857,1535,2023,1182,2,3,19,26,58,219,591,992,1079,507,3,1,13,19,47,102,266,543,944,675
2021-03-23T06:28:23.317Z,6,4,32,45,105,321,858,1538,2025,1183,2,3,19,26,58,219,591,994,1080,508,4,1,13,19,47,102,267,544,945,675
2021-03-23T20:20:30.823Z,6,4,32,45,105,322,859,1540,2025,1184,2,3,19,26,58,220,592,995,1080,509,4,1,13,19,47,102,267,545,945,675
2021-03-24T07:22:03.243Z,6,4,32,45,106,322,858,1545,2028,1185,2,3,19,26,58,220,593,996,1082,509,4,1,13,19,48,102,265,549,946,676
2021-03-24T15:57:13.500Z,6,5,33,46,106,325,859,1547,2035,1192,2,4,20,27,58,221,594,997,1084,511,4,1,13,19,48,104,265,550,951,681
2021-03-24T19:47:56.150Z,6,5,33,46,106,325,859,1547,2035,1192,2,4,20,27,58,221,594,997,1084,511,4,1,13,19,48,104,265,550,951,681
2021-03-25T06:54:09.707Z,6,5,33,46,106,325,860,1548,2036,1192,2,4,20,27,58,221,595,997,1085,511,4,1,13,19,48,104,265,551,951,681
2021-03-25T15:03:20.560Z,6,5,33,46,108,326,863,1548,2036,1192,2,4,20,27,58,222,596,997,1085,511,4,1,13,19,50,104,267,551,951,681
2021-03-25T19:05:36.033Z,6,5,33,46,108,326,863,1548,2036,1192,2,4,20,27,58,222,596,997,1085,511,4,1,13,19,50,104,267,551,951,681
2021-03-26T06:17:10.000Z,6,5,33,46,108,326,864,1548,2036,1192,2,4,20,27,58,221,597,997,1085,511,4,1,13,19,50,105,267,551,951,681
2021-03-26T11:22:54.570Z,6,5,33,46,108,327,864,1548,2036,1192,2,4,20,27,58,221,597,997,1085,511,4,1,13,19,50,106,267,551,951,681
2021-03-28T06:14:10.330Z,6,5,33,46,108,327,870,1551,2041,1193,2,4,20,27,58,220,601,997,1088,512,4,1,13,19,50,107,269,554,953,681
2021-03-28T14:25:42.860Z,6,5,33,46,108,327,871,1552,2042,1195,2,4,20,27,58,220,602,998,1088,514,4,1,13,19,50,107,269,554,954,681
2021-03-28T18:26:52.117Z,6,5,33,46,108,327,871,1552,2042,1195,2,4,20,27,58,220,602,998,1088,514,4,1,13,19,50,107,269,554,954,681
2021-03-29T05:35:38.870Z,6,5,33,46,108,327,874,1558,2041,1193,2,4,20,27,58,220,603,1001,1088,514,4,1,13,19,50,107,271,557,953,679
2021-03-29T14:17:08.287Z,6,5,33,46,108,327,874,1561,2042,1194,2,4,20,27,58,220,603,1004,1088,515,4,1,13,19,50,107,271,557,954,679
2021-03-29T18:08:49.533Z,6,5,31,46,107,325,874,1561,2043,1194,2,4,18,27,57,218,603,1004,1089,515,4,1,13,19,50,107,271,557,954,679
2021-03-30T04:29:22.700Z,6,5,31,46,107,324,874,1558,2043,1194,2,4,18,27,57,217,603,1001,1089,514,4,1,13,19,50,107,271,557,954,680
2021-03-30T14:55:12.770Z,6,5,31,46,107,324,874,1558,2044,1194,2,4,18,27,57,217,603,1001,1090,515,4,1,13,19,50,107,271,557,954,679
2021-03-30T18:50:39.677Z,6,5,31,47,107,325,875,1558,2045,1194,2,4,18,28,57,218,604,1001,1090,515,4,1,13,19,50,107,271,557,955,679
2021-03-31T06:52:24.037Z,6,5,31,47,107,325,871,1566,2022,1221,2,4,18,28,57,218,601,1005,1083,524,4,1,13,19,50,107,270,561,939,697
