Date,אל מקאסד: תפוסה כללית,אל מקאסד: תפוסת קורונה,אל מקאסד :צוות בבידוד,אלישע: תפוסה כללית,אלישע: תפוסת קורונה,אלישע :צוות בבידוד,אסותא אשדוד ביח: תפוסה כללית,אסותא אשדוד ביח: תפוסת קורונה,אסותא אשדוד ביח :צוות בבידוד,אסותא באר שבע: תפוסה כללית,אסותא באר שבע: תפוסת קורונה,אסותא באר שבע :צוות בבידוד,אסותא חיפה: תפוסה כללית,אסותא חיפה: תפוסת קורונה,אסותא חיפה :צוות בבידוד,אסותא ראשון לציון: תפוסה כללית,אסותא ראשון לציון: תפוסת קורונה,אסותא ראשון לציון :צוות בבידוד,אסותא רמת החייל: תפוסה כללית,אסותא רמת החייל: תפוסת קורונה,אסותא רמת החייל :צוות בבידוד,בני ציון: תפוסה כללית,בני ציון: תפוסת קורונה,בני ציון :צוות בבידוד,ברזילי: תפוסה כללית,ברזילי: תפוסת קורונה,ברזילי :צוות בבידוד,הדסה עין כרם: תפוסה כללית,הדסה עין כרם: תפוסת קורונה,הדסה עין כרם :צוות בבידוד,הכרמל: תפוסה כללית,הכרמל: תפוסת קורונה,הכרמל :צוות בבידוד,הלל יפה: תפוסה כללית,הלל יפה: תפוסת קורונה,הלל יפה :צוות בבידוד,המרכזי בעמק: תפוסה כללית,המרכזי בעמק: תפוסת קורונה,המרכזי בעמק :צוות בבידוד,המשפחה הקדושה: תפוסה כללית,המשפחה הקדושה: תפוסת קורונה,המשפחה הקדושה :צוות בבידוד,הסהר האדום: תפוסה כללית,הסהר האדום: תפוסת קורונה,הסהר האדום :צוות בבידוד,הסקוטי: תפוסה כללית,הסקוטי: תפוסת קורונה,הסקוטי :צוות בבידוד,הצרפתי: תפוסה כללית,הצרפתי: תפוסת קורונה,הצרפתי :צוות בבידוד,הר הצופים: תפוסה כללית,הר הצופים: תפוסת קורונה,הר הצופים :צוות בבידוד,השרון ק. גולדה: תפוסה כללית,השרון ק. גולדה: תפוסת קורונה,השרון ק. גולדה :צוות בבידוד,וולפסון: תפוסה כללית,וולפסון: תפוסת קורונה,וולפסון :צוות בבידוד,זיו צפת: תפוסה כללית,זיו צפת: תפוסת קורונה,זיו צפת :צוות בבידוד,יוספטל: תפוסה כללית,יוספטל: תפוסת קורונה,יוספטל :צוות בבידוד,לניאדו: תפוסה כללית,לניאדו: תפוסת קורונה,לניאדו :צוות בבידוד,מאיר: תפוסה כללית,מאיר: תפוסת קורונה,מאיר :צוות בבידוד,מעייני הישועה: תפוסה כללית,מעייני הישועה: תפוסת קורונה,מעייני הישועה :צוות בבידוד,נהריה: תפוסה כללית,נהריה: תפוסת קורונה,נהריה :צוות בבידוד,סוראסקי: תפוסה כללית,סוראסקי: תפוסת קורונה,סוראסקי :צוות בבידוד,סורוקה: תפוסה כללית,סורוקה: תפוסת קורונה,סורוקה :צוות בבידוד,פוריה: תפוסה כללית,פוריה: תפוסת קורונה,פוריה :צוות בבידוד,קפלן: תפוסה כללית,קפלן: תפוסת קורונה,קפלן :צוות בבידוד,רבין ק. בילינסון: תפוסה כללית,רבין ק. בילינסון: תפוסת קורונה,רבין ק. בילינסון :צוות בבידוד,רמבם: תפוסה כללית,רמבם: תפוסת קורונה,רמבם :צוות בבידוד,שיבא: תפוסה כללית,שיבא: תפוסת קורונה,שיבא :צוות בבידוד,שמיר (אסף הרופא): תפוסה כללית,שמיר (אסף הרופא): תפוסת קורונה,שמיר (אסף הרופא) :צוות בבידוד,שניידר: תפוסה כללית,שניידר: תפוסת קורונה,שניידר :צוות בבידוד,שערי צדק: תפוסה כללית,שערי צדק: תפוסת קורונה,שערי צדק :צוות בבידוד,סנט גוזף: תפוסה כללית,סנט גוזף: תפוסת קורונה,סנט גוזף :צוות בבידוד,מ.גריאטרי פרדס חנה: תפוסה כללית,מ.גריאטרי פרדס חנה: תפוסת קורונה,מ.גריאטרי פרדס חנה :צוות בבידוד,מרג דורות נתניה: תפוסה כללית,מרג דורות נתניה: תפוסת קורונה,מרג דורות נתניה :צוות בבידוד,נאות התיכון: תפוסה כללית,נאות התיכון: תפוסת קורונה,נאות התיכון :צוות בבידוד,עמל בשרון - רעננה: תפוסה כללית,עמל בשרון - רעננה: תפוסת קורונה,עמל בשרון - רעננה :צוות בבידוד,אסותא אשדוד: תפוסה כללית,אסותא אשדוד: תפוסת קורונה,אסותא אשדוד :צוות בבידוד,איכילוב: תפוסה כללית,איכילוב: תפוסת קורונה,איכילוב :צוות בבידוד,אסותא-אשדוד: תפוסה כללית,אסותא-אשדוד: תפוסת קורונה,אסותא-אשדוד :צוות בבידוד,בילינסון: תפוסה כללית,בילינסון: תפוסת קורונה,בילינסון :צוות בבידוד,העמק: תפוסה כללית,העמק: תפוסת קורונה,העמק :צוות בבידוד,השרון: תפוסה כללית,השרון: תפוסת קורונה,השרון :צוות בבידוד,זיו: תפוסה כללית,זיו: תפוסת קורונה,זיו :צוות בבידוד,כרמל: תפוסה כללית,כרמל: תפוסת קורונה,כרמל :צוות בבידוד,עין כרם: תפוסה כללית,עין כרם: תפוסת קורונה,עין כרם :צוות בבידוד,שמיר: תפוסה כללית,שמיר: תפוסת קורונה,שמיר :צוות בבידוד
2020-06-19T14:30:14.543Z,None,0.00,0,None,0.00,0,None,0.00,0,None,0.00,2,None,0.00,1,None,0.00,0,None,0.00,1,70.67,1.72,6,65.95,3.45,8,100.94,8.96,22,70.96,0.00,5,74.17,0.00,24,75.00,20.00,1,151.67,0.00,0,None,0.00,0,116.80,0.00,6,66.42,0.00,0,89.24,0.00,1,45.23,0.52,6,65.30,12.50,6,71.47,1.67,5,47.69,0.00,0,1.39,10.91,10,69.28,16.67,5,None,20.00,6,88.66,0.00,8,98.63,9.50,60,68.11,4.12,42,67.04,0.00,1,85.74,0.59,21,86.83,0.00,41,85.36,16.67,25,95.25,14.00,6,59.93,19.48,6,70.46,0.00,8,93.86,10.59,5,,,,,,,,,,,,,,,,,,,,,,,,,,,,,,,,,,,,,,,,,,,,,
2020-06-20T19:20:17.163Z,None,0.00,0,None,0.00,0,None,0.00,0,None,0.00,2,None,0.00,1,None,0.00,0,None,0.00,1,60.51,1.72,29,60.63,3.45,8,90.55,13.43,22,65.24,0.00,5,68.16,0.00,28,75.86,23.33,1,147.50,0.00,3,None,0.00,0,125.60,0.00,6,66.42,0.00,0,72.22,0.00,3,37.76,0.52,6,64.28,17.31,6,61.10,1.67,5,32.31,0.00,0,1.39,10.91,15,69.54,21.21,5,None,17.14,6,83.96,0.00,8,87.96,11.00,58,63.68,3.53,42,62.25,0.00,1,97.11,1.76,21,88.98,0.00,41,81.24,18.18,35,91.96,15.00,11,54.99,23.38,6,80.17,0.00,6,85.75,11.18,4,,,,,,,,,,,,,,,,,,,,,,,,,,,,,,,,,,,,,,,,,,,,,
2020-06-21T07:20:11.780Z,None,0.00,0,None,0.00,0,None,0.00,0,None,0.00,2,None,0.00,1,None,0.00,0,None,0.00,1,73.44,1.72,29,70.27,3.45,8,103.51,17.91,22,70.96,0.00,5,76.31,0.00,28,86.90,23.33,1,146.67,0.00,3,None,0.00,0,106.40,0.00,6,58.96,0.00,0,79.86,0.00,3,45.23,0.52,6,71.01,18.27,6,76.08,1.67,5,33.85,0.00,0,1.11,10.91,15,77.38,21.21,5,None,17.14,6,87.83,0.00,8,102.05,11.00,58,70.46,4.71,42,62.25,0.00,1,105.42,2.35,21,100.96,0.00,41,88.97,24.24,35,96.08,16.00,11,62.85,24.68,6,91.14,0.00,6,93.12,11.18,4,,,,,,,,,,,,,,,,,,,,,,,,,,,,,,,,,,,,,,,,,,,,,
2020-06-21T14:50:12.100Z,None,0.00,0,None,0.00,0,None,0.00,0,None,0.00,2,None,0.00,1,None,0.00,0,None,0.00,1,73.44,1.72,29,70.27,3.45,8,103.51,17.16,22,70.96,0.00,5,76.31,0.00,28,86.90,23.33,1,146.67,0.00,3,None,0.00,0,106.40,0.00,6,58.96,0.00,0,79.86,0.00,3,45.23,0.52,6,71.01,21.15,6,76.08,1.67,5,33.85,0.00,0,1.11,9.09,15,77.38,22.73,5,None,17.14,6,87.83,0.00,8,102.05,11.50,58,70.46,4.12,42,62.25,0.00,1,105.42,2.35,21,100.96,0.00,41,88.97,21.21,35,96.08,15.50,11,62.85,25.97,6,91.14,0.00,6,93.12,10.59,4,,,,,,,,,,,,,,,,,,,,,,,,,,,,,,,,,,,,,,,,,,,,,
2020-06-21T16:10:14.103Z,None,0.00,0,None,0.00,0,None,0.00,0,None,0.00,2,None,0.00,1,None,0.00,0,None,0.00,1,73.44,1.72,29,70.27,3.45,8,103.51,17.16,22,70.96,0.00,5,76.31,0.00,28,86.90,23.33,1,146.67,0.00,3,None,0.00,0,106.40,0.00,6,58.96,0.00,0,79.86,0.00,3,45.23,0.52,6,71.01,21.15,6,76.08,1.67,5,33.85,0.00,0,1.11,9.09,15,77.38,22.73,5,None,17.14,6,87.83,0.00,8,102.05,11.50,58,70.46,4.12,42,62.25,0.00,1,105.42,2.35,21,100.96,0.00,41,88.97,21.21,35,96.08,15.50,11,62.85,25.97,6,91.14,0.00,6,93.12,10.59,4,,,,,,,,,,,,,,,,,,,,,,,,,,,,,,,,,,,,,,,,,,,,,
2020-06-21T18:40:11.823Z,None,0.00,0,None,0.00,0,None,0.00,0,None,0.00,2,None,0.00,1,None,0.00,0,None,0.00,1,73.44,1.72,26,70.27,3.45,8,103.51,17.16,15,70.96,0.00,4,76.31,0.00,31,86.90,23.33,2,146.67,0.00,3,None,0.00,0,106.40,0.00,6,58.96,0.00,0,79.86,0.00,4,45.23,0.52,6,71.01,21.15,5,76.08,1.67,7,33.85,0.00,0,1.11,9.09,14,77.38,22.73,16,None,17.14,2,87.83,0.00,22,102.05,11.50,56,70.46,4.12,40,62.25,0.00,4,105.42,2.35,21,100.96,0.00,40,88.97,21.21,50,96.08,15.50,9,62.85,25.97,4,91.14,0.00,5,93.12,10.59,6,,,,,,,,,,,,,,,,,,,,,,,,,,,,,,,,,,,,,,,,,,,,,
2020-06-22T07:30:45.727Z,None,0.00,0,None,0.00,0,None,0.00,0,None,0.00,2,None,0.00,1,None,0.00,0,None,0.00,1,80.60,1.72,26,74.92,2.30,8,113.23,17.16,15,74.23,0.00,4,80.58,1.67,31,78.79,16.67,2,163.33,0.00,3,None,0.00,0,127.20,0.00,6,58.96,0.00,0,75.00,0.00,4,54.77,0.52,6,73.21,17.31,5,81.84,1.67,7,44.62,0.00,0,1.67,9.09,14,74.29,19.70,16,None,18.57,2,86.86,0.00,22,107.34,13.50,56,74.80,4.12,40,75.21,0.00,4,86.10,2.35,21,110.18,0.00,40,89.38,21.21,50,98.29,17.00,9,66.89,23.38,4,77.22,0.00,5,96.19,10.59,6,,,,,,,,,,,,,,,,,,,,,,,,,,,,,,,,,,,,,,,,,,,,,
2020-06-22T16:00:13.613Z,None,0.00,0,None,0.00,0,None,0.00,0,None,0.00,1,None,0.00,1,None,0.00,0,None,0.00,1,80.60,1.72,24,74.92,1.15,19,113.23,15.67,13,74.23,0.00,4,80.58,1.67,33,78.79,16.67,1,163.33,0.00,3,None,0.00,0,127.20,0.00,3,58.96,0.00,0,75.00,0.00,5,54.77,1.05,5,73.21,19.23,9,81.84,1.67,8,44.62,0.00,0,1.67,7.27,16,74.29,21.21,13,None,18.57,2,86.86,0.00,25,107.34,12.50,64,74.80,3.53,47,75.21,0.00,6,86.10,2.35,14,110.18,0.00,42,89.38,19.70,51,98.29,17.50,16,66.89,20.78,4,77.22,0.00,6,96.19,10.59,8,,,,,,,,,,,,,,,,,,,,,,,,,,,,,,,,,,,,,,,,,,,,,
2020-06-22T19:30:15.553Z,None,0.00,0,None,0.00,0,None,0.00,0,None,0.00,1,None,0.00,1,None,0.00,0,None,0.00,1,80.60,1.72,24,74.92,1.15,19,113.23,15.67,13,74.23,0.00,4,80.58,0.00,33,78.79,16.67,1,163.33,0.00,3,None,0.00,0,127.20,0.00,3,58.96,0.00,0,75.00,0.00,5,54.77,1.05,5,73.21,19.23,9,81.84,1.67,8,44.62,0.00,0,1.67,7.27,16,74.29,21.21,13,None,18.57,2,86.86,0.00,25,107.34,12.50,64,74.80,3.53,47,75.21,0.00,6,86.10,1.18,14,110.18,0.00,42,89.38,19.70,51,98.29,17.50,16,66.89,20.78,4,77.22,0.00,6,96.19,10.59,8,,,,,,,,,,,,,,,,,,,,,,,,,,,,,,,,,,,,,,,,,,,,,
2020-06-23T07:50:51.133Z,None,0.00,0,None,0.00,0,None,0.00,0,None,0.00,1,None,0.00,1,None,0.00,0,None,0.00,1,78.98,1.72,24,68.11,0.00,19,116.73,18.66,13,73.42,0.00,4,78.06,0.00,33,73.10,16.67,1,153.33,0.00,3,None,0.00,0,129.60,0.00,3,69.40,0.00,0,89.24,0.00,5,57.26,0.52,5,71.74,17.31,9,89.91,1.67,8,49.23,0.00,0,1.39,7.27,16,71.85,21.21,13,None,12.86,2,86.45,0.00,25,103.84,10.50,64,74.98,4.12,47,73.80,0.00,6,94.04,1.18,14,103.95,0.00,42,90.62,19.70,51,99.11,18.00,16,66.22,20.78,4,81.86,0.00,6,99.14,11.76,8,,,,,,,,,,,,,,,,,,,,,,,,,,,,,,,,,,,,,,,,,,,,,
2020-06-23T16:18:59.960Z,None,0.00,0,None,0.00,0,None,0.00,0,None,0.00,3,None,0.00,2,None,0.00,0,None,0.00,1,78.98,1.72,19,68.11,0.00,19,116.73,16.42,20,73.42,0.00,6,78.06,0.00,34,73.10,16.67,1,153.33,0.00,3,None,0.00,0,129.60,0.00,3,69.40,0.00,0,89.24,0.00,6,57.26,0.52,5,71.74,17.31,10,89.91,1.67,8,49.23,0.00,0,1.39,5.45,18,71.85,21.21,14,None,14.29,3,86.45,0.00,25,103.84,11.50,95,74.98,3.53,42,73.80,0.00,5,94.04,2.35,30,103.95,0.00,45,90.62,21.21,59,99.11,16.50,22,66.22,20.78,6,81.86,0.00,4,99.14,10.00,11,,,,,,,,,,,,,,,,,,,,,,,,,,,,,,,,,,,,,,,,,,,,,
2020-06-23T19:40:54.200Z,None,0.00,0,None,0.00,0,None,0.00,0,None,0.00,3,None,0.00,2,None,0.00,0,None,0.00,1,78.98,1.72,19,68.11,0.00,19,116.73,16.42,20,73.42,0.00,6,78.06,0.00,34,73.10,16.67,1,153.33,0.00,3,None,0.00,0,129.60,0.00,3,69.40,0.00,0,89.24,0.00,6,57.26,0.52,5,71.74,17.31,10,89.91,1.67,8,49.23,0.00,0,1.39,5.45,18,71.85,21.21,14,None,14.29,3,86.45,0.00,25,103.84,11.50,95,74.98,3.53,42,73.80,0.00,5,94.04,2.35,30,103.95,0.00,45,90.62,21.21,59,99.11,16.50,22,66.22,20.78,6,81.86,0.00,4,99.14,10.00,11,,,,,,,,,,,,,,,,,,,,,,,,,,,,,,,,,,,,,,,,,,,,,
2020-06-24T07:50:02.310Z,None,0.00,0,None,0.00,0,None,0.00,0,None,0.00,3,None,0.00,2,None,0.00,0,None,0.00,1,81.29,1.72,19,63.79,0.00,19,114.17,18.66,20,77.10,0.00,6,76.50,0.00,34,73.97,16.67,1,162.50,0.00,3,None,0.00,0,119.20,0.00,3,68.66,0.00,0,88.89,0.00,6,59.75,0.52,5,69.40,14.42,10,84.73,1.67,8,49.23,0.00,0,0.56,5.45,18,73.91,21.21,14,None,18.57,3,83.68,0.00,25,102.99,10.00,95,70.89,2.94,42,69.86,0.00,5,89.53,2.35,30,103.11,0.00,45,93.51,22.73,59,99.37,16.00,22,68.01,22.08,6,85.65,0.00,4,97.42,9.41,11,,,,,,,,,,,,,,,,,,,,,,,,,,,,,,,,,,,,,,,,,,,,,
2020-06-24T16:00:16.093Z,None,0.00,0,None,0.00,0,None,0.00,0,None,0.00,3,None,0.00,3,None,0.00,0,None,0.00,3,81.29,1.72,16,63.79,0.00,14,114.17,20.15,19,77.10,0.00,6,76.50,0.00,38,73.97,6.67,4,162.50,0.00,3,None,0.00,0,119.20,0.00,2,68.66,0.00,0,88.89,0.00,6,59.75,0.52,7,69.40,15.38,10,84.73,1.67,8,49.23,0.00,0,0.56,7.27,18,73.91,21.21,15,None,17.14,2,83.68,0.00,29,102.99,10.00,124,70.89,2.35,42,69.86,0.00,5,89.53,2.94,30,103.11,0.00,58,93.51,19.70,60,99.37,16.00,17,68.01,22.08,8,85.65,0.00,9,97.42,10.59,13,,,,,,,,,,,,,,,,,,,,,,,,,,,,,,,,,,,,,,,,,,,,,
2020-06-24T20:46:10.367Z,None,0.00,0,None,0.00,0,None,0.00,0,None,0.00,3,None,0.00,3,None,0.00,0,None,0.00,3,81.29,1.72,16,63.79,0.00,14,114.17,20.15,19,77.10,0.00,6,76.50,0.00,38,73.97,6.67,4,162.50,0.00,3,None,0.00,0,119.20,0.00,2,68.66,0.00,0,88.89,0.00,6,59.75,0.52,7,69.40,15.38,10,84.73,1.67,8,49.23,0.00,0,0.56,7.27,18,73.91,21.21,15,None,17.14,2,83.68,0.00,29,102.99,10.00,124,70.89,2.35,42,69.86,0.00,5,89.53,2.94,30,103.11,0.00,58,93.51,19.70,60,99.37,16.00,17,68.01,22.08,8,85.65,0.00,9,97.42,10.59,13,,,,,,,,,,,,,,,,,,,,,,,,,,,,,,,,,,,,,,,,,,,,,
2020-06-25T07:29:41.503Z,None,0.00,0,None,0.00,0,None,0.00,0,None,0.00,3,None,0.00,3,None,0.00,0,None,0.00,3,78.98,1.72,16,63.46,0.00,14,116.73,20.15,19,72.60,0.00,6,74.37,1.67,38,71.90,6.67,4,162.50,0.00,3,None,0.00,0,116.00,0.00,2,63.43,0.00,0,86.81,0.00,6,46.06,0.52,7,66.18,13.46,10,76.08,1.67,8,60.00,0.00,0,0.56,7.27,18,76.74,21.21,15,None,17.14,2,86.31,0.00,29,103.07,8.50,124,70.11,2.35,42,72.68,0.00,5,88.27,2.94,30,102.16,0.00,58,95.57,18.18,60,96.90,17.50,17,69.14,23.38,8,76.37,0.00,9,92.51,10.59,13,,,,,,,,,,,,,,,,,,,,,,,,,,,,,,,,,,,,,,,,,,,,,
2020-06-25T15:53:21.880Z,None,0.00,0,None,0.00,0,None,0.00,0,None,0.00,3,None,0.00,6,None,0.00,0,None,0.00,6,78.98,1.72,16,63.46,1.15,13,116.73,16.42,21,72.60,0.00,8,74.37,3.33,32,71.90,6.67,6,162.50,0.00,3,None,0.00,0,116.00,0.00,2,63.43,0.00,1,86.81,0.00,5,46.06,0.52,9,66.18,14.42,11,76.08,1.67,9,60.00,0.00,0,0.56,7.27,16,76.74,22.73,19,None,17.14,3,86.31,0.00,33,103.07,9.50,114,70.11,2.94,42,72.68,0.00,7,88.27,2.94,25,102.16,0.00,44,95.57,19.70,73,96.90,16.00,37,69.14,22.08,18,76.37,0.00,11,92.51,9.41,21,,,,,,,,,,,,,,,,,,,,,,,,,,,,,,,,,,,,,,,,,,,,,
2020-06-26T09:49:23.427Z,None,0.00,0,None,0.00,0,None,0.00,0,None,0.00,3,None,0.00,6,None,0.00,0,None,0.00,6,69.98,1.72,16,60.13,2.30,13,106.61,18.66,21,66.26,0.00,8,77.28,5.00,32,66.72,6.67,6,161.67,0.00,3,None,0.00,0,116.00,0.00,2,64.93,0.00,1,79.86,0.00,5,43.57,0.52,9,60.03,15.38,11,72.05,1.67,9,50.77,0.00,0,1.11,7.27,16,74.68,22.73,19,None,17.14,3,81.60,0.00,33,96.16,8.50,114,68.38,4.12,42,69.01,0.00,7,83.03,2.94,25,87.90,0.00,44,85.57,18.18,73,92.22,16.50,37,62.07,22.08,18,73.42,0.00,11,88.45,9.41,21,,,,,,,,,,,,,,,,,,,,,,,,,,,,,,,,,,,,,,,,,,,,,
2020-06-26T15:02:02.763Z,None,0.00,0,None,0.00,0,None,0.00,0,None,0.00,3,None,0.00,6,None,0.00,0,None,0.00,1,69.98,1.72,11,60.13,2.30,16,106.61,17.91,22,66.26,0.00,9,77.28,5.00,26,66.72,6.67,5,161.67,0.00,3,None,0.00,0,116.00,0.00,2,64.93,0.00,1,79.86,0.00,5,43.57,0.52,9,60.03,15.38,12,72.05,1.67,9,50.77,0.00,0,1.11,5.45,19,74.68,21.21,18,None,18.57,3,81.60,0.00,32,96.16,8.00,106,68.38,5.29,42,69.01,0.00,8,83.03,1.18,17,87.90,0.00,42,85.57,18.18,73,92.22,16.50,49,62.07,22.08,18,73.42,0.00,11,88.45,10.00,25,,,,,,,,,,,,,,,,,,,,,,,,,,,,,,,,,,,,,,,,,,,,,
2020-06-27T18:27:07.357Z,None,0.00,0,None,0.00,0,None,3.39,0,None,0.00,3,None,0.00,6,None,0.00,0,None,0.00,1,59.12,1.72,11,53.32,3.45,14,95.95,17.91,20,61.76,0.00,9,67.77,6.67,28,64.66,6.67,4,259.17,0.00,3,None,0.00,0,561.60,0.00,2,287.31,0.00,1,170.14,0.00,5,38.17,0.52,9,57.69,14.42,10,67.15,1.67,9,50.77,0.00,0,155.43,5.45,20,74.94,21.21,19,None,21.43,3,77.18,0.00,32,84.71,10.00,108,65.42,7.65,42,64.23,0.00,8,92.06,1.18,20,84.79,0.00,42,79.48,19.70,68,88.42,17.50,73,56.23,32.47,17,78.90,0.00,8,82.56,9.41,20,,,,,,,,,,,,,,,,,,,,,,,,,,,,,,,,,,,,,,,,,,,,,
2020-06-28T07:18:11.300Z,None,0.00,0,None,0.00,0,None,3.39,0,None,0.00,3,None,0.00,6,None,0.00,0,None,0.00,1,71.82,1.72,11,59.63,4.60,14,104.72,17.16,20,66.67,0.00,9,76.50,10.00,28,77.59,6.67,4,155.00,0.00,3,None,0.00,0,98.40,0.00,2,308.96,0.00,1,76.74,0.00,5,47.30,0.52,9,66.03,13.46,10,76.66,1.67,9,49.23,0.00,0,1.39,5.45,20,84.06,19.70,19,None,22.86,3,85.75,0.00,32,97.61,10.50,108,71.94,7.65,42,67.61,0.00,8,102.89,1.76,20,92.34,0.00,42,85.98,21.21,68,93.35,18.00,73,63.97,33.77,17,88.61,0.00,8,93.12,9.41,20,,,,,,,,,,,,,,,,,,,,,,,,,,,,,,,,,,,,,,,,,,,,,
2020-06-28T14:41:32.290Z,None,0.00,0,None,0.00,0,None,10.17,0,None,0.00,3,None,0.00,6,None,0.00,1,None,0.00,0,71.82,1.72,11,59.63,4.60,13,104.72,15.67,42,66.67,0.00,9,76.50,10.00,27,77.59,6.67,3,155.00,0.00,3,None,0.00,0,98.40,0.00,2,308.96,0.00,1,76.74,0.00,7,47.30,0.52,11,66.03,12.50,9,76.66,1.67,11,49.23,0.00,0,1.39,7.27,26,84.06,19.70,24,None,21.43,4,85.75,0.00,35,97.61,10.50,100,71.94,7.65,37,67.61,0.00,8,102.89,1.76,20,92.34,0.00,51,85.98,19.70,41,93.35,14.50,77,63.97,35.06,18,88.61,0.00,11,93.12,10.00,27,,,,,,,,,,,,,,,,,,,,,,,,,,,,,,,,,,,,,,,,,,,,,
2020-06-28T15:55:51.050Z,None,0.00,0,None,0.00,0,None,10.17,0,None,0.00,3,None,0.00,6,None,0.00,1,None,0.00,0,71.82,1.72,11,59.63,3.45,13,104.72,15.67,42,66.67,0.00,9,76.50,10.00,27,77.59,6.67,3,155.00,0.00,3,None,0.00,0,98.40,0.00,2,308.96,0.00,1,76.74,0.00,7,47.30,0.52,11,66.03,12.50,9,76.66,1.67,11,49.23,0.00,0,1.39,7.27,26,84.06,19.70,24,None,21.43,4,85.75,0.00,35,97.61,10.50,100,71.94,7.65,37,67.61,0.00,8,102.89,1.18,20,92.34,0.00,51,85.98,19.70,41,93.35,14.50,77,63.97,35.06,18,88.61,0.00,11,93.12,10.00,27,,,,,,,,,,,,,,,,,,,,,,,,,,,,,,,,,,,,,,,,,,,,,
2020-06-28T19:33:24.773Z,None,0.00,0,None,0.00,0,None,10.17,0,None,0.00,3,None,0.00,6,None,0.00,1,None,0.00,0,71.82,1.72,11,59.63,3.45,13,104.72,14.93,42,66.67,0.00,9,76.50,10.00,27,77.59,6.67,3,155.00,0.00,3,None,0.00,0,98.40,0.00,2,308.96,0.00,1,76.74,0.00,7,47.30,0.52,11,66.03,12.50,9,76.66,1.67,11,49.23,0.00,0,1.39,7.27,26,84.06,19.70,24,None,21.43,4,85.75,0.00,35,97.61,10.50,100,71.94,7.65,37,67.61,0.00,8,102.89,1.18,20,92.34,0.00,51,85.98,19.70,41,93.35,14.50,77,63.97,35.06,18,88.61,0.00,11,93.12,10.00,27,,,,,,,,,,,,,,,,,,,,,,,,,,,,,,,,,,,,,,,,,,,,,
2020-06-29T08:35:00.587Z,None,0.00,0,None,0.00,0,None,15.25,0,None,0.00,3,None,0.00,6,None,0.00,1,None,0.00,0,78.06,1.72,11,66.45,6.90,13,111.20,17.91,42,70.96,0.00,9,80.78,13.33,27,76.21,10.00,3,168.33,0.00,3,None,0.00,0,122.40,0.00,2,71.64,0.00,1,83.68,0.00,7,61.41,0.52,11,69.11,12.50,9,79.54,1.67,11,35.38,0.00,0,1.39,5.45,26,79.43,21.21,24,None,20.00,4,87.00,0.00,35,103.50,11.00,100,71.85,6.47,37,70.14,0.00,8,92.96,3.53,20,97.25,0.00,51,91.03,21.21,41,97.59,14.00,77,69.58,33.77,18,83.54,0.00,11,96.44,9.41,27,,,,,,,,,,,,,,,,,,,,,,,,,,,,,,,,,,,,,,,,,,,,,
2020-06-29T15:49:48.580Z,None,0.00,0,None,0.00,0,None,13.56,0,None,0.00,3,None,0.00,6,None,0.00,1,None,0.00,1,78.06,1.72,14,66.45,6.90,12,111.20,17.91,60,70.96,0.00,8,80.78,15.00,35,76.21,6.67,6,168.33,0.00,3,None,0.00,0,122.40,0.00,2,71.64,0.00,1,83.68,0.00,10,61.41,0.52,7,69.11,12.50,14,79.54,1.67,10,35.38,0.00,0,1.39,5.45,28,79.43,22.73,36,None,20.00,4,87.00,0.00,36,103.50,11.50,96,71.85,6.47,29,70.14,0.00,9,92.96,2.94,22,97.25,0.00,52,91.03,15.15,38,97.59,14.00,109,69.58,35.06,27,83.54,0.00,15,96.44,10.00,28,,,,,,,,,,,,,,,,,,,,,,,,,,,,,,,,,,,,,,,,,,,,,
2020-06-29T19:30:09.437Z,None,0.00,0,None,0.00,0,None,13.56,0,None,0.00,3,None,0.00,6,None,0.00,1,None,0.00,1,78.06,1.72,14,66.45,10.34,12,111.20,17.91,60,70.96,0.00,8,80.78,15.00,35,76.21,6.67,6,168.33,0.00,3,None,0.00,0,122.40,0.00,2,71.64,0.00,1,83.68,0.00,10,61.41,1.05,7,69.11,12.50,14,79.54,1.67,10,35.38,0.00,0,1.39,5.45,28,79.43,22.73,36,None,20.00,4,87.00,0.00,36,103.50,11.50,96,71.85,6.47,29,70.14,0.00,9,92.96,2.94,22,97.25,0.00,52,91.03,15.15,38,97.59,14.00,109,69.58,35.06,27,83.54,0.00,15,96.44,10.00,28,,,,,,,,,,,,,,,,,,,,,,,,,,,,,,,,,,,,,,,,,,,,,
2020-06-30T07:38:39.213Z,None,0.00,0,None,0.00,0,None,5.08,0,None,0.00,3,None,0.00,6,None,0.00,1,None,0.00,1,79.21,1.72,14,72.26,8.05,12,111.74,18.66,60,70.35,0.00,8,83.50,15.00,35,75.17,10.00,6,161.67,0.00,3,None,0.00,0,112.00,0.00,2,79.85,0.00,1,90.28,0.00,10,56.02,0.52,7,66.03,13.46,14,83.57,1.67,10,60.00,0.00,0,2.79,7.27,28,73.52,22.73,36,None,21.43,4,88.66,0.00,36,107.60,11.00,96,73.94,7.06,29,70.42,0.00,9,96.75,2.35,22,95.57,0.00,52,90.21,18.18,38,97.09,15.00,109,68.01,38.96,27,86.08,0.00,15,94.96,10.59,28,,,,,,,,,,,,,,,,,,,,,,,,,,,,,,,,,,,,,,,,,,,,,
2020-06-30T15:55:44.970Z,None,0.00,0,None,0.00,0,None,6.78,0,None,0.00,3,None,0.00,6,None,0.00,1,None,0.00,2,79.21,1.72,8,72.26,11.49,12,111.74,19.40,89,70.35,0.00,5,83.50,15.00,29,75.17,13.33,7,161.67,0.00,3,None,0.00,0,112.00,0.00,0,79.85,0.00,1,90.28,0.00,25,56.02,0.52,8,66.03,13.46,17,83.57,1.67,9,60.00,0.00,1,2.79,7.27,31,73.52,22.73,37,None,20.00,3,88.66,0.00,42,107.60,11.00,93,73.94,7.06,27,70.42,0.00,10,96.75,2.94,32,95.57,0.00,49,90.21,18.18,30,97.09,14.00,127,68.01,37.66,43,86.08,0.00,16,94.96,11.18,42,,,,,,,,,,,,,,,,,,,,,,,,,,,,,,,,,,,,,,,,,,,,,
2020-06-30T19:22:25.500Z,None,0.00,0,None,0.00,0,None,6.78,0,None,0.00,3,None,0.00,6,None,0.00,1,None,0.00,2,79.21,1.72,8,72.26,11.49,12,111.74,19.40,89,70.35,0.00,5,83.50,15.00,29,75.17,13.33,7,161.67,0.00,3,None,0.00,0,112.00,0.00,0,79.85,0.00,1,90.28,0.00,25,56.02,0.52,8,66.03,13.46,17,83.57,1.67,9,60.00,0.00,1,2.79,7.27,31,73.52,22.73,37,None,20.00,3,88.66,0.00,42,107.60,11.00,93,73.94,7.06,27,70.42,0.00,10,96.75,2.94,32,95.57,0.00,49,90.21,18.18,30,97.09,14.00,127,68.01,37.66,43,86.08,0.00,16,94.96,11.18,42,,,,,,,,,,,,,,,,,,,,,,,,,,,,,,,,,,,,,,,,,,,,,
2020-07-01T07:12:41.440Z,None,0.00,0,None,0.00,0,None,8.47,0,None,0.00,3,None,0.00,6,None,0.00,1,None,0.00,2,79.45,1.72,8,72.59,11.49,12,109.04,21.64,89,70.55,0.00,5,83.88,15.00,29,79.14,13.33,7,148.33,0.00,3,None,0.00,0,118.40,0.00,0,76.87,0.00,1,88.89,0.00,25,63.07,0.52,8,68.23,15.38,17,78.96,1.67,9,55.38,0.00,1,1.11,7.27,31,74.42,22.73,37,None,11.43,3,86.86,0.00,42,107.09,10.50,93,77.06,7.06,27,70.14,0.00,10,98.01,2.94,32,96.41,0.00,49,90.00,18.18,30,97.28,14.50,127,66.67,40.26,43,84.39,0.00,16,95.70,10.59,42,,,,,,,,,,,,,,,,,,,,,,,,,,,,,,,,,,,,,,,,,,,,,
2020-07-01T15:31:44.303Z,None,0.00,0,None,0.00,0,None,16.95,17,None,0.00,2,None,0.00,5,None,0.00,0,None,0.00,3,79.45,1.72,5,72.59,12.64,11,109.04,17.91,103,70.55,0.00,5,83.88,16.67,36,79.14,10.00,7,148.33,0.00,4,None,0.00,0,118.40,0.00,0,76.87,0.00,1,88.89,0.00,27,63.07,0.52,9,68.23,15.38,20,78.96,1.67,8,55.38,0.00,1,1.11,9.09,32,74.42,22.73,39,None,15.71,5,86.86,0.00,29,107.09,11.00,102,77.06,7.06,33,70.14,0.00,8,98.01,3.53,20,96.41,0.00,55,90.00,18.18,19,97.28,14.50,114,66.67,42.86,39,84.39,0.00,17,95.70,11.76,32,,,,,,,,,,,,,,,,,,,,,,,,,,,,,,,,,,,,,,,,,,,,,
2020-07-01T19:15:07.757Z,None,0.00,0,None,0.00,0,None,16.95,17,None,0.00,2,None,0.00,5,None,0.00,0,None,0.00,3,79.45,1.72,5,72.59,12.64,11,109.04,17.91,103,70.55,0.00,5,83.88,16.67,36,79.14,10.00,7,148.33,0.00,4,None,0.00,0,118.40,0.00,0,76.87,0.00,1,88.89,0.00,27,63.07,0.52,9,68.23,15.38,20,78.96,1.67,8,55.38,0.00,1,1.11,9.09,32,74.42,22.73,39,None,15.71,5,86.86,0.00,29,107.09,10.50,102,77.06,7.06,33,70.14,0.00,8,98.01,3.53,20,96.41,0.00,55,90.00,18.18,19,97.28,14.50,114,66.67,42.86,39,84.39,0.00,17,95.70,11.76,32,,,,,,,,,,,,,,,,,,,,,,,,,,,,,,,,,,,,,,,,,,,,,
2020-07-02T07:10:28.913Z,None,0.00,0,None,0.00,0,None,16.95,17,None,0.00,2,None,0.00,5,None,0.00,0,None,0.00,3,86.84,1.72,5,73.09,14.94,11,106.48,19.40,103,73.42,0.00,5,80.58,13.33,36,75.86,10.00,7,164.17,0.00,4,None,0.00,0,103.20,0.00,0,70.90,0.00,1,91.67,0.00,27,57.26,0.52,9,66.91,16.35,20,74.93,1.67,8,58.46,0.00,1,1.39,9.09,32,72.24,24.24,39,None,21.43,5,88.93,0.00,29,106.75,14.00,102,75.59,8.24,33,67.89,0.00,8,94.58,1.76,20,99.40,0.00,55,91.03,22.73,19,97.09,15.50,114,65.21,49.35,39,83.12,0.00,17,98.28,12.35,32,,,,,,,,,,,,,,,,,,,,,,,,,,,,,,,,,,,,,,,,,,,,,
2020-07-02T19:46:16.793Z,None,0.00,0,None,0.00,0,None,18.64,20,None,0.00,2,None,0.00,5,None,0.00,0,None,0.00,3,86.84,1.72,7,73.09,14.94,13,106.48,17.16,129,73.42,0.00,3,80.58,13.33,32,75.86,10.00,5,164.17,0.00,1,None,0.00,0,103.20,0.00,0,70.90,0.00,1,91.67,0.00,31,57.26,0.52,9,66.91,16.35,17,74.93,1.67,7,58.46,0.00,1,1.39,10.91,24,72.24,24.24,35,None,21.43,5,88.93,0.00,25,106.75,14.00,103,75.59,7.65,34,67.89,0.00,7,94.58,1.76,22,99.40,0.00,56,91.03,22.73,21,97.09,15.00,122,65.21,46.75,84,83.12,0.00,17,98.28,11.76,36,,,,,,,,,,,,,,,,,,,,,,,,,,,,,,,,,,,,,,,,,,,,,
2020-07-03T04:40:04.850Z,None,0.00,0,None,0.00,0,None,18.64,20,None,0.00,2,None,0.00,5,None,0.00,0,None,0.00,3,75.75,1.72,7,66.28,14.94,13,102.97,17.91,129,66.67,0.00,3,82.14,13.33,32,71.72,10.00,5,161.67,0.00,1,None,0.00,0,108.80,0.00,0,73.88,0.00,1,83.33,0.00,31,46.47,0.52,9,65.89,16.35,17,68.30,1.67,7,44.62,0.00,1,1.11,10.91,24,72.75,22.73,35,None,27.14,5,82.16,0.00,25,101.54,11.50,103,70.55,8.24,34,65.63,0.00,7,88.09,1.76,22,84.19,0.00,56,85.26,22.73,21,90.76,16.50,122,59.48,45.45,84,89.45,0.00,17,96.68,11.76,36,,,,,,,,,,,,,,,,,,,,,,,,,,,,,,,,,,,,,,,,,,,,,
2020-07-03T07:30:15.597Z,None,0.00,0,None,0.00,0,None,15.25,20,None,0.00,2,None,0.00,5,None,0.00,0,None,0.00,3,75.75,1.72,7,66.28,16.09,13,102.97,17.91,129,66.67,0.00,3,82.14,11.67,32,71.72,10.00,5,161.67,0.00,1,None,0.00,0,108.80,0.00,0,73.88,0.00,1,83.33,0.00,31,46.47,0.52,9,65.89,17.31,17,68.30,1.67,7,44.62,0.00,1,1.11,10.91,24,72.75,22.73,35,None,27.14,5,82.16,0.00,25,101.54,11.50,103,70.55,8.24,34,65.63,0.00,7,88.09,1.76,22,84.19,0.00,56,85.26,22.73,21,90.76,16.50,122,59.48,48.05,84,89.45,0.00,17,96.68,15.29,36,,,,,,,,,,,,,,,,,,,,,,,,,,,,,,,,,,,,,,,,,,,,,
2020-07-03T15:26:50.037Z,None,0.00,0,None,0.00,0,None,18.64,0,None,0.00,0,None,0.00,4,None,0.00,2,None,0.00,3,75.75,1.72,9,66.28,14.94,16,102.97,15.67,120,66.67,0.00,3,82.14,13.33,27,71.72,10.00,9,161.67,0.00,1,None,0.00,0,108.80,0.00,0,73.88,0.00,0,83.33,0.00,33,46.47,0.52,12,65.89,19.23,27,68.30,1.67,7,44.62,0.00,1,1.11,10.91,26,72.75,24.24,37,None,22.86,13,82.16,0.00,25,101.54,13.00,100,70.55,9.41,37,65.63,0.00,7,88.09,2.94,23,84.19,0.00,56,85.26,18.18,21,90.76,16.50,130,59.48,46.75,76,89.45,0.00,17,96.68,16.47,38,,,,,,,,,,,,,,,,,,,,,,,,,,,,,,,,,,,,,,,,,,,,,
2020-07-04T17:44:01.280Z,None,0.00,0,None,0.00,0,None,20.34,26,None,0.00,1,None,0.00,4,None,0.00,1,None,0.00,3,63.97,1.72,9,62.13,13.79,16,94.87,17.16,121,62.78,0.00,3,72.62,20.00,27,72.59,6.67,11,167.50,0.00,1,None,0.00,0,100.00,0.00,0,81.34,0.00,0,70.83,0.00,39,43.57,1.05,18,65.01,22.12,27,54.47,1.67,5,36.92,0.00,1,2.51,10.91,20,71.21,24.24,37,None,27.14,13,80.77,0.00,20,89.24,12.50,100,69.50,7.65,37,63.66,0.00,4,98.19,3.53,24,79.28,0.00,58,81.24,19.70,16,87.34,18.50,135,53.42,46.75,76,94.51,0.00,14,85.38,16.47,38,,,,,,,,,,,,,,,,,,,,,,,,,,,,,,,,,,,,,,,,,,,,,
2020-07-04T20:14:30.987Z,None,0.00,0,None,0.00,0,None,20.34,26,None,0.00,1,None,0.00,4,None,0.00,1,None,0.00,3,63.97,1.72,9,62.13,13.79,16,94.87,17.16,121,62.78,0.00,3,72.62,20.00,27,72.59,6.67,11,167.50,0.00,1,None,0.00,0,100.00,0.00,0,81.34,0.00,0,70.83,0.00,39,43.57,1.05,18,65.01,22.12,27,54.47,1.67,5,36.92,0.00,1,2.51,10.91,20,71.21,24.24,37,None,27.14,13,80.77,0.00,20,89.24,12.50,100,69.50,7.65,37,63.66,0.00,4,98.19,3.53,24,79.28,0.00,58,81.24,19.70,16,87.34,18.50,135,53.42,46.75,76,94.51,0.00,14,85.38,16.47,38,,,,,,,,,,,,,,,,,,,,,,,,,,,,,,,,,,,,,,,,,,,,,
2020-07-05T07:08:15.050Z,None,0.00,0,None,0.00,0,None,20.34,26,None,0.00,1,None,0.00,4,None,0.00,1,None,0.00,3,75.06,1.72,9,68.11,14.94,16,103.64,22.39,121,70.14,0.00,3,81.17,28.33,27,79.83,16.67,11,150.83,0.00,1,None,0.00,0,91.20,0.00,0,81.34,0.00,0,81.60,0.00,39,50.62,0.52,18,68.08,20.19,27,72.33,1.67,5,47.69,0.00,1,0.84,16.36,20,78.66,30.30,37,None,27.14,13,87.41,0.00,20,99.57,14.00,100,72.28,8.24,37,65.92,0.00,4,107.04,6.47,24,88.02,0.00,58,88.76,22.73,16,92.03,18.50,135,60.04,46.75,76,100.84,0.00,14,97.67,20.00,38,,,,,,,,,,,,,,,,,,,,,,,,,,,,,,,,,,,,,,,,,,,,,
2020-07-05T16:01:04.507Z,None,0.00,0,None,0.00,0,None,18.64,27,None,0.00,2,None,0.00,3,None,0.00,12,None,0.00,4,75.06,1.72,7,68.11,14.94,13,103.64,22.39,128,70.14,0.00,7,81.17,30.00,35,79.83,20.00,11,150.83,0.00,1,None,0.00,0,91.20,0.00,0,81.34,0.00,0,81.60,0.00,37,50.62,0.52,15,68.08,19.23,25,72.33,1.67,3,47.69,0.00,0,0.84,16.36,24,78.66,33.33,56,None,27.14,18,87.41,0.00,17,99.57,14.00,67,72.28,8.82,50,65.92,0.00,8,107.04,7.65,21,88.02,0.00,62,88.76,22.73,12,92.03,16.50,135,60.04,46.75,72,100.84,0.00,21,97.67,17.65,50,,,,,,,,,,,,,,,,,,,,,,,,,,,,,,,,,,,,,,,,,,,,,
2020-07-05T19:34:00.750Z,None,0.00,0,None,0.00,0,None,18.64,27,None,0.00,2,None,0.00,3,None,0.00,12,None,0.00,4,75.06,1.72,7,68.11,14.94,13,103.64,22.39,128,70.14,0.00,7,81.17,30.00,35,79.83,20.00,11,150.83,0.00,1,None,0.00,0,91.20,0.00,0,81.34,0.00,0,81.60,0.00,37,50.62,0.52,15,68.08,19.23,25,72.33,1.67,3,47.69,0.00,0,0.84,16.36,24,78.66,33.33,56,None,27.14,18,87.41,0.00,17,99.57,14.00,67,72.28,8.82,50,65.92,0.00,8,107.04,7.65,21,88.02,0.00,62,88.76,22.73,12,92.03,16.50,135,60.04,46.75,72,100.84,0.00,21,97.67,17.65,50,,,,,,,,,,,,,,,,,,,,,,,,,,,,,,,,,,,,,,,,,,,,,
2020-07-06T06:40:39.527Z,None,0.00,0,None,0.00,0,None,22.03,27,None,0.00,2,None,0.00,3,None,0.00,12,None,0.00,4,82.91,1.72,7,73.92,14.94,13,110.53,29.10,128,77.91,0.00,7,83.69,28.33,35,79.48,30.00,11,163.33,0.00,1,None,0.00,0,107.20,0.00,0,81.34,0.00,0,87.15,0.00,37,58.92,0.52,15,72.33,18.27,25,84.73,1.67,3,60.00,0.00,0,1.11,20.00,24,76.35,33.33,56,None,27.14,18,88.24,0.00,17,102.13,14.50,67,74.28,10.59,50,68.73,0.00,8,90.07,8.24,21,96.05,0.00,62,91.96,24.24,12,93.61,19.50,135,65.21,41.56,72,87.34,0.00,21,99.51,17.65,50,,,,,,,,,,,,,,,,,,,,,,,,,,,,,,,,,,,,,,,,,,,,,
2020-07-06T15:56:00.557Z,None,0.00,0,None,0.00,0,None,32.20,30,None,0.00,2,None,0.00,3,None,0.00,11,None,0.00,8,82.22,1.72,8,74.42,14.94,12,109.45,20.90,147,81.60,0.00,10,86.21,31.67,38,76.72,20.00,15,163.33,0.00,1,None,0.00,0,107.20,0.00,2,81.34,0.00,0,79.51,0.00,39,57.68,0.52,32,76.72,18.27,30,90.20,1.67,4,64.62,0.00,0,25.91,23.64,22,78.15,33.33,67,None,22.86,21,84.79,0.00,16,102.13,17.00,66,77.15,8.82,76,66.20,0.00,15,79.96,7.65,36,88.98,0.00,68,93.09,21.21,16,93.61,19.00,123,65.54,40.26,29,85.65,0.00,24,100.12,20.00,77,,,,,,,,,,,,,,,,,,,,,,,,,,,,,,,,,,,,,,,,,,,,,
2020-07-07T05:00:26.417Z,None,0.00,0,None,0.00,0,None,32.20,30,None,0.00,2,None,0.00,3,None,0.00,11,None,0.00,8,82.22,1.72,8,74.42,14.94,12,109.45,29.85,147,81.60,0.00,10,86.21,30.00,38,76.72,16.67,15,163.33,0.00,1,None,0.00,0,107.20,0.00,2,81.34,0.00,0,79.51,0.00,39,57.68,0.52,32,76.72,17.31,30,90.20,1.67,4,64.62,0.00,0,25.91,18.18,22,78.15,28.79,67,None,21.43,21,84.79,0.00,16,102.13,20.00,66,77.15,10.59,76,66.20,0.00,15,79.96,8.82,36,88.98,0.00,68,93.09,19.70,16,93.61,19.00,123,65.54,37.66,29,85.65,0.00,24,100.12,20.59,77,,,,,,,,,,,,,,,,,,,,,,,,,,,,,,,,,,,,,,,,,,,,,
2020-07-07T07:17:42.693Z,None,0.00,0,None,0.00,0,None,32.20,30,None,0.00,2,None,0.00,3,None,0.00,11,None,0.00,8,82.22,1.72,8,74.42,18.39,12,109.45,29.85,147,81.60,0.00,10,86.21,30.00,38,76.72,16.67,15,163.33,0.00,1,None,0.00,0,107.20,0.00,2,81.34,0.00,0,79.51,0.00,39,57.68,0.52,32,76.72,17.31,30,90.20,1.67,4,64.62,0.00,0,25.91,18.18,22,78.15,28.79,67,None,21.43,21,84.79,0.00,16,102.13,19.50,66,77.15,10.59,76,66.20,0.00,15,79.96,8.82,36,88.98,0.00,68,93.09,19.70,16,93.61,19.00,123,65.54,37.66,29,85.65,0.00,24,100.12,20.00,77,,,,,,,,,,,,,,,,,,,,,,,,,,,,,,,,,,,,,,,,,,,,,
2020-07-07T15:43:32.247Z,None,0.00,0,None,0.00,0,None,32.20,28,None,0.00,0,None,0.00,0,None,0.00,9,None,0.00,9,82.22,1.72,9,74.42,17.24,13,109.45,26.87,134,81.60,0.00,9,86.21,36.67,39,76.72,13.33,22,163.33,0.00,1,None,0.00,0,107.20,0.00,2,81.34,0.00,0,79.51,0.00,41,57.68,0.52,35,76.72,17.31,32,90.20,1.67,3,64.62,0.00,0,25.91,12.73,28,78.15,27.27,65,None,21.43,27,84.79,0.00,25,102.13,20.00,62,77.15,8.82,79,66.20,0.00,16,79.96,8.24,34,88.98,0.00,78,93.09,24.24,18,93.61,19.00,136,65.54,40.26,75,85.65,0.00,27,100.12,20.00,93,,,,,,,,,,,,,,,,,,,,,,,,,,,,,,,,,,,,,,,,,,,,,
2020-07-07T19:25:00.177Z,None,0.00,0,None,0.00,0,None,30.51,28,None,0.00,0,None,0.00,0,None,0.00,9,None,0.00,9,82.22,1.72,9,74.42,17.24,13,109.45,26.87,134,81.60,0.00,9,86.21,36.67,39,76.72,13.33,22,163.33,0.00,1,None,0.00,0,107.20,0.00,2,81.34,0.00,0,79.51,0.00,41,57.68,0.52,35,76.72,17.31,32,90.20,1.67,3,64.62,0.00,0,25.91,12.73,28,78.15,27.27,65,None,21.43,27,84.79,0.00,25,102.13,20.00,62,77.15,8.82,79,66.20,0.00,16,79.96,8.24,34,88.98,0.00,78,93.09,24.24,18,93.61,19.00,136,65.54,40.26,75,85.65,0.00,27,100.12,20.00,93,,,,,,,,,,,,,,,,,,,,,,,,,,,,,,,,,,,,,,,,,,,,,
2020-07-08T07:31:44.197Z,None,0.00,0,None,0.00,0,None,28.81,28,None,0.00,0,None,0.00,0,None,0.00,9,None,0.00,9,82.68,1.72,9,73.59,16.09,13,113.23,32.09,134,75.46,1.19,9,86.99,43.33,39,74.14,16.67,22,148.33,0.00,1,None,0.00,0,97.74,0.00,2,81.34,0.00,0,84.03,0.00,41,55.60,0.52,35,68.23,18.27,32,88.18,1.67,3,50.77,0.00,0,1.39,14.55,28,75.06,33.33,65,None,27.14,27,89.63,0.00,25,105.81,20.00,62,75.24,11.18,79,69.58,0.00,16,89.71,11.76,34,96.89,0.00,78,91.34,31.82,18,95.00,19.00,136,62.51,41.56,75,88.19,0.00,27,93.98,20.59,93,,,,,,,,,,,,,,,,,,,,,,,,,,,,,,,,,,,,,,,,,,,,,
2020-07-08T15:51:46.940Z,None,0.00,0,None,0.00,0,None,32.20,42,None,0.00,2,None,0.00,0,None,0.00,13,None,0.00,7,82.68,1.72,13,73.59,18.39,29,113.23,28.36,140,75.46,0.00,10,86.99,43.33,62,74.14,23.33,38,148.33,0.00,1,None,0.00,0,97.74,0.00,4,81.34,0.00,0,84.03,0.00,37,55.60,0.52,30,68.23,18.27,37,88.18,1.67,3,50.77,0.00,0,1.39,16.36,25,75.06,33.33,66,None,30.00,32,89.63,0.00,33,105.81,20.00,78,75.24,10.59,86,69.58,0.00,15,89.71,11.18,52,96.89,0.00,77,91.34,31.82,22,95.00,21.00,125,62.51,40.26,96,88.19,0.00,29,93.98,21.76,103,,,,,,,,,,,,,,,,,,,,,,,,,,,,,,,,,,,,,,,,,,,,,
2020-07-08T19:34:17.600Z,None,0.00,0,None,0.00,0,None,32.20,42,None,0.00,2,None,0.00,0,None,0.00,13,None,0.00,7,82.68,1.72,13,73.59,18.39,29,113.23,28.36,140,75.46,0.00,10,86.99,43.33,62,74.14,23.33,38,148.33,0.00,1,None,0.00,0,97.74,0.00,4,81.34,0.00,0,84.03,0.00,37,55.60,0.52,30,68.23,18.27,37,88.18,1.67,3,50.77,0.00,0,1.39,16.36,25,75.06,33.33,66,None,30.00,32,89.63,0.00,33,105.81,20.00,78,75.24,10.59,86,69.58,0.00,15,89.71,11.18,52,96.89,0.00,77,91.34,31.82,22,95.00,21.00,125,62.51,40.26,96,88.19,0.00,29,93.98,21.76,103,,,,,,,,,,,,,,,,,,,,,,,,,,,,,,,,,,,,,,,,,,,,,
2020-07-09T07:16:21.100Z,None,0.00,0,None,0.00,0,None,32.20,42,None,0.00,2,None,0.00,0,None,0.00,13,None,0.00,7,82.68,1.72,13,73.59,19.54,29,113.23,32.09,140,75.46,0.00,10,86.99,51.67,62,74.14,33.33,38,148.33,0.00,1,None,0.00,0,97.74,0.00,4,81.34,0.00,0,84.03,0.00,37,55.60,0.52,30,68.23,14.42,37,88.18,1.67,3,50.77,0.00,0,1.39,18.18,25,75.06,37.88,66,None,30.00,32,89.63,0.00,33,105.81,22.50,78,75.24,11.18,86,69.58,0.00,15,89.71,11.76,52,96.89,0.00,77,91.34,24.24,22,95.00,21.00,125,62.51,44.16,96,88.19,1.92,29,93.98,20.59,103,,,,,,,,,,,,,,,,,,,,,,,,,,,,,,,,,,,,,,,,,,,,,
2020-07-09T15:38:11.660Z,None,0.00,0,None,0.00,0,None,28.81,34,None,0.00,1,None,0.00,0,None,0.00,13,None,0.00,7,79.21,1.72,20,76.33,22.99,30,109.58,30.60,144,73.82,0.00,10,86.41,55.00,53,71.38,36.67,47,163.33,0.00,1,None,0.00,0,98.50,0.00,4,76.87,0.00,5,84.38,0.00,40,56.85,0.52,31,70.28,14.42,34,88.76,1.67,3,50.77,0.00,0,17.83,18.18,29,70.57,36.36,81,None,30.00,32,83.13,2.38,33,110.16,21.00,86,73.76,11.18,87,61.13,0.00,14,80.14,12.94,53,86.95,0.00,81,93.61,24.24,19,None,22.00,133,66.33,44.16,85,75.11,1.92,26,105.16,21.76,88,,,,,,,,,,,,,,,,,,,,,,,,,,,,,,,,,,,,,,,,,,,,,
2020-07-10T04:16:29.737Z,None,0.00,0,None,0.00,0,None,28.81,34,None,0.00,1,None,0.00,0,None,0.00,13,None,0.00,7,79.21,1.72,20,76.33,18.39,30,109.58,30.60,144,73.82,0.00,10,86.41,61.67,53,71.38,40.00,47,163.33,0.00,1,None,0.00,0,98.50,0.00,4,76.87,0.00,5,84.38,0.00,40,56.85,0.52,31,70.28,16.35,34,88.76,1.67,3,50.77,0.00,0,17.83,18.18,29,70.57,36.36,81,None,30.00,32,83.13,2.38,33,110.16,20.00,86,73.76,11.18,87,61.13,0.00,14,80.14,12.94,53,86.95,0.00,81,93.61,24.24,19,None,22.00,133,66.33,49.35,85,75.11,1.92,26,105.16,21.76,88,,,,,,,,,,,,,,,,,,,,,,,,,,,,,,,,,,,,,,,,,,,,,
2020-07-10T07:28:43.630Z,None,0.00,0,None,0.00,0,None,38.98,34,None,0.00,1,None,0.00,0,None,0.00,13,None,0.00,7,67.21,1.72,20,70.50,18.39,30,102.16,36.57,144,62.78,0.00,10,80.00,61.67,53,67.76,66.67,47,162.50,0.00,1,None,0.00,0,115.04,0.00,4,73.88,0.00,5,82.29,0.00,40,51.87,0.52,31,65.89,16.35,34,72.05,1.67,3,46.15,0.00,0,1.11,27.27,29,67.35,36.36,81,None,25.71,32,76.49,0.00,33,98.63,19.00,86,66.46,11.76,87,59.15,0.00,14,87.18,14.71,53,76.77,0.00,81,86.29,27.27,19,90.76,21.00,133,57.91,49.35,85,80.17,3.85,26,88.70,25.29,88,,,,,,,,,,,,,,,,,,,,,,,,,,,,,,,,,,,,,,,,,,,,,
2020-07-10T14:20:07.117Z,None,0.00,0,None,0.00,0,None,46.00,33,None,0.00,2,None,0.00,0,None,0.00,12,None,0.00,6,67.21,4.00,24,70.50,32.00,28,102.16,98.00,129,62.78,0.00,8,80.00,74.00,53,67.76,42.00,55,162.50,0.00,2,None,0.00,0,115.04,0.00,12,73.88,0.00,5,82.29,0.00,40,51.87,2.00,31,65.89,34.00,30,72.05,2.00,7,46.15,0.00,0,1.11,26.00,27,67.35,46.00,65,None,38.00,39,76.49,0.00,33,98.63,76.00,84,66.46,38.00,87,59.15,0.00,14,87.18,48.00,42,76.77,40.00,81,86.29,38.00,23,90.76,84.00,124,57.91,76.00,92,80.17,6.00,35,88.70,80.00,80,,,,,,,,,,,,,,,,,,,,,,,,,,,,,,,,,,,,,,,,,,,,,
2020-07-11T17:08:38.350Z,None,0.00,0,None,0.00,0,None,40.00,33,None,0.00,0,None,0.00,0,None,0.00,11,None,0.00,5,55.89,2.00,27,65.33,38.00,28,96.76,114.00,129,61.15,0.00,8,71.46,74.00,62,65.00,44.00,55,150.83,0.00,1,None,0.00,0,109.77,0.00,12,71.64,0.00,5,67.01,0.00,40,42.74,2.00,31,61.64,32.00,25,65.42,2.00,7,40.00,0.00,1,1.67,24.00,28,66.58,50.00,65,None,38.00,39,70.40,4.00,26,85.14,66.00,84,64.47,34.00,87,54.65,0.00,14,97.47,52.00,49,72.69,28.00,81,80.31,44.00,22,86.08,82.00,116,52.08,86.00,92,89.87,6.00,27,82.43,78.00,70,,,,,,,,,,,,,,,,,,,,,,,,,,,,,,,,,,,,,,,,,,,,,
2020-07-11T19:41:22.557Z,None,0.00,0,None,0.00,0,None,40.00,33,None,0.00,0,None,0.00,0,None,0.00,11,None,0.00,5,55.89,2.00,27,65.33,38.00,28,96.76,116.00,129,61.15,0.00,8,71.46,74.00,62,65.00,44.00,55,150.83,0.00,1,None,0.00,0,109.77,0.00,12,71.64,0.00,5,67.01,0.00,40,42.74,2.00,31,61.64,32.00,25,65.42,2.00,7,40.00,0.00,1,1.67,24.00,28,66.58,50.00,65,None,38.00,39,70.40,4.00,26,85.14,66.00,84,64.47,34.00,87,54.65,0.00,14,97.47,52.00,49,72.69,28.00,81,80.31,44.00,22,86.08,82.00,116,52.08,86.00,92,89.87,6.00,27,82.43,78.00,70,,,,,,,,,,,,,,,,,,,,,,,,,,,,,,,,,,,,,,,,,,,,,
2020-07-12T07:32:17.937Z,None,0.00,0,None,0.00,0,None,42.00,33,None,0.00,0,None,0.00,0,None,0.00,11,None,0.00,5,64.43,2.00,27,68.00,40.00,28,105.67,128.00,129,68.30,0.00,8,78.64,80.00,62,74.83,38.00,55,158.33,0.00,1,None,0.00,0,99.25,0.00,12,73.88,0.00,5,74.31,0.00,40,50.21,2.00,31,65.01,34.00,25,80.98,2.00,7,50.77,0.00,1,1.39,26.00,28,74.68,52.00,65,None,38.00,39,82.57,10.00,26,98.89,88.00,84,69.85,36.00,87,58.59,0.00,14,110.11,54.00,49,82.51,32.00,81,88.25,50.00,22,89.05,86.00,116,61.39,100.00,92,97.05,6.00,27,92.51,74.00,70,,,,,,,,,,,,,,,,,,,,,,,,,,,,,,,,,,,,,,,,,,,,,
2020-07-12T15:55:03.303Z,None,0.00,0,None,0.00,0,None,40.00,35,None,0.00,1,None,0.00,1,None,0.00,10,None,0.00,19,64.43,2.00,19,68.00,40.00,29,105.67,128.00,132,68.30,0.00,8,78.64,80.00,70,74.83,30.00,45,158.33,0.00,2,None,0.00,0,99.25,0.00,13,73.88,0.00,5,74.31,0.00,41,50.21,2.00,24,65.01,36.00,24,80.98,2.00,7,50.77,0.00,1,1.39,24.00,24,74.68,52.00,60,None,38.00,40,82.57,10.00,26,98.89,88.00,82,69.85,34.00,77,58.59,0.00,14,110.11,50.00,48,82.51,32.00,68,88.25,50.00,21,89.05,86.00,107,61.39,104.00,79,97.05,4.00,47,92.51,96.00,79,,,,,,,,,,,,,,,,,,,,,,,,,,,,,,,,,,,,,,,,,,,,,
2020-07-13T12:16:23.697Z,None,0.00,0,None,0.00,0,None,48.00,40,None,0.00,1,None,0.00,1,None,0.00,5,None,0.00,18,73.90,2.00,24,73.17,40.00,28,114.57,140.00,118,73.01,0.00,6,82.14,68.00,71,76.72,30.00,48,172.50,0.00,3,None,0.00,0,103.76,0.00,12,70.15,0.00,6,77.08,0.00,37,54.36,2.00,20,68.08,34.00,24,85.01,2.00,8,52.31,0.00,0,1.11,28.00,24,77.89,50.00,74,88.82,40.00,39,84.51,24.00,107,103.33,96.00,89,72.37,36.00,77,67.89,0.00,24,94.40,56.00,51,97.25,36.00,66,91.13,52.00,21,95.51,84.00,105,66.33,100.00,73,86.92,4.00,68,92.51,92.00,81,,,,,,,,,,,,,,,,,,,,,,,,,,,,,,,,,,,,,,,,,,,,,
2020-07-13T13:19:16.637Z,None,0.00,0,None,0.00,0,None,48.00,40,None,0.00,1,None,0.00,1,None,0.00,5,None,0.00,18,73.90,2.00,24,73.17,40.00,28,114.57,140.00,118,73.01,0.00,6,82.14,66.00,71,76.72,30.00,48,172.50,0.00,3,None,0.00,0,103.76,0.00,12,70.15,0.00,6,77.08,0.00,37,54.36,2.00,20,68.08,34.00,24,85.01,2.00,8,52.31,0.00,0,1.11,28.00,24,77.89,60.00,74,88.82,38.00,39,84.51,24.00,107,103.33,82.00,89,72.37,44.00,77,67.89,0.00,24,94.40,56.00,51,97.25,36.00,66,91.13,52.00,21,95.51,84.00,105,66.33,100.00,73,86.92,4.00,68,92.51,92.00,81,,,,,,,,,,,,,,,,,,,,,,,,,,,,,,,,,,,,,,,,,,,,,
2020-07-13T19:28:55.597Z,None,0.00,0,None,0.00,0,None,42.00,40,None,0.00,1,None,0.00,1,None,0.00,5,None,0.00,18,73.90,2.00,24,73.17,36.00,28,114.57,128.00,118,73.01,0.00,6,82.14,66.00,71,76.72,30.00,48,172.50,0.00,3,None,0.00,0,103.76,0.00,12,70.15,0.00,6,77.08,0.00,37,54.36,2.00,20,68.08,34.00,24,85.01,2.00,8,52.31,0.00,0,1.11,28.00,24,77.89,60.00,74,88.82,38.00,39,84.51,24.00,107,103.33,82.00,89,72.37,44.00,77,67.89,0.00,24,94.40,52.00,51,97.25,36.00,66,91.13,46.00,21,95.51,84.00,105,66.33,104.00,73,86.92,4.00,68,92.51,84.00,81,,,,,,,,,,,,,,,,,,,,,,,,,,,,,,,,,,,,,,,,,,,,,
2020-07-14T07:14:06.710Z,None,0.00,0,None,0.00,0,None,38.00,40,None,0.00,1,None,0.00,1,None,0.00,5,None,0.00,18,75.52,2.00,24,75.33,40.00,28,116.60,134.00,118,76.89,0.00,6,82.72,60.00,71,71.55,38.00,48,160.00,0.00,3,None,0.00,0,93.98,0.00,12,70.15,0.00,6,76.39,0.00,37,53.11,2.00,20,67.20,38.00,24,87.32,2.00,8,55.38,0.00,0,1.95,28.00,24,80.85,56.00,74,83.39,36.00,39,88.38,26.00,107,106.49,76.00,89,72.20,52.00,77,66.48,0.00,24,95.85,52.00,51,94.73,38.00,66,92.16,40.00,21,96.65,96.00,105,65.99,100.00,73,84.81,2.00,68,95.58,84.00,81,,,,,,,,,,,,,,,,,,,,,,,,,,,,,,,,,,,,,,,,,,,,,
2020-07-14T20:02:00.000Z,None,0.00,0,None,0.00,0,None,30.00,40,None,0.00,1,None,0.00,1,None,0.00,5,None,0.00,19,75.52,2.00,29,75.33,46.00,25,116.60,128.00,135,76.89,0.00,6,82.72,62.00,74,71.55,36.00,72,160.00,0.00,5,None,0.00,0,93.98,0.00,21,70.15,0.00,9,76.39,0.00,39,53.11,2.00,21,67.20,42.00,37,87.32,2.00,11,55.38,0.00,0,1.95,32.00,23,80.85,56.00,69,83.39,38.00,56,88.38,24.00,103,106.49,76.00,71,72.20,42.00,59,66.48,0.00,27,95.85,48.00,53,94.73,52.00,67,92.16,48.00,21,96.65,86.00,63,65.99,112.00,80,84.81,2.00,66,95.58,84.00,91,,,,,,,,,,,,,,,,,,,,,,,,,,,,,,,,,,,,,,,,,,,,,
2020-07-15T07:32:13.567Z,None,0.00,0,None,0.00,0,None,30.00,40,None,0.00,1,None,0.00,1,None,0.00,5,None,0.00,19,81.06,2.00,29,76.50,50.00,25,112.28,142.00,135,74.64,0.00,6,83.50,64.00,74,76.03,40.00,72,140.83,0.00,5,None,0.00,0,88.72,0.00,21,76.12,0.00,9,85.07,0.00,39,58.92,2.00,21,65.74,32.00,37,86.74,2.00,11,60.00,0.00,0,1.39,38.00,23,80.33,50.00,69,90.10,44.00,56,88.24,18.00,103,106.83,82.00,71,71.42,46.00,59,69.58,0.00,27,98.01,46.00,53,93.29,48.00,67,92.99,50.00,21,96.84,100.00,63,66.44,112.00,80,80.59,6.00,66,96.19,82.00,91,,,,,,,,,,,,,,,,,,,,,,,,,,,,,,,,,,,,,,,,,,,,,
2020-07-15T15:35:31.323Z,None,0.00,0,None,0.00,0,None,32.00,41,None,0.00,1,None,0.00,1,None,0.00,5,None,0.00,16,81.06,2.00,28,76.50,48.00,28,112.28,146.00,119,74.64,0.00,6,83.50,68.00,90,76.03,36.00,79,140.83,0.00,4,None,0.00,0,88.72,0.00,31,76.12,0.00,11,85.07,0.00,37,58.92,2.00,24,65.74,40.00,43,86.74,2.00,13,60.00,0.00,0,1.39,40.00,25,80.33,56.00,66,90.10,42.00,67,88.24,18.00,91,106.83,82.00,71,71.42,44.00,54,69.58,0.00,21,98.01,46.00,54,93.29,52.00,62,92.99,46.00,21,96.84,94.00,63,66.44,112.00,73,80.59,6.00,61,96.19,92.00,37,,,,,,,,,,,,,,,,,,,,,,,,,,,,,,,,,,,,,,,,,,,,,
2020-07-15T19:29:13.910Z,None,0.00,0,None,0.00,0,None,32.00,41,None,0.00,1,None,0.00,1,None,0.00,5,None,0.00,16,81.06,2.00,28,76.50,48.00,28,112.28,146.00,119,74.64,0.00,6,83.50,68.00,90,76.03,36.00,79,140.83,0.00,4,None,0.00,0,88.72,0.00,31,76.12,0.00,11,85.07,0.00,37,58.92,2.00,24,65.74,40.00,43,86.74,2.00,13,60.00,0.00,0,1.39,40.00,25,80.33,56.00,66,90.10,42.00,67,88.24,18.00,91,106.83,82.00,71,71.42,42.00,54,69.58,0.00,21,98.01,46.00,54,93.29,54.00,62,92.99,46.00,21,96.84,94.00,63,66.44,112.00,73,80.59,6.00,61,96.19,90.00,37,,,,,,,,,,,,,,,,,,,,,,,,,,,,,,,,,,,,,,,,,,,,,
2020-07-16T07:40:17.937Z,None,0.00,0,None,0.00,0,None,32.00,41,None,0.00,1,None,0.00,1,None,0.00,5,None,0.00,16,79.45,2.00,28,72.50,48.00,28,110.66,146.00,119,71.98,0.00,6,81.55,70.00,90,72.07,32.00,79,145.83,0.00,4,None,0.00,0,92.48,0.00,31,71.64,0.00,11,86.81,0.00,37,55.60,2.00,24,66.91,38.00,43,83.86,2.00,13,56.92,0.00,0,3.34,34.00,25,81.11,46.00,66,86.90,36.00,67,89.76,18.00,91,101.62,72.00,71,71.07,40.00,54,65.07,2.00,21,96.57,60.00,54,94.85,40.00,62,93.81,56.00,21,96.27,88.00,63,64.65,106.00,73,83.12,8.00,61,93.24,100.00,37,,,,,,,,,,,,,,,,,,,,,,,,,,,,,,,,,,,,,,,,,,,,,
2020-07-16T15:42:35.290Z,None,0.00,0,None,0.00,0,None,34.00,38,None,0.00,1,None,0.00,2,None,0.00,4,None,0.00,11,79.45,2.00,41,72.50,50.00,32,110.66,148.00,123,71.98,0.00,19,81.55,70.00,83,72.07,30.00,79,145.83,0.00,3,None,0.00,0,92.48,0.00,34,71.64,0.00,12,86.81,0.00,35,55.60,2.00,25,66.91,36.00,43,83.86,2.00,13,56.92,0.00,0,3.34,42.00,22,81.11,46.00,71,86.90,28.00,64,89.76,22.00,88,101.62,70.00,71,71.07,42.00,44,65.07,0.00,20,96.57,62.00,52,94.85,46.00,65,93.81,44.00,38,96.27,92.00,69,64.65,110.00,56,83.12,2.00,59,93.24,98.00,98,,,,,,,,,,,,,,,,,,,,,,,,,,,,,,,,,,,,,,,,,,,,,
2020-07-16T19:09:09.317Z,None,0.00,0,None,0.00,0,None,34.00,38,None,0.00,1,None,0.00,2,None,0.00,4,None,0.00,11,79.45,2.00,41,72.50,50.00,32,110.66,148.00,123,71.98,0.00,19,81.55,70.00,83,72.07,30.00,79,145.83,0.00,3,None,0.00,0,92.48,0.00,34,71.64,0.00,12,86.81,0.00,35,55.60,2.00,25,66.91,36.00,43,83.86,2.00,13,56.92,0.00,0,3.34,42.00,22,81.11,46.00,71,86.90,28.00,64,89.76,22.00,88,101.62,70.00,71,71.07,40.00,44,65.07,0.00,20,96.57,62.00,52,94.85,46.00,65,93.81,44.00,38,96.27,92.00,69,64.65,110.00,56,83.12,2.00,59,93.24,98.00,98,,,,,,,,,,,,,,,,,,,,,,,,,,,,,,,,,,,,,,,,,,,,,
2020-07-17T07:18:52.977Z,None,0.00,0,None,0.00,0,None,42.00,38,None,0.00,1,None,0.00,2,None,0.00,4,None,0.00,11,73.44,2.00,41,68.00,62.00,32,106.21,150.00,123,65.03,0.00,19,79.81,70.00,83,69.14,42.00,79,147.50,0.00,3,None,0.00,0,104.51,0.00,34,64.93,0.00,12,79.17,0.00,35,50.62,2.00,25,61.79,34.00,43,74.06,2.00,13,40.00,0.00,0,1.95,40.00,22,76.74,46.00,71,85.94,30.00,64,81.05,36.00,88,97.01,84.00,71,63.60,46.00,44,60.28,0.00,20,90.25,64.00,52,77.37,48.00,65,90.72,50.00,38,94.56,100.00,69,60.83,104.00,56,85.65,2.00,59,93.00,102.00,98,,,,,,,,,,,,,,,,,,,,,,,,,,,,,,,,,,,,,,,,,,,,,
2020-07-17T15:27:31.690Z,None,0.00,0,None,0.00,1,None,42.00,34,None,0.00,1,None,0.00,2,None,0.00,4,None,0.00,11,73.44,2.00,37,68.00,62.00,43,106.21,150.00,127,65.03,0.00,18,79.81,68.00,67,69.14,42.00,89,147.50,0.00,3,None,0.00,0,104.51,0.00,34,64.93,0.00,9,79.17,0.00,35,50.62,2.00,30,61.79,34.00,43,74.06,2.00,11,40.00,0.00,1,1.95,40.00,22,76.74,46.00,73,85.94,28.00,64,81.05,36.00,87,97.01,82.00,71,63.60,46.00,46,60.28,0.00,19,90.25,62.00,51,77.37,46.00,63,90.72,50.00,71,94.56,100.00,55,60.83,104.00,56,85.65,0.00,56,93.00,102.00,87,,,,,,,,,,,,,,,,,,,,,,,,,,,,,,,,,,,,,,,,,,,,,
2020-07-18T19:46:54.420Z,None,0.00,0,None,0.00,1,None,42.00,44,None,0.00,1,None,0.00,2,None,0.00,3,None,0.00,9,62.59,2.00,40,61.67,60.00,44,96.49,148.00,124,59.92,0.00,17,71.07,70.00,69,70.34,40.00,87,158.33,0.00,3,None,0.00,0,93.98,0.00,28,66.42,0.00,9,66.32,0.00,34,41.91,2.00,31,57.83,52.00,41,64.84,2.00,10,26.15,0.00,1,1.95,44.00,29,75.84,50.00,73,79.23,28.00,64,77.87,40.00,85,83.60,80.00,71,61.34,50.00,46,51.83,0.00,20,98.56,58.00,53,74.49,46.00,61,82.47,50.00,76,90.44,98.00,55,55.89,106.00,56,91.98,0.00,68,85.75,102.00,79,,,,,,,,,,,,,,,,,,,,,,,,,,,,,,,,,,,,,,,,,,,,,
2020-07-19T07:20:25.537Z,None,0.00,0,None,0.00,1,None,60.00,44,None,0.00,1,None,0.00,2,None,0.00,3,None,0.00,9,74.60,8.00,40,67.17,60.00,44,106.34,184.00,124,65.85,0.00,17,79.42,70.00,69,78.79,40.00,87,153.33,0.00,3,None,0.00,0,93.23,0.00,28,65.67,0.00,9,77.08,0.00,34,46.89,2.00,31,63.25,54.00,41,78.96,2.00,10,26.15,0.00,1,1.11,48.00,29,78.02,54.00,73,85.62,32.00,64,83.26,40.00,85,96.33,94.00,71,66.90,52.00,46,60.00,0.00,20,113.72,74.00,53,80.96,50.00,61,88.87,54.00,76,91.65,94.00,55,61.84,116.00,56,101.27,2.00,68,95.58,100.00,79,,,,,,,,,,,,,,,,,,,,,,,,,,,,,,,,,,,,,,,,,,,,,
2020-07-19T15:47:25.010Z,None,0.00,0,None,0.00,1,None,54.00,35,None,0.00,1,None,0.00,1,None,0.00,3,None,0.00,11,74.60,16.00,27,67.17,66.00,41,106.34,184.00,126,65.85,0.00,16,79.42,74.00,73,78.79,42.00,87,153.33,0.00,1,None,0.00,0,93.23,0.00,33,65.67,0.00,8,77.08,0.00,33,46.89,2.00,25,63.25,52.00,42,78.96,2.00,11,26.15,0.00,1,1.11,42.00,23,78.02,54.00,42,85.62,32.00,50,83.26,40.00,149,96.33,100.00,65,66.90,46.00,40,60.00,6.00,15,113.72,74.00,46,80.96,64.00,80,88.87,52.00,102,91.65,94.00,48,61.84,116.00,76,101.27,4.00,70,95.58,118.00,81,,,,,,,,,,,,,,,,,,,,,,,,,,,,,,,,,,,,,,,,,,,,,
2020-07-19T19:39:30.623Z,None,0.00,0,None,0.00,1,None,52.00,35,None,0.00,1,None,0.00,1,None,0.00,3,None,0.00,11,74.60,16.00,27,67.17,66.00,41,106.34,184.00,126,65.85,0.00,16,79.42,74.00,73,78.79,42.00,87,153.33,0.00,1,None,0.00,0,93.23,0.00,33,65.67,0.00,8,77.08,0.00,33,46.89,2.00,25,63.25,52.00,42,78.96,2.00,11,26.15,0.00,1,1.11,42.00,23,78.02,54.00,42,85.62,32.00,50,83.26,40.00,149,96.33,100.00,65,66.90,46.00,40,60.00,6.00,15,113.72,74.00,46,80.96,64.00,80,88.87,52.00,102,91.65,94.00,48,61.84,116.00,76,101.27,4.00,70,95.58,118.00,81,,,,,,,,,,,,,,,,,,,,,,,,,,,,,,,,,,,,,,,,,,,,,
2020-07-20T07:39:43.380Z,None,0.00,0,None,0.00,1,None,46.00,35,None,0.00,1,None,0.00,1,None,0.00,3,None,0.00,11,81.99,18.00,27,69.67,66.00,41,112.96,174.00,126,70.35,0.00,16,84.27,72.00,73,75.69,44.00,87,158.33,0.00,1,None,0.00,0,99.25,2.00,33,71.64,0.00,8,81.94,0.00,33,51.45,2.00,25,65.74,52.00,42,79.83,2.00,11,43.08,0.00,1,0.84,38.00,23,76.09,60.00,42,89.46,46.00,50,82.30,36.00,149,101.96,112.00,65,70.37,56.00,40,63.66,8.00,15,95.85,74.00,46,95.69,54.00,80,90.72,56.00,102,93.73,98.00,48,70.37,116.00,76,85.23,6.00,70,97.67,116.00,81,,,,,,,,,,,,,,,,,,,,,,,,,,,,,,,,,,,,,,,,,,,,,
2020-07-20T16:08:51.117Z,None,0.00,0,None,0.00,5,None,46.00,33,None,0.00,1,None,0.00,1,None,0.00,3,None,0.00,11,81.99,20.00,22,69.67,62.00,53,112.96,164.00,127,70.35,0.00,26,84.27,74.00,64,75.69,44.00,84,158.33,0.00,1,None,0.00,0,99.25,0.00,40,71.64,0.00,11,81.94,0.00,36,51.45,2.00,18,65.74,48.00,52,79.83,2.00,10,43.08,0.00,3,0.84,40.00,21,76.09,58.00,43,89.46,52.00,61,82.30,34.00,164,101.96,108.00,71,70.37,42.00,49,63.66,22.00,15,95.85,64.00,51,95.69,50.00,91,90.72,50.00,90,93.73,90.00,54,70.37,126.00,76,85.23,8.00,61,97.67,108.00,85,None,0.00,0,,,,,,,,,,,,,,,,,,,,,,,,,,,,,,,,,,,,,,,,,,
2020-07-20T19:37:52.507Z,None,0.00,0,None,0.00,5,None,46.00,33,None,0.00,1,None,0.00,1,None,0.00,3,None,0.00,11,81.99,20.00,22,69.67,62.00,53,112.96,164.00,127,70.35,0.00,26,84.27,74.00,64,75.69,44.00,84,158.33,0.00,1,None,0.00,0,99.25,0.00,40,71.64,0.00,11,81.94,0.00,36,51.45,2.00,18,65.74,48.00,52,79.83,2.00,10,43.08,0.00,3,0.84,40.00,21,76.09,58.00,43,89.46,52.00,61,82.30,34.00,164,101.96,108.00,71,70.37,42.00,49,63.66,22.00,15,95.85,64.00,51,95.69,50.00,91,90.72,50.00,90,93.73,90.00,54,70.37,126.00,76,85.23,8.00,61,97.67,108.00,85,None,0.00,0,,,,,,,,,,,,,,,,,,,,,,,,,,,,,,,,,,,,,,,,,,
2020-07-21T15:44:09.447Z,None,0.00,0,None,0.00,5,None,38.00,33,None,0.00,0,None,0.00,1,None,0.00,3,None,0.00,10,79.91,22.00,26,71.00,64.00,50,117.68,164.00,124,70.96,0.00,30,82.52,70.00,45,72.07,46.00,82,144.17,0.00,1,None,0.00,0,101.50,0.00,38,73.13,0.00,28,80.56,0.00,33,43.15,18.00,21,66.47,48.00,51,77.52,2.00,9,38.46,0.00,2,1.67,34.00,40,77.76,52.00,21,86.90,52.00,60,79.25,34.00,160,99.74,96.00,68,66.99,38.00,43,61.41,40.00,16,90.25,64.00,44,92.93,58.00,101,90.93,46.00,132,95.32,100.00,57,61.84,126.00,79,84.81,8.00,58,100.49,104.00,83,None,0.00,0,None,0.00,0,None,0.00,0,None,0.00,0,None,0.00,0,,,,,,,,,,,,,,,,,,,,,,,,,,,,,,
2020-07-21T19:34:08.533Z,None,0.00,0,None,0.00,5,None,38.00,33,None,0.00,0,None,0.00,1,None,0.00,3,None,0.00,10,79.91,22.00,26,71.00,62.00,50,117.68,164.00,124,70.96,0.00,30,82.52,70.00,45,72.07,46.00,82,144.17,0.00,1,None,0.00,0,101.50,0.00,38,73.13,0.00,28,80.56,0.00,33,43.15,18.00,21,66.47,48.00,51,77.52,2.00,9,38.46,0.00,2,1.67,34.00,40,77.76,52.00,21,86.90,52.00,60,79.25,34.00,160,99.74,96.00,68,66.99,38.00,43,61.41,40.00,16,90.25,64.00,44,92.93,58.00,101,90.93,46.00,132,95.32,100.00,57,61.84,126.00,79,84.81,8.00,58,100.49,104.00,83,None,0.00,0,None,0.00,0,None,0.00,0,None,0.00,0,None,0.00,0,,,,,,,,,,,,,,,,,,,,,,,,,,,,,,
2020-07-22T07:21:49.913Z,None,0.00,0,None,0.00,5,None,36.00,33,None,0.00,0,None,0.00,1,None,0.00,3,None,0.00,10,84.99,22.00,26,77.17,62.00,50,116.60,164.00,124,71.78,0.00,30,83.11,78.00,45,71.72,50.00,82,140.83,0.00,1,None,0.00,0,100.00,0.00,38,70.90,0.00,28,87.85,0.00,33,56.02,24.00,21,68.96,54.00,51,78.96,2.00,9,50.77,0.00,2,1.67,30.00,40,79.56,58.00,21,84.35,50.00,60,75.93,34.00,160,104.61,66.00,68,67.07,46.00,43,62.25,28.00,16,89.71,56.00,44,96.29,64.00,101,91.55,48.00,132,97.91,106.00,57,63.30,112.00,79,82.28,10.00,58,101.35,100.00,83,None,0.00,0,None,0.00,0,None,0.00,0,None,0.00,0,None,0.00,0,,,,,,,,,,,,,,,,,,,,,,,,,,,,,,
2020-07-22T16:17:18.653Z,None,0.00,0,None,0.00,6,None,36.00,19,None,0.00,1,None,0.00,1,None,0.00,3,None,0.00,9,87.99,16.00,24,74.50,64.00,53,111.47,166.00,129,71.37,0.00,29,78.83,78.00,44,67.76,42.00,75,140.83,0.00,7,None,0.00,0,100.00,0.00,36,70.90,0.00,36,80.21,0.00,30,57.26,28.00,27,71.45,64.00,53,75.50,2.00,9,60.00,0.00,3,23.96,34.00,49,79.18,62.00,23,93.93,50.00,67,72.89,36.00,162,107.51,68.00,71,64.03,42.00,63,61.13,26.00,17,83.03,64.00,42,89.34,50.00,101,92.47,48.00,134,97.91,98.00,70,64.98,110.00,80,74.68,10.00,54,106.14,100.00,87,None,0.00,0,None,0.00,0,None,0.00,0,None,0.00,0,None,0.00,0,,,,,,,,,,,,,,,,,,,,,,,,,,,,,,
2020-07-22T19:32:45.860Z,None,0.00,0,None,0.00,6,None,36.00,19,None,0.00,1,None,0.00,1,None,0.00,3,None,0.00,9,87.99,16.00,24,74.50,64.00,53,111.47,166.00,129,71.37,0.00,29,78.83,78.00,44,67.76,42.00,75,140.83,0.00,7,None,0.00,0,100.00,0.00,36,70.90,0.00,36,80.21,0.00,30,57.26,28.00,27,71.45,64.00,53,75.50,2.00,9,60.00,0.00,3,23.96,34.00,49,79.18,62.00,23,93.93,50.00,67,72.89,36.00,162,107.51,68.00,71,64.03,42.00,63,61.13,26.00,17,83.03,64.00,42,89.34,50.00,101,92.47,48.00,134,97.91,98.00,70,64.98,110.00,80,74.68,10.00,54,106.14,100.00,87,None,0.00,0,None,0.00,0,None,0.00,0,None,0.00,0,None,0.00,0,,,,,,,,,,,,,,,,,,,,,,,,,,,,,,
2020-07-23T07:43:44.770Z,None,0.00,0,None,0.00,6,,,,None,0.00,1,None,0.00,1,None,0.00,3,None,0.00,9,83.83,14.00,24,74.17,62.00,53,119.84,186.00,129,71.17,0.00,29,84.66,76.00,44,71.21,40.00,75,151.67,0.00,7,None,0.00,0,100.75,0.00,36,61.94,0.00,36,85.76,0.00,30,60.17,30.00,27,67.50,92.00,53,79.83,2.00,9,43.08,0.00,3,1.11,50.00,49,76.74,68.00,23,86.90,46.00,67,79.67,36.00,162,102.13,70.00,71,65.51,42.00,63,64.79,26.00,17,93.32,68.00,42,100.12,46.00,101,91.03,54.00,134,98.29,100.00,70,61.50,114.00,80,81.43,10.00,54,103.32,120.00,87,None,0.00,0,None,0.00,0,None,0.00,0,None,0.00,0,None,0.00,0,None,38.00,19,,,,,,,,,,,,,,,,,,,,,,,,,,,
2020-07-23T15:47:26.380Z,None,0.00,0,None,0.00,5,,,,None,0.00,2,None,0.00,3,None,0.00,1,None,0.00,8,83.83,22.00,25,74.17,56.00,60,119.84,178.00,123,71.17,0.00,30,84.66,74.00,28,71.21,40.00,71,151.67,0.00,7,None,0.00,0,100.75,0.00,41,61.94,0.00,36,85.76,0.00,27,60.17,32.00,23,67.50,90.00,52,79.83,2.00,8,43.08,0.00,4,1.11,52.00,43,76.74,68.00,30,86.90,42.00,59,79.67,32.00,187,102.13,70.00,74,65.51,44.00,66,64.79,24.00,22,93.32,64.00,47,100.12,40.00,105,91.03,52.00,138,98.29,94.00,69,61.50,118.00,88,81.43,10.00,44,103.32,118.00,90,None,0.00,0,None,0.00,0,None,0.00,0,None,0.00,0,None,0.00,0,None,42.00,24,,,,,,,,,,,,,,,,,,,,,,,,,,,
2020-07-23T19:45:09.340Z,None,0.00,0,None,0.00,5,,,,None,0.00,2,None,0.00,3,None,0.00,1,None,0.00,8,83.83,22.00,25,74.17,56.00,60,119.84,178.00,123,71.17,0.00,30,84.66,72.00,28,71.21,40.00,71,151.67,0.00,7,None,0.00,0,100.75,0.00,41,61.94,0.00,36,85.76,0.00,27,60.17,32.00,23,67.50,90.00,52,79.83,2.00,8,43.08,0.00,4,1.11,52.00,43,76.74,68.00,30,86.90,42.00,59,79.67,32.00,187,102.13,70.00,74,65.51,44.00,66,64.79,24.00,22,93.32,64.00,47,100.12,40.00,105,91.03,52.00,138,98.29,94.00,69,61.50,118.00,88,81.43,10.00,44,103.32,118.00,90,None,0.00,0,None,0.00,0,None,0.00,0,None,0.00,0,None,0.00,0,None,42.00,24,,,,,,,,,,,,,,,,,,,,,,,,,,,
2020-07-24T07:25:49.703Z,None,0.00,0,None,0.00,5,,,,None,0.00,2,None,0.00,3,None,0.00,1,None,0.00,8,80.14,26.00,25,71.67,56.00,60,113.09,176.00,123,62.58,0.00,30,78.25,72.00,28,69.48,40.00,71,150.00,0.00,7,None,0.00,0,109.77,0.00,41,63.43,0.00,36,82.64,0.00,27,48.13,32.00,23,61.64,88.00,52,80.69,2.00,8,44.62,0.00,4,2.79,52.00,43,72.49,68.00,30,80.51,42.00,59,73.72,32.00,187,99.91,70.00,74,61.08,44.00,66,59.15,24.00,22,85.56,64.00,47,83.35,40.00,105,85.67,54.00,138,95.89,94.00,69,58.70,118.00,88,84.39,8.00,44,94.72,116.00,90,None,0.00,0,None,0.00,0,None,0.00,0,None,0.00,0,None,0.00,0,None,40.00,24,,,,,,,,,,,,,,,,,,,,,,,,,,,
2020-07-24T14:58:49.413Z,None,0.00,0,None,0.00,4,,,,None,0.00,1,None,0.00,1,None,0.00,1,None,0.00,8,80.14,26.00,30,71.67,60.00,51,113.09,178.00,122,62.58,0.00,29,78.25,72.00,27,69.48,40.00,67,150.00,0.00,9,None,0.00,0,109.77,0.00,37,63.43,0.00,48,82.64,0.00,25,48.13,32.00,23,61.64,88.00,51,80.69,4.00,6,44.62,0.00,5,2.79,52.00,98,72.49,68.00,31,80.51,42.00,59,73.72,32.00,168,99.91,80.00,81,61.08,44.00,83,59.15,28.00,20,85.56,64.00,41,83.35,40.00,98,85.67,54.00,123,95.89,90.00,71,58.70,118.00,98,84.39,8.00,41,94.72,98.00,84,None,0.00,0,None,0.00,0,None,0.00,0,None,0.00,0,None,0.00,0,None,40.00,27,,,,,,,,,,,,,,,,,,,,,,,,,,,
2020-07-25T16:46:57.223Z,None,0.00,0,None,0.00,5,,,,None,0.00,1,None,0.00,1,None,0.00,1,None,0.00,5,64.20,24.00,28,64.67,66.00,46,104.59,182.00,122,58.28,0.00,28,74.37,66.00,25,65.86,38.00,50,156.67,0.00,9,None,0.00,0,95.49,0.00,34,65.67,0.00,47,73.61,0.00,25,44.81,34.00,23,59.00,86.00,44,70.61,4.00,7,40.00,0.00,5,2.23,44.00,93,74.29,70.00,31,79.87,46.00,59,70.68,32.00,150,87.28,78.00,81,58.04,52.00,83,56.90,34.00,18,95.13,70.00,44,74.13,48.00,98,80.41,46.00,130,93.29,90.00,73,57.46,114.00,98,91.98,8.00,37,89.31,94.00,77,None,0.00,0,None,0.00,0,None,0.00,0,None,0.00,0,None,0.00,0,None,44.00,27,,,,,,,,,,,,,,,,,,,,,,,,,,,
2020-07-25T19:33:21.280Z,None,0.00,0,None,0.00,5,,,,None,0.00,1,None,0.00,1,None,0.00,1,None,0.00,5,64.20,24.00,28,64.67,66.00,46,104.59,180.00,122,58.28,0.00,28,74.37,66.00,25,65.86,38.00,50,156.67,0.00,9,None,0.00,0,95.49,0.00,34,65.67,0.00,47,73.61,0.00,25,44.81,34.00,23,59.00,86.00,44,70.61,4.00,7,40.00,0.00,5,2.23,44.00,93,74.29,70.00,31,79.87,46.00,59,70.68,32.00,150,87.28,78.00,81,58.04,52.00,83,56.90,34.00,18,95.13,70.00,44,74.13,48.00,98,80.41,46.00,130,93.29,90.00,73,57.46,112.00,98,91.98,8.00,37,89.31,94.00,77,None,0.00,0,None,0.00,0,None,0.00,0,None,0.00,0,None,0.00,0,None,44.00,27,,,,,,,,,,,,,,,,,,,,,,,,,,,
2020-07-26T07:34:22.503Z,None,0.00,0,None,0.00,5,,,,None,0.00,1,None,0.00,1,None,0.00,1,None,0.00,5,76.44,22.00,28,73.33,64.00,46,113.36,206.00,122,63.39,0.00,28,83.69,68.00,25,74.31,38.00,50,154.17,0.00,9,None,0.00,0,86.47,0.00,34,58.96,0.00,47,85.07,0.00,25,49.38,38.00,23,64.28,78.00,44,79.83,6.00,7,41.54,0.00,5,1.67,48.00,93,83.16,76.00,31,83.07,58.00,59,80.64,36.00,150,98.89,84.00,81,65.16,58.00,83,58.03,44.00,18,103.07,76.00,44,82.40,50.00,98,87.94,48.00,130,97.59,102.00,73,62.85,124.00,98,97.89,10.00,37,99.26,106.00,77,None,0.00,0,None,0.00,0,None,0.00,0,None,0.00,0,None,0.00,0,None,46.00,27,,,,,,,,,,,,,,,,,,,,,,,,,,,
2020-07-26T16:24:05.187Z,None,0.00,0,None,0.00,3,,,,None,0.00,1,None,0.00,3,None,0.00,1,None,0.00,5,76.44,24.00,27,73.33,68.00,35,113.36,164.00,103,63.39,0.00,29,83.69,70.00,44,74.31,32.00,48,154.17,0.00,12,None,0.00,0,86.47,0.00,17,58.96,0.00,46,85.07,0.00,19,49.38,36.00,19,64.28,68.00,44,79.83,8.00,7,41.54,0.00,6,1.67,46.00,110,83.16,70.00,35,83.07,58.00,60,80.64,28.00,142,98.89,90.00,78,65.16,58.00,83,58.03,38.00,21,103.07,78.00,51,82.40,46.00,94,87.94,44.00,127,97.59,102.00,61,62.85,126.00,86,97.89,8.00,36,99.26,102.00,93,None,0.00,0,None,0.00,0,None,0.00,0,None,0.00,0,None,0.00,0,None,50.00,28,,,,,,,,,,,,,,,,,,,,,,,,,,,
2020-07-26T19:12:10.287Z,None,0.00,0,None,0.00,3,,,,None,0.00,1,None,0.00,3,None,0.00,1,None,0.00,5,76.44,24.00,27,73.33,68.00,35,113.36,164.00,103,63.39,0.00,29,83.69,70.00,44,74.31,32.00,48,154.17,0.00,12,None,0.00,0,86.47,0.00,17,58.96,0.00,46,85.07,0.00,19,49.38,36.00,19,64.28,68.00,44,79.83,8.00,7,41.54,0.00,6,1.67,46.00,110,83.16,70.00,35,83.07,58.00,60,80.64,28.00,142,98.89,90.00,78,65.16,58.00,83,58.03,38.00,21,103.07,78.00,51,82.40,46.00,94,87.94,44.00,127,97.59,102.00,61,62.85,126.00,86,97.89,8.00,36,99.26,102.00,93,None,0.00,0,None,0.00,0,None,0.00,0,None,0.00,0,None,0.00,0,None,50.00,28,,,,,,,,,,,,,,,,,,,,,,,,,,,
2020-07-27T07:17:01.273Z,None,0.00,0,None,0.00,3,,,,None,0.00,1,None,0.00,3,None,0.00,1,None,0.00,5,82.45,24.00,27,76.67,72.00,35,119.97,152.00,103,70.96,0.00,29,83.88,74.00,44,76.21,36.00,48,164.17,0.00,12,None,0.00,0,99.25,0.00,17,58.96,0.00,46,84.72,0.00,19,57.26,34.00,19,65.59,70.00,44,79.54,10.00,7,55.38,0.00,6,0.84,46.00,110,78.15,72.00,35,86.58,48.00,60,79.94,30.00,142,103.84,110.00,78,68.03,72.00,83,65.63,34.00,21,94.95,76.00,51,93.77,50.00,94,91.75,52.00,127,99.56,90.00,61,66.89,118.00,86,73.42,12.00,36,103.69,106.00,93,None,0.00,0,None,0.00,0,None,0.00,0,None,0.00,0,None,0.00,0,None,48.00,28,,,,,,,,,,,,,,,,,,,,,,,,,,,
2020-07-27T16:04:20.010Z,None,0.00,0,None,0.00,4,,,,None,0.00,1,None,0.00,3,None,0.00,2,None,0.00,9,82.45,24.00,29,76.67,64.00,29,119.97,170.00,106,70.96,0.00,21,83.88,70.00,20,76.21,40.00,40,164.17,0.00,16,None,0.00,0,99.25,0.00,21,58.96,0.00,44,84.72,0.00,23,57.26,36.00,20,65.59,76.00,45,79.54,12.00,8,55.38,0.00,8,0.84,52.00,84,78.15,70.00,33,86.58,50.00,64,79.94,32.00,129,103.84,104.00,70,68.03,72.00,91,65.63,30.00,23,94.95,76.00,48,93.77,52.00,82,91.75,44.00,120,99.56,86.00,57,66.89,108.00,75,73.42,8.00,30,103.69,110.00,77,None,0.00,0,None,0.00,0,None,0.00,0,None,0.00,0,None,0.00,0,None,48.00,28,,,,,,,,,,,,,,,,,,,,,,,,,,,
2020-07-27T19:25:32.007Z,None,0.00,0,None,0.00,4,,,,None,0.00,1,None,0.00,3,None,0.00,2,None,0.00,9,82.45,24.00,29,76.67,64.00,29,119.97,170.00,106,70.96,0.00,21,83.88,70.00,20,76.21,40.00,40,164.17,0.00,16,None,0.00,0,99.25,0.00,21,58.96,0.00,44,84.72,0.00,23,57.26,36.00,20,65.59,76.00,45,79.54,12.00,8,55.38,0.00,8,0.84,52.00,84,78.15,70.00,33,86.58,50.00,64,79.94,32.00,129,103.84,104.00,70,68.03,72.00,91,65.63,30.00,23,94.95,76.00,48,93.77,52.00,82,91.75,44.00,120,99.56,86.00,57,66.89,108.00,75,73.42,8.00,30,103.69,110.00,77,None,0.00,0,None,0.00,0,None,0.00,0,None,0.00,0,None,0.00,0,None,48.00,28,,,,,,,,,,,,,,,,,,,,,,,,,,,
2020-07-28T04:31:31.657Z,None,0.00,0,None,0.00,4,,,,None,0.00,1,None,0.00,3,None,0.00,2,None,0.00,9,79.68,24.00,29,76.50,64.00,29,119.43,170.00,106,73.62,0.00,21,84.08,72.00,20,77.24,46.00,40,153.33,0.00,16,None,0.00,0,101.50,0.00,21,64.18,0.00,44,81.25,0.00,23,64.73,36.00,20,67.06,76.00,45,82.42,12.00,8,56.92,0.00,8,0.56,48.00,84,74.04,74.00,33,92.33,50.00,64,80.64,32.00,129,105.12,104.00,70,70.55,72.00,91,67.89,30.00,23,92.60,76.00,48,93.17,52.00,82,88.45,44.00,120,98.23,86.00,57,66.67,102.00,75,78.90,8.00,30,96.68,110.00,77,None,0.00,0,None,0.00,0,None,0.00,0,None,0.00,0,None,0.00,0,None,48.00,28,,,,,,,,,,,,,,,,,,,,,,,,,,,
2020-07-28T07:41:01.270Z,None,0.00,0,None,0.00,4,,,,None,0.00,1,None,0.00,3,None,0.00,2,None,0.00,9,79.68,24.00,29,76.50,64.00,29,119.43,182.00,106,73.62,0.00,21,84.08,72.00,20,77.24,46.00,40,153.33,0.00,16,None,0.00,0,101.50,0.00,21,64.18,0.00,44,81.25,0.00,23,64.73,42.00,20,67.06,74.00,45,82.42,16.00,8,56.92,0.00,8,0.56,48.00,84,74.04,74.00,33,92.33,54.00,64,80.64,36.00,129,105.12,110.00,70,70.55,60.00,91,67.89,26.00,23,92.60,90.00,48,93.17,50.00,82,88.45,50.00,120,98.23,80.00,57,66.67,112.00,75,78.90,10.00,30,96.68,108.00,77,None,0.00,0,None,0.00,0,None,0.00,0,None,0.00,0,None,0.00,0,None,42.00,28,,,,,,,,,,,,,,,,,,,,,,,,,,,
2020-07-28T08:57:27.217Z,None,0.00,0,None,0.00,4,,,,None,0.00,1,None,0.00,3,None,0.00,2,None,0.00,9,79.68,0.00,29,76.50,0.00,29,,,,,,,84.08,0.00,20,,,,153.33,0.00,16,None,0.00,0,101.50,0.00,21,64.18,0.00,44,81.25,0.00,23,,,,67.06,0.00,45,,,,56.92,0.00,8,0.56,0.00,84,74.04,0.00,33,92.33,0.00,64,80.64,0.00,129,,,,70.55,0.00,91,67.89,0.00,23,92.60,0.00,48,,,,88.45,0.00,120,98.23,0.00,57,,,,78.90,0.00,30,96.68,0.00,77,,,,,,,,,,,,,,,,,,,105.12,0.00,70,None,0.00,28,93.17,0.00,82,77.24,0.00,40,64.73,0.00,20,82.42,0.00,8,73.62,0.00,21,119.43,0.00,106,66.67,0.00,75
2020-07-28T07:41:01.270Z,None,0.00,0,None,0.00,4,,,,None,0.00,1,None,0.00,3,None,0.00,2,None,0.00,9,79.68,24.00,29,76.50,64.00,29,119.43,182.00,106,73.62,0.00,21,84.08,72.00,20,77.24,46.00,40,153.33,0.00,16,None,0.00,0,101.50,0.00,21,64.18,0.00,44,81.25,0.00,23,64.73,42.00,20,67.06,74.00,45,82.42,16.00,8,56.92,0.00,8,0.56,48.00,84,74.04,74.00,33,92.33,54.00,64,80.64,36.00,129,105.12,110.00,70,70.55,60.00,91,67.89,26.00,23,92.60,90.00,48,93.17,50.00,82,88.45,50.00,120,98.23,80.00,57,66.67,112.00,75,78.90,10.00,30,96.68,108.00,77,None,0.00,0,None,0.00,0,None,0.00,0,None,0.00,0,None,0.00,0,None,42.00,28,,,,,,,,,,,,,,,,,,,,,,,,,,,
2020-07-28T15:57:37.887Z,None,0.00,0,None,0.00,7,,,,None,0.00,1,None,0.00,3,None,0.00,2,None,0.00,10,79.68,34.00,28,76.50,62.00,34,119.43,166.00,109,73.62,0.00,14,84.08,74.00,36,77.24,46.00,33,153.33,0.00,30,None,0.00,0,101.50,0.00,16,64.18,0.00,44,81.25,0.00,26,64.73,42.00,21,67.06,70.00,49,82.42,18.00,7,56.92,0.00,10,0.56,48.00,84,74.04,74.00,39,92.33,56.00,60,80.64,34.00,138,105.12,114.00,63,70.55,56.00,84,67.89,32.00,19,92.60,70.00,45,93.17,48.00,74,88.45,46.00,105,98.23,78.00,52,66.67,116.00,82,78.90,6.00,26,96.68,100.00,77,None,0.00,0,None,0.00,0,None,0.00,0,None,0.00,0,None,0.00,0,None,44.00,24,,,,,,,,,,,,,,,,,,,,,,,,,,,
2020-07-28T19:05:30.067Z,None,0.00,0,None,0.00,7,,,,None,0.00,1,None,0.00,3,None,0.00,2,None,0.00,10,79.68,36.00,28,76.50,62.00,34,112.42,166.00,109,70.96,0.00,14,84.08,74.00,36,72.76,46.00,33,153.33,0.00,30,None,0.00,0,101.50,0.00,16,64.18,0.00,44,83.33,0.00,26,62.66,40.00,21,67.06,70.00,49,77.23,18.00,7,49.23,0.00,10,21.17,48.00,84,77.89,74.00,39,98.72,56.00,60,80.64,34.00,138,108.88,114.00,63,68.11,56.00,84,67.89,32.00,19,74.19,70.00,45,84.19,48.00,74,90.00,46.00,105,98.23,78.00,52,69.58,116.00,82,75.53,6.00,26,102.70,98.00,77,None,0.00,0,None,0.00,0,None,0.00,0,None,0.00,0,None,0.00,0,None,46.00,24,,,,,,,,,,,,,,,,,,,,,,,,,,,
2020-07-29T04:22:45.457Z,None,0.00,0,None,0.00,7,,,,None,0.00,1,None,0.00,3,None,0.00,2,None,0.00,10,79.68,36.00,28,76.50,62.00,34,112.42,166.00,109,70.96,0.00,14,84.08,66.00,36,72.76,46.00,33,153.33,0.00,30,None,0.00,0,101.50,0.00,16,64.18,0.00,44,83.33,0.00,26,62.66,40.00,21,67.06,70.00,49,77.23,18.00,7,49.23,0.00,10,21.17,48.00,84,77.89,74.00,39,98.72,56.00,60,80.64,34.00,138,108.88,114.00,63,68.11,56.00,84,67.89,34.00,19,74.19,70.00,45,84.19,48.00,74,90.00,46.00,105,98.23,78.00,52,69.58,116.00,82,75.53,6.00,26,102.70,98.00,77,None,0.00,0,None,0.00,0,None,0.00,0,None,0.00,0,None,0.00,0,None,46.00,24,,,,,,,,,,,,,,,,,,,,,,,,,,,
2020-07-29T07:43:55.003Z,None,0.00,0,None,0.00,7,,,,None,0.00,1,None,0.00,3,None,0.00,2,None,0.00,10,78.75,34.00,28,75.17,64.00,34,112.96,168.00,109,72.60,0.00,14,81.75,66.00,36,79.31,46.00,33,150.00,0.00,30,None,0.00,0,98.50,0.00,16,64.93,0.00,44,89.93,0.00,26,61.83,46.00,21,66.47,70.00,49,74.93,18.00,7,43.08,0.00,10,1.11,48.00,84,78.79,74.00,39,92.97,56.00,60,77.32,40.00,138,106.15,118.00,63,66.20,58.00,84,68.17,38.00,19,87.73,78.00,45,90.90,60.00,74,90.52,42.00,105,97.97,74.00,52,68.13,120.00,82,81.01,8.00,26,96.19,98.00,77,None,0.00,0,None,0.00,0,None,0.00,0,None,0.00,0,None,0.00,0,None,42.00,24,,,,,,,,,,,,,,,,,,,,,,,,,,,
2020-07-29T15:54:50.897Z,None,0.00,0,None,0.00,7,,,,None,0.00,1,None,0.00,3,None,0.00,5,None,0.00,12,78.75,28.00,28,75.17,64.00,39,112.96,160.00,114,72.60,2.00,14,81.75,68.00,32,79.31,40.00,25,150.00,0.00,29,None,0.00,0,98.50,0.00,18,64.93,0.00,44,89.93,0.00,24,61.83,46.00,21,66.47,72.00,43,74.93,10.00,7,43.08,0.00,11,1.11,44.00,98,78.79,74.00,41,92.97,58.00,57,77.32,38.00,145,106.15,114.00,58,66.20,50.00,78,68.17,48.00,18,87.73,78.00,45,90.90,68.00,60,90.52,42.00,77,97.97,74.00,55,68.13,128.00,81,81.01,8.00,37,96.19,96.00,70,None,0.00,0,None,0.00,0,None,0.00,0,None,0.00,0,None,0.00,0,None,44.00,18,,,,,,,,,,,,,,,,,,,,,,,,,,,
2020-07-29T19:47:41.590Z,None,0.00,0,None,0.00,7,,,,None,0.00,1,None,0.00,3,None,0.00,5,None,0.00,12,78.75,28.00,28,75.17,64.00,39,111.20,160.00,114,76.28,2.00,14,82.52,68.00,32,78.62,40.00,25,150.00,0.00,29,None,0.00,0,98.50,0.00,18,64.93,0.00,44,93.75,0.00,24,62.66,46.00,21,66.47,72.00,43,77.52,10.00,7,47.69,0.00,11,19.22,44.00,98,79.43,74.00,41,97.44,58.00,57,77.32,38.00,145,108.71,114.00,58,67.85,50.00,78,68.17,48.00,18,78.52,78.00,45,83.59,68.00,60,91.55,42.00,77,97.97,74.00,55,71.49,128.00,81,72.57,8.00,37,103.19,96.00,70,None,0.00,0,None,0.00,0,None,0.00,0,None,0.00,0,None,0.00,0,None,44.00,18,,,,,,,,,,,,,,,,,,,,,,,,,,,
2020-07-30T03:34:45.407Z,None,0.00,0,None,0.00,7,,,,None,0.00,1,None,0.00,3,None,0.00,5,None,0.00,12,78.75,28.00,28,75.17,62.00,39,111.20,160.00,114,76.28,10.00,14,82.52,68.00,32,78.62,40.00,25,150.00,0.00,29,None,0.00,0,98.50,0.00,18,64.93,0.00,44,93.75,0.00,24,62.66,46.00,21,66.47,64.00,43,77.52,12.00,7,47.69,0.00,11,19.22,44.00,98,79.43,84.00,41,97.44,58.00,57,77.32,38.00,145,108.71,114.00,58,67.85,50.00,78,68.17,48.00,18,78.52,78.00,45,83.59,68.00,60,91.55,44.00,77,97.97,74.00,55,71.49,114.00,81,72.57,8.00,37,103.19,96.00,70,None,0.00,0,None,0.00,0,None,0.00,0,None,0.00,0,None,0.00,0,None,44.00,18,,,,,,,,,,,,,,,,,,,,,,,,,,,
2020-07-30T07:55:24.147Z,None,0.00,0,None,0.00,7,,,,None,0.00,1,None,0.00,3,None,0.00,5,None,0.00,12,80.83,26.00,28,70.50,60.00,39,109.31,162.00,114,71.78,10.00,14,75.34,72.00,32,70.00,42.00,25,161.67,0.00,29,None,0.00,0,90.98,0.00,18,63.43,0.00,44,90.97,0.00,24,52.70,48.00,21,67.79,64.00,43,76.66,12.00,7,40.00,0.00,11,1.39,36.00,98,76.22,82.00,41,93.93,64.00,57,78.42,42.00,145,105.98,116.00,58,67.85,50.00,78,69.30,42.00,18,86.46,78.00,45,89.34,70.00,60,93.71,44.00,77,96.20,84.00,55,66.33,118.00,81,76.37,6.00,37,90.42,94.00,70,None,0.00,0,None,0.00,0,None,0.00,0,None,0.00,0,None,0.00,0,None,42.00,18,,,,,,,,,,,,,,,,,,,,,,,,,,,
2020-07-30T15:43:54.137Z,None,0.00,0,None,0.00,7,,,,None,0.00,1,None,0.00,3,None,0.00,5,None,0.00,11,80.83,26.00,27,70.50,60.00,38,109.31,160.00,118,71.78,12.00,12,75.34,68.00,38,70.00,38.00,27,161.67,0.00,33,None,0.00,0,90.98,0.00,20,63.43,0.00,36,90.97,0.00,26,52.70,48.00,22,67.79,68.00,41,76.66,12.00,8,40.00,0.00,11,1.39,38.00,95,76.22,86.00,42,93.93,64.00,57,78.42,38.00,132,105.98,118.00,49,67.85,50.00,70,69.30,44.00,20,86.46,78.00,48,89.34,66.00,65,93.71,42.00,57,96.20,82.00,86,66.33,120.00,71,76.37,8.00,35,90.42,92.00,68,None,0.00,0,None,0.00,0,None,0.00,0,None,0.00,0,None,0.00,0,None,40.00,19,,,,,,,,,,,,,,,,,,,,,,,,,,,
2020-07-30T19:25:51.573Z,None,0.00,0,None,0.00,7,,,,None,0.00,1,None,0.00,3,None,0.00,5,None,0.00,11,80.83,26.00,27,70.50,60.00,38,109.31,160.00,118,71.78,12.00,12,75.34,68.00,38,70.00,38.00,27,161.67,0.00,33,None,0.00,0,90.98,0.00,20,63.43,0.00,36,90.97,0.00,26,52.70,48.00,22,67.79,68.00,41,76.66,12.00,8,40.00,0.00,11,1.39,38.00,95,76.22,86.00,42,93.93,64.00,57,78.42,38.00,132,105.98,118.00,49,67.85,50.00,70,69.30,44.00,20,86.46,78.00,48,89.34,66.00,65,93.71,42.00,57,96.20,82.00,86,66.33,120.00,71,76.37,8.00,35,90.42,92.00,68,None,0.00,0,None,0.00,0,None,0.00,0,None,0.00,0,None,0.00,0,None,40.00,19,,,,,,,,,,,,,,,,,,,,,,,,,,,
2020-07-31T03:50:21.007Z,None,0.00,0,None,0.00,7,,,,None,0.00,1,None,0.00,3,None,0.00,5,None,0.00,11,80.83,26.00,27,70.50,60.00,38,109.31,160.00,118,71.78,20.00,12,75.34,68.00,38,70.00,38.00,27,161.67,0.00,33,None,0.00,0,90.98,0.00,20,63.43,0.00,36,90.97,0.00,26,52.70,44.00,22,67.79,66.00,41,76.66,12.00,8,40.00,0.00,11,1.39,36.00,95,76.22,78.00,42,93.93,64.00,57,78.42,36.00,132,105.98,118.00,49,67.85,46.00,70,69.30,44.00,20,86.46,72.00,48,89.34,72.00,65,93.71,38.00,57,96.20,82.00,86,66.33,120.00,71,76.37,8.00,35,90.42,92.00,68,None,0.00,0,None,0.00,0,None,0.00,0,None,0.00,0,None,0.00,0,None,40.00,19,,,,,,,,,,,,,,,,,,,,,,,,,,,
2020-07-31T07:43:12.217Z,None,0.00,0,None,0.00,7,,,,None,0.00,1,None,0.00,3,None,0.00,5,None,0.00,11,73.44,28.00,27,63.67,64.00,38,99.19,180.00,118,64.01,20.00,12,71.65,72.00,38,66.72,44.00,27,152.50,0.00,33,None,0.00,0,82.71,0.00,20,61.19,0.00,36,74.65,0.00,26,48.96,40.00,22,62.23,60.00,41,70.32,12.00,8,46.15,0.00,11,1.11,36.00,95,70.31,78.00,42,95.85,66.00,57,65.84,36.00,132,102.39,112.00,49,58.73,46.00,70,59.44,42.00,20,82.85,72.00,48,77.25,56.00,65,88.04,34.00,57,93.67,82.00,86,60.16,118.00,71,73.42,8.00,35,86.36,104.00,68,None,0.00,0,None,0.00,0,None,0.00,0,None,0.00,0,None,0.00,0,None,40.00,19,,,,,,,,,,,,,,,,,,,,,,,,,,,
2020-07-31T14:53:21.500Z,None,0.00,0,None,0.00,12,,,,None,0.00,0,None,0.00,2,None,0.00,3,None,0.00,10,73.44,28.00,23,63.67,64.00,55,99.19,172.00,118,64.01,20.00,12,71.65,68.00,35,66.72,44.00,27,152.50,0.00,34,None,0.00,0,82.71,0.00,33,61.19,0.00,38,74.65,0.00,27,48.96,40.00,22,62.23,54.00,34,70.32,14.00,7,46.15,0.00,9,1.11,40.00,95,70.31,78.00,43,95.85,66.00,57,65.84,36.00,115,102.39,114.00,42,58.73,46.00,70,59.44,42.00,22,82.85,72.00,48,77.25,56.00,53,88.04,34.00,49,93.67,90.00,84,60.16,96.00,58,73.42,4.00,31,86.36,108.00,58,None,0.00,0,None,0.00,0,None,0.00,0,None,0.00,0,None,0.00,0,None,44.00,19,,,,,,,,,,,,,,,,,,,,,,,,,,,
2020-08-01T16:50:00.920Z,None,0.00,0,None,0.00,12,,,,None,0.00,0,None,0.00,2,None,0.00,4,None,0.00,10,64.67,30.00,26,58.17,58.00,55,91.90,168.00,118,57.67,22.00,10,72.23,64.00,36,65.34,48.00,24,142.50,0.00,32,None,0.00,0,69.92,8.00,32,64.18,0.00,34,71.53,0.00,27,48.96,42.00,22,57.83,54.00,31,63.11,24.00,7,50.77,0.00,7,1.95,40.00,101,69.02,72.00,43,90.10,54.00,57,62.66,38.00,109,92.91,126.00,42,57.08,52.00,70,57.75,34.00,21,92.06,76.00,45,80.12,54.00,53,88.04,44.00,33,90.38,94.00,79,60.16,90.00,58,83.12,4.00,26,82.80,122.00,54,None,0.00,0,None,0.00,0,None,0.00,0,None,0.00,0,None,0.00,0,None,58.00,19,,,,,,,,,,,,,,,,,,,,,,,,,,,
2020-08-01T19:55:08.933Z,None,0.00,0,None,0.00,12,,,,None,0.00,0,None,0.00,2,None,0.00,4,None,0.00,10,64.67,30.00,26,58.17,60.00,55,91.90,168.00,118,57.67,24.00,10,72.23,64.00,36,65.34,48.00,24,142.50,0.00,32,None,0.00,0,69.92,10.00,32,64.18,0.00,34,71.53,0.00,27,48.96,40.00,22,57.83,54.00,31,63.11,24.00,7,50.77,0.00,7,1.95,40.00,101,69.02,72.00,43,90.10,52.00,57,62.66,38.00,109,92.91,124.00,42,57.08,52.00,70,57.75,34.00,21,92.06,76.00,45,80.12,62.00,53,88.04,44.00,33,90.38,90.00,79,60.16,90.00,58,83.12,4.00,26,82.80,106.00,54,None,0.00,0,None,0.00,0,None,0.00,0,None,0.00,0,None,0.00,0,None,58.00,19,,,,,,,,,,,,,,,,,,,,,,,,,,,
2020-08-02T03:33:43.373Z,None,0.00,0,None,0.00,12,,,,None,0.00,0,None,0.00,2,None,0.00,4,None,0.00,10,64.67,30.00,26,58.17,60.00,55,91.90,168.00,118,57.67,24.00,10,72.23,64.00,36,65.34,48.00,24,142.50,0.00,32,None,0.00,0,69.92,10.00,32,64.18,0.00,34,71.53,0.00,27,48.96,40.00,22,57.83,54.00,31,63.11,24.00,7,50.77,0.00,7,1.95,40.00,101,69.02,70.00,43,90.10,52.00,57,62.66,38.00,109,92.91,124.00,42,57.08,52.00,70,57.75,36.00,21,92.06,76.00,45,80.12,64.00,53,88.04,44.00,33,90.38,90.00,79,60.16,90.00,58,83.12,4.00,26,82.80,106.00,54,None,0.00,0,None,0.00,0,None,0.00,0,None,0.00,0,None,0.00,0,None,58.00,19,,,,,,,,,,,,,,,,,,,,,,,,,,,
2020-08-02T07:36:18.830Z,None,0.00,0,None,0.00,12,,,,None,0.00,0,None,0.00,2,None,0.00,4,None,0.00,10,72.52,28.00,26,66.00,64.00,55,101.62,184.00,118,65.03,26.00,10,78.83,70.00,36,73.10,54.00,24,141.67,0.00,32,None,0.00,0,78.20,12.00,32,64.93,0.00,34,84.38,0.00,27,56.02,44.00,22,64.57,60.00,31,75.50,28.00,7,56.92,0.00,7,1.95,40.00,101,74.94,58.00,43,98.08,58.00,57,67.36,36.00,109,102.05,122.00,42,62.90,54.00,70,59.72,26.00,21,100.72,74.00,45,86.83,50.00,53,89.18,46.00,33,91.71,92.00,79,58.02,96.00,58,91.14,4.00,26,92.75,112.00,54,None,0.00,0,None,0.00,0,None,0.00,0,None,0.00,0,None,0.00,0,None,52.00,19,,,,,,,,,,,,,,,,,,,,,,,,,,,
2020-08-02T14:56:26.230Z,None,0.00,0,None,0.00,15,,,,None,0.00,0,None,0.00,2,None,0.00,3,None,0.00,9,72.52,26.00,23,66.00,70.00,48,101.62,184.00,93,65.03,24.00,11,78.83,70.00,32,73.10,54.00,27,141.67,0.00,32,None,0.00,0,78.20,18.00,41,64.93,0.00,28,84.38,0.00,30,56.02,42.00,17,64.57,60.00,27,75.50,28.00,5,56.92,0.00,4,1.95,48.00,92,74.94,58.00,48,98.08,58.00,49,67.36,36.00,97,102.05,120.00,40,62.90,54.00,55,59.72,22.00,24,100.72,68.00,46,86.83,52.00,46,89.18,48.00,37,91.71,92.00,56,58.02,96.00,51,91.14,4.00,24,92.75,110.00,60,None,0.00,0,None,0.00,0,None,0.00,0,None,0.00,0,None,0.00,0,None,50.00,22,,,,,,,,,,,,,,,,,,,,,,,,,,,
2020-08-02T19:40:45.250Z,None,0.00,0,None,0.00,15,,,,None,0.00,0,None,0.00,2,None,0.00,3,None,0.00,9,72.52,26.00,23,66.00,70.00,48,101.62,184.00,93,65.03,24.00,11,78.83,70.00,32,73.10,54.00,27,141.67,0.00,32,None,0.00,0,78.20,18.00,41,64.93,0.00,28,84.38,0.00,30,56.02,42.00,17,64.57,60.00,27,75.50,28.00,5,56.92,0.00,4,1.95,48.00,92,74.94,58.00,48,98.08,58.00,49,67.36,36.00,97,102.05,120.00,40,62.90,54.00,55,59.72,22.00,24,100.72,68.00,46,86.83,52.00,46,89.18,48.00,37,91.71,92.00,56,58.02,96.00,51,91.14,4.00,24,92.75,110.00,60,None,0.00,0,None,0.00,0,None,0.00,0,None,0.00,0,None,0.00,0,None,50.00,22,,,,,,,,,,,,,,,,,,,,,,,,,,,
2020-08-03T04:12:58.747Z,None,0.00,0,None,0.00,15,,,,None,0.00,0,None,0.00,2,None,0.00,3,None,0.00,9,72.52,26.00,23,66.00,70.00,48,101.62,184.00,93,65.03,30.00,11,78.83,70.00,32,73.10,54.00,27,141.67,0.00,32,None,0.00,0,78.20,18.00,41,64.93,0.00,28,84.38,0.00,30,56.02,42.00,17,64.57,54.00,27,75.50,28.00,5,56.92,0.00,4,1.95,48.00,92,74.94,68.00,48,98.08,58.00,49,67.36,36.00,97,102.05,120.00,40,62.90,54.00,55,59.72,24.00,24,100.72,68.00,46,86.83,52.00,46,89.18,48.00,37,91.71,92.00,56,58.02,96.00,51,91.14,4.00,24,92.75,110.00,60,None,0.00,0,None,0.00,0,None,0.00,0,None,0.00,0,None,0.00,0,None,50.00,22,,,,,,,,,,,,,,,,,,,,,,,,,,,
2020-08-03T07:31:19.470Z,None,0.00,0,None,0.00,15,,,,None,0.00,0,None,0.00,2,None,0.00,3,None,0.00,9,75.98,28.00,23,71.33,66.00,48,109.04,184.00,93,68.71,32.00,11,76.70,62.00,32,77.76,54.00,27,144.17,0.00,32,None,0.00,0,85.71,18.00,41,67.16,0.00,28,84.03,0.00,30,57.26,40.00,17,71.89,56.00,27,78.10,26.00,5,52.31,0.00,4,1.67,48.00,92,71.08,68.00,48,95.21,52.00,49,72.75,36.00,97,106.23,118.00,40,65.51,56.00,55,63.38,24.00,24,90.61,74.00,46,90.66,58.00,46,89.59,60.00,37,95.63,94.00,56,62.18,94.00,51,80.59,6.00,24,92.51,104.00,60,None,0.00,0,None,0.00,0,None,0.00,0,None,0.00,0,None,0.00,0,None,50.00,22,,,,,,,,,,,,,,,,,,,,,,,,,,,
2020-08-03T15:51:59.413Z,None,0.00,0,None,0.00,15,,,,None,0.00,3,None,0.00,1,None,0.00,3,None,0.00,5,75.98,28.00,23,71.33,68.00,64,109.04,160.00,85,68.71,34.00,11,76.70,62.00,33,77.76,56.00,27,144.17,0.00,27,None,0.00,0,85.71,20.00,42,67.16,0.00,12,84.03,0.00,32,57.26,38.00,14,71.89,62.00,28,78.10,26.00,5,52.31,0.00,4,1.67,52.00,93,71.08,64.00,53,95.21,54.00,48,72.75,38.00,137,106.23,120.00,42,65.51,56.00,47,63.38,20.00,23,90.61,76.00,52,90.66,62.00,45,89.59,50.00,38,95.63,98.00,68,62.18,96.00,40,80.59,6.00,27,92.51,98.00,52,None,0.00,0,None,0.00,0,None,0.00,0,None,0.00,0,None,0.00,0,None,44.00,20,,,,,,,,,,,,,,,,,,,,,,,,,,,
2020-08-03T19:19:51.413Z,None,0.00,0,None,0.00,15,,,,None,0.00,3,None,0.00,1,None,0.00,3,None,0.00,5,75.98,28.00,23,71.33,68.00,64,109.04,160.00,85,68.71,34.00,11,76.70,62.00,33,77.76,56.00,27,144.17,0.00,27,None,0.00,0,85.71,20.00,42,67.16,0.00,12,84.03,0.00,32,57.26,38.00,14,71.89,62.00,28,78.10,26.00,5,52.31,0.00,4,1.67,52.00,93,71.08,64.00,53,95.21,54.00,48,72.75,38.00,137,106.23,120.00,42,65.51,56.00,47,63.38,18.00,23,90.61,76.00,52,90.66,62.00,45,89.59,50.00,38,95.63,98.00,68,62.18,96.00,40,80.59,6.00,27,92.51,98.00,52,None,0.00,0,None,0.00,0,None,0.00,0,None,0.00,0,None,0.00,0,None,44.00,20,,,,,,,,,,,,,,,,,,,,,,,,,,,
2020-08-04T04:24:01.137Z,None,0.00,0,None,0.00,15,,,,None,0.00,3,None,0.00,1,None,0.00,3,None,0.00,5,75.98,28.00,23,71.33,68.00,64,109.04,160.00,85,68.71,34.00,11,76.70,62.00,33,77.76,56.00,27,144.17,0.00,27,None,0.00,0,85.71,20.00,42,67.16,0.00,12,84.03,0.00,32,57.26,38.00,14,71.89,62.00,28,78.10,26.00,5,52.31,0.00,4,1.67,52.00,93,71.08,64.00,53,95.21,54.00,48,72.75,38.00,137,106.23,120.00,42,65.51,48.00,47,63.38,18.00,23,90.61,82.00,52,90.66,62.00,45,89.59,50.00,38,95.63,98.00,68,62.18,96.00,40,80.59,6.00,27,92.51,98.00,52,None,0.00,0,None,0.00,0,None,0.00,0,None,0.00,0,None,0.00,0,None,44.00,20,,,,,,,,,,,,,,,,,,,,,,,,,,,
2020-08-04T07:09:49.710Z,None,0.00,0,None,0.00,15,,,,None,0.00,3,None,0.00,1,None,0.00,3,None,0.00,5,80.60,28.00,23,72.50,54.00,64,110.12,182.00,85,75.87,30.00,11,75.15,66.00,33,77.07,48.00,27,155.00,0.00,27,None,0.00,0,82.71,22.00,42,64.18,0.00,12,79.51,0.00,32,57.26,36.00,14,70.42,58.00,28,80.98,28.00,5,58.46,0.00,4,1.11,56.00,93,74.16,64.00,53,88.82,44.00,48,75.38,36.00,137,105.55,110.00,42,70.89,48.00,47,61.97,24.00,23,96.21,80.00,52,96.77,76.00,45,89.07,46.00,38,96.46,96.00,68,65.54,100.00,40,84.39,2.00,27,94.47,104.00,52,None,0.00,0,None,0.00,0,None,0.00,0,None,0.00,0,None,0.00,0,None,34.00,20,,,,,,,,,,,,,,,,,,,,,,,,,,,
2020-08-04T16:04:10.740Z,None,0.00,0,None,0.00,14,,,,None,0.00,2,None,0.00,3,None,0.00,4,None,0.00,4,80.60,26.00,27,72.50,56.00,50,110.12,182.00,84,75.87,28.00,23,75.15,64.00,44,77.07,46.00,26,155.00,0.00,23,None,0.00,0,82.71,22.00,46,64.18,0.00,12,79.51,0.00,25,57.26,38.00,6,70.42,62.00,24,80.98,28.00,7,58.46,0.00,5,1.11,60.00,35,74.16,62.00,55,88.82,52.00,43,75.38,32.00,135,105.55,112.00,39,70.89,48.00,47,61.97,32.00,21,96.21,66.00,50,96.77,58.00,52,89.07,44.00,37,96.46,104.00,65,65.54,100.00,35,84.39,0.00,23,94.47,102.00,55,None,0.00,0,None,0.00,0,None,0.00,0,None,0.00,0,None,0.00,0,None,36.00,23,,,,,,,,,,,,,,,,,,,,,,,,,,,
2020-08-04T19:23:52.547Z,None,0.00,0,None,0.00,14,,,,None,0.00,2,None,0.00,3,None,0.00,4,None,0.00,4,80.60,26.00,27,72.50,56.00,50,110.12,182.00,84,75.87,28.00,23,75.15,64.00,44,77.07,46.00,26,155.00,0.00,23,None,0.00,0,82.71,22.00,46,64.18,0.00,12,79.51,0.00,25,57.26,38.00,6,70.42,62.00,24,80.98,28.00,7,58.46,0.00,5,1.11,60.00,35,74.16,62.00,55,88.82,52.00,43,75.38,32.00,135,105.55,110.00,39,70.89,48.00,47,61.97,30.00,21,96.21,66.00,50,96.77,58.00,52,89.07,44.00,37,96.46,104.00,65,65.54,100.00,35,84.39,0.00,23,94.47,102.00,55,None,0.00,0,None,0.00,0,None,0.00,0,None,0.00,0,None,0.00,0,None,36.00,23,,,,,,,,,,,,,,,,,,,,,,,,,,,
2020-08-05T04:07:11.650Z,None,0.00,0,None,0.00,14,,,,None,0.00,2,None,0.00,3,None,0.00,4,None,0.00,4,80.60,26.00,27,72.50,56.00,50,110.12,182.00,84,75.87,28.00,23,75.15,64.00,44,77.07,46.00,26,155.00,0.00,23,None,0.00,0,82.71,22.00,46,64.18,0.00,12,79.51,0.00,25,57.26,38.00,6,70.42,62.00,24,80.98,28.00,7,58.46,0.00,5,1.11,60.00,35,74.16,62.00,55,88.82,52.00,43,75.38,32.00,135,105.55,110.00,39,70.89,48.00,47,61.97,30.00,21,96.21,66.00,50,96.77,58.00,52,89.07,44.00,37,96.46,104.00,65,65.54,100.00,35,84.39,0.00,23,94.47,102.00,55,None,0.00,0,None,0.00,0,None,0.00,0,None,0.00,0,None,0.00,0,None,36.00,23,,,,,,,,,,,,,,,,,,,,,,,,,,,
2020-08-05T07:07:34.267Z,None,0.00,0,None,0.00,14,,,,None,0.00,2,None,0.00,3,None,0.00,4,None,0.00,4,82.45,26.00,27,71.33,56.00,50,112.28,184.00,84,76.28,28.00,23,76.31,56.00,44,80.17,42.00,26,150.00,0.00,23,None,0.00,0,90.98,20.00,46,67.16,0.00,12,87.85,0.00,25,63.90,38.00,6,68.52,62.00,24,80.12,26.00,7,50.77,0.00,5,1.95,58.00,35,75.19,64.00,55,83.07,52.00,43,76.07,38.00,135,104.87,106.00,39,74.72,52.00,47,71.55,42.00,21,93.32,62.00,50,96.17,56.00,52,89.38,46.00,37,97.22,98.00,65,65.54,100.00,35,85.65,0.00,23,96.56,94.00,55,None,0.00,0,None,0.00,0,None,0.00,0,None,0.00,0,None,0.00,0,None,38.00,23,,,,,,,,,,,,,,,,,,,,,,,,,,,
2020-08-05T15:57:55.180Z,None,0.00,0,None,0.00,15,,,,None,0.00,2,None,0.00,3,None,0.00,4,None,0.00,4,82.45,26.00,24,71.33,62.00,52,112.28,178.00,99,76.28,28.00,24,76.31,56.00,39,80.17,42.00,24,150.00,0.00,24,None,0.00,0,90.98,20.00,44,67.16,0.00,11,87.85,0.00,27,63.90,52.00,22,68.52,52.00,24,80.12,22.00,10,50.77,0.00,4,1.95,60.00,39,75.19,62.00,55,83.07,46.00,19,76.07,40.00,131,104.87,106.00,26,74.72,48.00,41,71.55,44.00,21,93.32,66.00,50,96.17,60.00,58,89.38,48.00,35,97.22,102.00,65,65.54,104.00,31,85.65,0.00,22,96.56,92.00,55,None,0.00,0,None,0.00,0,None,0.00,0,None,0.00,0,None,0.00,0,None,38.00,21,,,,,,,,,,,,,,,,,,,,,,,,,,,
2020-08-05T19:15:38.693Z,None,0.00,0,None,0.00,15,,,,None,0.00,2,None,0.00,3,None,0.00,4,None,0.00,4,82.45,26.00,24,71.33,62.00,52,112.28,178.00,99,76.28,28.00,24,76.31,56.00,39,80.17,42.00,24,150.00,0.00,24,None,0.00,0,90.98,20.00,44,67.16,0.00,11,87.85,0.00,27,63.90,52.00,22,68.52,52.00,24,80.12,22.00,10,50.77,0.00,4,1.95,60.00,39,75.19,62.00,55,83.07,46.00,19,76.07,40.00,131,104.87,106.00,26,74.72,48.00,41,71.55,44.00,21,93.32,66.00,50,96.17,60.00,58,89.38,48.00,35,97.22,102.00,65,65.54,104.00,31,85.65,0.00,22,96.56,92.00,55,None,0.00,0,None,0.00,0,None,0.00,0,None,0.00,0,None,0.00,0,None,38.00,21,,,,,,,,,,,,,,,,,,,,,,,,,,,
2020-08-06T03:52:50.220Z,None,0.00,0,None,0.00,15,,,,None,0.00,2,None,0.00,3,None,0.00,4,None,0.00,4,82.45,26.00,24,71.33,62.00,52,112.28,178.00,99,76.28,28.00,24,76.31,58.00,39,80.17,42.00,24,150.00,0.00,24,None,0.00,0,90.98,20.00,44,67.16,0.00,11,87.85,0.00,27,63.90,52.00,22,68.52,52.00,24,80.12,22.00,10,50.77,0.00,4,1.95,60.00,39,75.19,62.00,55,83.07,46.00,19,76.07,40.00,131,104.87,106.00,26,74.72,50.00,41,71.55,40.00,21,93.32,66.00,50,96.17,60.00,58,89.38,48.00,35,97.22,102.00,65,65.54,104.00,31,85.65,0.00,22,96.56,92.00,55,None,0.00,0,None,0.00,0,None,0.00,0,None,0.00,0,None,0.00,0,None,38.00,21,,,,,,,,,,,,,,,,,,,,,,,,,,,
2020-08-06T07:26:05.917Z,None,0.00,0,None,0.00,15,,,,None,0.00,2,None,0.00,3,None,0.00,4,None,0.00,4,76.21,22.00,24,73.00,60.00,52,111.47,190.00,99,74.44,28.00,24,81.55,58.00,39,83.10,46.00,24,151.67,0.00,24,None,0.00,0,82.71,18.00,44,73.88,0.00,11,86.81,0.00,27,66.80,56.00,22,69.11,58.00,24,79.54,28.00,10,46.15,0.00,4,0.84,54.00,39,71.72,54.00,55,88.50,46.00,19,80.22,44.00,131,105.12,114.00,26,76.98,48.00,41,68.45,44.00,21,98.74,68.00,50,95.21,58.00,58,92.89,54.00,35,98.10,104.00,65,65.43,98.00,31,77.22,2.00,22,93.37,112.00,55,None,0.00,0,None,0.00,0,None,0.00,0,None,0.00,0,None,0.00,0,None,34.00,21,,,,,,,,,,,,,,,,,,,,,,,,,,,
2020-08-06T15:55:31.993Z,None,0.00,0,None,0.00,15,,,,None,0.00,2,None,0.00,3,None,0.00,4,None,0.00,4,76.21,26.00,27,73.00,52.00,47,111.47,202.00,101,74.44,28.00,25,81.55,56.00,36,83.10,44.00,19,151.67,0.00,25,None,0.00,0,82.71,16.00,51,73.88,0.00,14,86.81,0.00,26,66.80,56.00,21,69.11,66.00,24,79.54,30.00,21,46.15,0.00,4,0.84,54.00,41,71.72,58.00,48,88.50,48.00,19,80.22,38.00,145,105.12,116.00,28,76.98,46.00,38,68.45,40.00,20,98.74,74.00,48,95.21,62.00,66,92.89,54.00,37,98.10,102.00,64,65.43,100.00,35,77.22,2.00,20,93.37,112.00,48,None,0.00,0,None,0.00,0,None,0.00,0,None,0.00,0,None,0.00,0,None,34.00,15,,,,,,,,,,,,,,,,,,,,,,,,,,,
2020-08-06T19:15:44.523Z,None,0.00,0,None,0.00,15,,,,None,0.00,2,None,0.00,3,None,0.00,4,None,0.00,4,76.21,26.00,27,73.00,52.00,47,111.47,202.00,101,74.44,28.00,25,81.55,56.00,36,83.10,44.00,19,151.67,0.00,25,None,0.00,0,82.71,16.00,51,73.88,0.00,14,86.81,0.00,26,66.80,56.00,21,69.11,66.00,24,79.54,30.00,21,46.15,0.00,4,0.84,54.00,41,71.72,58.00,48,88.50,48.00,19,80.22,38.00,145,105.12,116.00,28,76.98,46.00,38,68.45,40.00,20,98.74,74.00,48,95.21,62.00,66,92.89,54.00,37,98.10,102.00,64,65.43,100.00,35,77.22,2.00,20,93.37,112.00,48,None,0.00,0,None,0.00,0,None,0.00,0,None,0.00,0,None,0.00,0,None,34.00,15,,,,,,,,,,,,,,,,,,,,,,,,,,,
2020-08-07T03:46:04.500Z,None,0.00,0,None,0.00,15,,,,None,0.00,2,None,0.00,3,None,0.00,4,None,0.00,4,76.21,26.00,27,73.00,52.00,47,111.47,202.00,101,74.44,28.00,25,81.55,56.00,36,83.10,44.00,19,151.67,0.00,25,None,0.00,0,82.71,16.00,51,73.88,0.00,14,86.81,0.00,26,66.80,56.00,21,69.11,68.00,24,79.54,30.00,21,46.15,0.00,4,0.84,54.00,41,71.72,58.00,48,88.50,48.00,19,80.22,38.00,145,105.12,116.00,28,76.98,46.00,38,68.45,40.00,20,98.74,74.00,48,95.21,62.00,66,92.89,54.00,37,98.10,102.00,64,65.43,100.00,35,77.22,2.00,20,93.37,112.00,48,None,0.00,0,None,0.00,0,None,0.00,0,None,0.00,0,None,0.00,0,None,34.00,15,,,,,,,,,,,,,,,,,,,,,,,,,,,
2020-08-07T08:10:09.393Z,None,0.00,0,None,0.00,15,,,,None,0.00,2,None,0.00,3,None,0.00,4,None,0.00,4,77.60,36.00,27,69.33,60.00,47,107.42,204.00,101,69.94,26.00,25,75.92,60.00,36,73.62,48.00,19,147.50,0.00,25,None,0.00,0,84.21,16.00,51,64.93,0.00,14,84.03,0.00,26,54.77,46.00,21,61.35,60.00,24,73.49,32.00,21,41.54,0.00,4,1.67,48.00,41,67.48,60.00,48,84.03,46.00,19,73.44,38.00,145,100.17,126.00,28,70.20,46.00,38,58.03,34.00,20,89.35,60.00,48,94.01,52.00,66,87.22,48.00,37,96.08,110.00,64,60.27,100.00,35,83.97,2.00,20,89.07,108.00,48,None,0.00,0,None,0.00,0,None,0.00,0,None,0.00,0,None,0.00,0,None,38.00,15,,,,,,,,,,,,,,,,,,,,,,,,,,,
2020-08-07T14:40:50.180Z,None,0.00,0,None,0.00,15,,,,None,0.00,2,None,0.00,3,None,0.00,4,None,0.00,4,77.60,36.00,27,69.33,52.00,47,107.42,202.00,101,69.94,30.00,25,75.92,60.00,36,73.62,50.00,19,147.50,0.00,25,None,0.00,0,84.21,16.00,51,64.93,0.00,14,84.03,0.00,26,54.77,44.00,21,61.35,60.00,24,73.49,34.00,21,41.54,0.00,4,1.67,46.00,41,67.48,66.00,48,84.03,46.00,19,73.44,38.00,145,100.17,130.00,28,70.20,52.00,38,58.03,34.00,20,89.35,66.00,48,94.01,52.00,66,87.22,50.00,37,96.08,106.00,64,60.27,94.00,35,83.97,2.00,20,89.07,106.00,48,None,0.00,0,None,0.00,0,None,0.00,0,None,0.00,0,None,0.00,0,None,36.00,15,,,,,,,,,,,,,,,,,,,,,,,,,,,
2020-08-08T16:45:50.553Z,None,0.00,0,None,0.00,4,,,,None,0.00,2,None,0.00,2,None,0.00,3,None,0.00,4,69.28,42.00,7,64.00,54.00,49,98.11,194.00,99,62.78,32.00,26,71.26,64.00,27,80.00,56.00,16,149.17,0.00,23,None,0.00,0,79.70,20.00,54,67.91,0.00,9,67.36,0.00,23,59.75,50.00,21,62.37,76.00,26,73.20,34.00,19,43.08,0.00,3,1.39,52.00,42,71.98,70.00,51,83.71,52.00,19,68.05,40.00,128,89.41,120.00,30,69.16,60.00,38,58.31,28.00,17,96.93,70.00,42,83.35,50.00,73,82.27,48.00,43,91.46,108.00,52,60.27,92.00,36,93.67,4.00,16,83.42,114.00,44,None,0.00,0,None,0.00,0,None,0.00,0,None,0.00,0,None,0.00,0,None,42.00,12,,,,,,,,,,,,,,,,,,,,,,,,,,,
2020-08-08T19:27:22.153Z,None,0.00,0,None,0.00,4,,,,None,0.00,2,None,0.00,2,None,0.00,3,None,0.00,4,69.28,42.00,7,64.00,54.00,49,98.11,194.00,99,62.78,32.00,26,71.26,64.00,27,80.00,56.00,16,149.17,0.00,23,None,0.00,0,79.70,20.00,54,67.91,0.00,9,67.36,0.00,23,59.75,50.00,21,62.37,76.00,26,73.20,34.00,19,43.08,0.00,3,1.39,52.00,42,71.98,70.00,51,83.71,52.00,19,68.05,40.00,128,89.41,120.00,30,69.16,60.00,38,58.31,28.00,17,96.93,68.00,42,83.35,50.00,73,82.27,48.00,43,91.46,108.00,52,60.27,92.00,36,93.67,4.00,16,83.42,114.00,44,None,0.00,0,None,0.00,0,None,0.00,0,None,0.00,0,None,0.00,0,None,42.00,12,,,,,,,,,,,,,,,,,,,,,,,,,,,
2020-08-09T04:06:23.703Z,None,0.00,0,None,0.00,4,,,,None,0.00,2,None,0.00,2,None,0.00,3,None,0.00,4,69.28,42.00,7,64.00,54.00,49,98.11,194.00,99,62.78,32.00,26,71.26,64.00,27,80.00,56.00,16,149.17,0.00,23,None,0.00,0,79.70,20.00,54,67.91,0.00,9,67.36,0.00,23,59.75,50.00,21,62.37,76.00,26,73.20,34.00,19,43.08,0.00,3,1.39,52.00,42,71.98,70.00,51,83.71,52.00,19,68.05,40.00,128,89.41,120.00,30,69.16,60.00,38,58.31,28.00,17,96.93,84.00,42,83.35,50.00,73,82.27,48.00,43,91.46,110.00,52,60.27,92.00,36,93.67,4.00,16,83.42,114.00,44,None,0.00,0,None,0.00,0,None,0.00,0,None,0.00,0,None,0.00,0,None,42.00,12,,,,,,,,,,,,,,,,,,,,,,,,,,,
2020-08-09T07:14:20.263Z,None,0.00,0,None,0.00,4,,,,None,0.00,2,None,0.00,2,None,0.00,3,None,0.00,4,79.91,44.00,7,72.00,60.00,49,107.29,194.00,99,68.10,40.00,26,76.12,68.00,27,91.38,50.00,16,155.00,0.00,23,None,0.00,0,90.23,20.00,54,66.42,0.00,9,82.64,0.00,23,68.05,52.00,21,66.03,80.00,26,85.01,46.00,19,47.69,0.00,3,2.23,60.00,42,78.28,68.00,51,82.75,60.00,19,75.80,40.00,128,101.28,124.00,30,75.59,60.00,38,65.63,34.00,17,107.76,84.00,42,90.42,60.00,73,87.53,54.00,43,93.86,114.00,52,58.59,94.00,36,104.22,6.00,16,92.87,120.00,44,None,0.00,0,None,0.00,0,None,0.00,0,None,0.00,0,None,0.00,0,None,42.00,12,,,,,,,,,,,,,,,,,,,,,,,,,,,
2020-08-09T16:06:33.187Z,None,0.00,0,None,0.00,1,,,,None,0.00,0,None,0.00,2,None,0.00,0,None,0.00,3,79.91,46.00,8,72.00,54.00,32,107.29,196.00,91,68.10,40.00,26,76.12,68.00,27,91.38,48.00,15,155.00,0.00,11,None,0.00,0,90.23,20.00,47,66.42,0.00,9,82.64,0.00,19,68.05,52.00,20,66.03,84.00,29,85.01,46.00,24,47.69,0.00,5,2.23,58.00,39,78.28,66.00,51,82.75,50.00,11,75.80,40.00,121,101.28,114.00,35,75.59,58.00,34,65.63,40.00,14,107.76,86.00,41,90.42,58.00,88,87.53,48.00,34,93.86,116.00,41,58.59,94.00,40,104.22,0.00,16,92.87,126.00,45,None,0.00,0,None,0.00,0,None,0.00,0,None,0.00,0,None,0.00,0,None,44.00,11,,,,,,,,,,,,,,,,,,,,,,,,,,,
2020-08-09T19:26:37.877Z,None,0.00,0,None,0.00,1,,,,None,0.00,0,None,0.00,2,None,0.00,0,None,0.00,3,79.91,46.00,8,72.00,54.00,32,107.29,196.00,91,68.10,40.00,26,76.12,68.00,27,91.38,48.00,15,155.00,0.00,11,None,0.00,0,90.23,20.00,47,66.42,0.00,9,82.64,0.00,19,68.05,54.00,20,66.03,84.00,29,85.01,46.00,24,47.69,0.00,5,2.23,58.00,39,78.28,66.00,51,82.75,50.00,11,75.80,40.00,121,101.28,114.00,35,75.59,58.00,34,65.63,40.00,14,107.76,86.00,41,90.42,54.00,88,87.53,48.00,34,93.86,116.00,41,58.59,94.00,40,104.22,0.00,16,92.87,126.00,45,None,0.00,0,None,0.00,0,None,0.00,0,None,0.00,0,None,0.00,0,None,44.00,11,,,,,,,,,,,,,,,,,,,,,,,,,,,
2020-08-10T07:20:10.150Z,None,0.00,0,None,0.00,1,,,,None,0.00,0,None,0.00,2,None,0.00,0,None,0.00,3,83.37,52.00,8,77.17,60.00,32,110.66,200.00,91,75.26,40.00,26,84.08,70.00,27,82.07,44.00,15,155.00,0.00,11,None,0.00,0,102.26,20.00,47,64.93,0.00,9,81.60,0.00,19,59.34,46.00,20,67.06,68.00,29,89.34,42.00,24,50.77,0.00,5,2.51,56.00,39,76.48,74.00,51,81.79,48.00,11,78.84,40.00,121,108.71,108.00,35,77.76,58.00,34,67.61,44.00,14,96.21,92.00,41,98.08,60.00,88,85.98,56.00,34,95.00,114.00,41,62.96,82.00,40,90.72,4.00,16,97.67,122.00,45,None,0.00,0,None,0.00,0,None,0.00,0,None,0.00,0,None,0.00,0,None,40.00,11,,,,,,,,,,,,,,,,,,,,,,,,,,,
2020-08-10T15:48:14.683Z,,,,,,,,,,,,,,,,,,,,,,83.37,86.67,5,77.17,46.03,25,110.66,93.40,91,75.26,61.11,26,,,,82.07,64.71,22,,,,,,,102.26,83.33,40,,,,,,,59.34,51.22,20,67.06,50.00,26,89.34,84.62,33,,,,2.51,83.33,37,76.48,73.17,48,81.79,85.19,8,78.84,81.82,121,,,,77.76,34.62,33,67.61,50.00,16,96.21,52.50,35,,,,85.98,46.67,40,,,,62.96,78.43,39,,,,,,,None,59.26,0,,,,,,,,,,,,,None,74.07,11,,,,,,,,,,,,,,,,,,,,,,,,,,,
2020-08-10T19:33:40.523Z,,,,,,,,,,,,,,,,,,,,,,83.37,86.67,5,77.17,46.03,25,110.66,93.40,91,75.26,61.11,26,,,,82.07,64.71,22,,,,,,,102.26,83.33,40,,,,,,,59.34,51.22,20,67.06,50.00,26,89.34,84.62,33,,,,2.51,83.33,37,76.48,73.17,48,81.79,85.19,8,78.84,81.82,121,,,,77.76,34.62,33,67.61,50.00,16,96.21,52.50,35,,,,85.98,46.67,40,,,,62.96,78.43,39,,,,,,,None,59.26,0,,,,,,,,,,,,,None,74.07,11,,,,,,,,,,,,,,,,,,,,,,,,,,,
2020-08-11T03:33:09.120Z,,,,,,,,,,,,,,,,,,,,,,83.37,86.67,5,77.17,46.03,25,110.66,93.40,91,75.26,61.11,26,,,,82.07,64.71,22,,,,,,,102.26,83.33,40,,,,,,,59.34,51.22,20,67.06,50.00,26,89.34,84.62,33,,,,2.51,83.33,37,76.48,75.61,48,81.79,85.19,8,78.84,81.82,121,,,,77.76,34.62,33,67.61,50.00,16,96.21,52.50,35,,,,85.98,46.67,40,,,,62.96,78.43,39,,,,,,,None,59.26,0,,,,,,,,,,,,,None,74.07,11,,,,,,,,,,,,,,,,,,,,,,,,,,,