Date,0-4 verified,5-11 verified,12-15 verified,16-19 verified,0-4 verified normalized,5-11 verified normalized,12-15 verified normalized,16-19 verified normalized,0-4 isolated,5-11 isolated,12-15 isolated,16-19 isolated,0-4 isolated normalized,5-11 isolated normalized,12-15 isolated normalized,16-19 isolated normalized
2020-03-02,0,0,0,1,0,0,0,0.17,10,43,52,40,1.27,3.47,8.18,6.76
2020-03-02,0,0,1,0,0,0,0.16,0,11,56,64,59,1.39,4.52,10.06,9.98
2020-03-02,0,0,0,0,0,0,0,0,9,42,48,359,1.14,3.39,7.55,60.71
2020-03-02,0,0,0,0,0,0,0,0,13,27,43,191,1.65,2.18,6.76,32.3
2020-03-02,0,0,0,0,0,0,0,0,7,33,45,87,0.89,2.67,7.08,14.71
2020-03-02,0,0,0,0,0,0,0,0,11,14,25,51,1.39,1.13,3.93,8.62
2020-03-02,0,0,0,0,0,0,0,0,12,37,48,72,1.52,2.99,7.55,12.18
2020-03-02,0,0,0,0,0,0,0,0,10,45,61,94,1.27,3.63,9.59,15.9
2020-03-02,0,1,0,1,0,0.08,0,0.17,78,128,179,251,9.88,10.34,28.15,42.45
2020-03-02,0,2,0,0,0,0.16,0,0,39,298,294,354,4.94,24.07,46.23,59.86
2020-03-02,1,2,1,2,0.13,0.16,0.16,0.34,52,346,312,356,6.59,27.94,49.06,60.2
2020-03-02,0,0,0,0,0,0,0,0,29,184,219,365,3.67,14.86,34.44,61.73
2020-03-02,0,4,3,1,0,0.32,0.47,0.17,29,125,113,221,3.67,10.1,17.77,37.37
2020-03-02,1,0,3,0,0.13,0,0.47,0,74,426,627,662,9.37,34.4,98.59,111.95
2020-03-02,0,2,2,3,0,0.16,0.31,0.51,67,346,246,177,8.49,27.94,38.68,29.93
2020-03-02,2,2,2,1,0.25,0.16,0.31,0.17,64,371,233,505,8.11,29.96,36.64,85.4
2020-03-02,3,6,5,4,0.38,0.48,0.79,0.68,115,339,213,291,14.57,27.38,33.49,49.21
2020-03-02,2,0,6,7,0.25,0,0.94,1.18,96,313,196,235,12.16,25.28,30.82,39.74
2020-03-02,2,3,4,9,0.25,0.24,0.63,1.52,67,295,424,511,8.49,23.83,66.67,86.42
2020-03-02,1,1,3,9,0.13,0.08,0.47,1.52,64,199,162,216,8.11,16.07,25.47,36.53
2020-03-02,8,4,5,5,1.01,0.32,0.79,0.85,71,318,239,290,8.99,25.68,37.58,49.04
2020-03-02,5,13,7,18,0.63,1.05,1.1,3.04,61,147,120,157,7.73,11.87,18.87,26.55
2020-03-02,9,13,16,20,1.14,1.05,2.52,3.38,55,143,116,123,6.97,11.55,18.24,20.8
2020-03-02,7,12,12,15,0.89,0.97,1.89,2.54,39,123,61,153,4.94,9.93,9.59,25.87
2020-03-02,12,13,15,25,1.52,1.05,2.36,4.23,66,150,98,104,8.36,12.11,15.41,17.59
2020-03-02,8,19,9,27,1.01,1.53,1.42,4.57,36,57,40,59,4.56,4.6,6.29,9.98
2020-03-02,12,17,18,36,1.52,1.37,2.83,6.09,14,28,14,30,1.77,2.26,2.2,5.07
2020-03-02,9,15,16,28,1.14,1.21,2.52,4.74,35,59,38,72,4.43,4.77,5.98,12.18
2020-03-02,15,29,15,30,1.9,2.34,2.36,5.07,23,32,34,76,2.91,2.58,5.35,12.85
2020-03-02,19,35,40,43,2.41,2.83,6.29,7.27,18,34,41,79,2.28,2.75,6.45,13.36
2020-03-02,16,37,24,42,2.03,2.99,3.77,7.1,25,30,45,81,3.17,2.42,7.08,13.7
2020-03-02,14,35,17,50,1.77,2.83,2.67,8.46,15,37,32,53,1.9,2.99,5.03,8.96
2020-03-02,19,21,22,53,2.41,1.7,3.46,8.96,13,27,18,38,1.65,2.18,2.83,6.43
2020-03-02,11,28,24,43,1.39,2.26,3.77,7.27,14,14,6,20,1.77,1.13,0.94,3.38
2020-03-02,14,32,30,57,1.77,2.58,4.72,9.64,22,34,35,63,2.79,2.75,5.5,10.65
2020-03-02,12,29,34,47,1.52,2.34,5.35,7.95,15,32,23,46,1.9,2.58,3.62,7.78
2020-03-02,16,15,20,34,2.03,1.21,3.14,5.75,7,20,9,22,0.89,1.62,1.42,3.72
2020-03-02,6,22,25,41,0.76,1.78,3.93,6.93,4,21,10,21,0.51,1.7,1.57,3.55
2020-03-02,7,17,20,26,0.89,1.37,3.14,4.4,0,0,0,1,0,0,0,0.17
2020-03-02,11,25,22,23,1.39,2.02,3.46,3.89,19,9,11,35,2.41,0.73,1.73,5.92
2020-03-02,8,18,19,30,1.01,1.45,2.99,5.07,4,19,7,17,0.51,1.53,1.1,2.87
2020-03-02,23,41,22,36,2.91,3.31,3.46,6.09,14,16,14,24,1.77,1.29,2.2,4.06
2020-03-02,18,28,33,60,2.28,2.26,5.19,10.15,7,9,5,18,0.89,0.73,0.79,3.04
2020-03-02,18,26,26,33,2.28,2.1,4.09,5.58,4,14,13,19,0.51,1.13,2.04,3.21
2020-03-02,11,31,31,40,1.39,2.5,4.87,6.76,5,15,3,12,0.63,1.21,0.47,2.03
2020-03-02,14,25,11,30,1.77,2.02,1.73,5.07,19,37,31,50,2.41,2.99,4.87,8.46
2020-03-02,14,22,30,39,1.77,1.78,4.72,6.6,3,12,7,24,0.38,0.97,1.1,4.06
2020-03-02,12,28,27,34,1.52,2.26,4.25,5.75,2,6,6,9,0.25,0.48,0.94,1.52
2020-03-02,15,29,25,24,1.9,2.34,3.93,4.06,3,11,9,55,0.38,0.89,1.42,9.3
2020-03-02,14,26,29,33,1.77,2.1,4.56,5.58,9,17,12,29,1.14,1.37,1.89,4.9
2020-03-02,14,18,33,47,1.77,1.45,5.19,7.95,3,12,13,20,0.38,0.97,2.04,3.38
2020-03-02,20,22,17,34,2.53,1.78,2.67,5.75,8,13,8,23,1.01,1.05,1.26,3.89
2020-03-02,24,32,25,30,3.04,2.58,3.93,5.07,5,6,10,17,0.63,0.48,1.57,2.87
2020-03-02,11,30,30,29,1.39,2.42,4.72,4.9,0,13,6,25,0,1.05,0.94,4.23
2020-03-02,6,22,17,24,0.76,1.78,2.67,4.06,2,2,4,24,0.25,0.16,0.63,4.06
2020-03-02,5,10,10,5,0.63,0.81,1.57,0.85,3,13,4,15,0.38,1.05,0.63,2.54
2020-03-02,7,8,9,19,0.89,0.65,1.42,3.21,6,13,12,16,0.76,1.05,1.89,2.71
2020-03-02,9,22,17,23,1.14,1.78,2.67,3.89,9,13,4,12,1.14,1.05,0.63,2.03
2020-03-02,3,7,6,10,0.38,0.57,0.94,1.69,7,6,0,4,0.89,0.48,0,0.68
2020-03-02,12,14,20,16,1.52,1.13,3.14,2.71,5,7,5,11,0.63,0.57,0.79,1.86
2020-03-02,13,12,12,9,1.65,0.97,1.89,1.52,3,10,3,14,0.38,0.81,0.47,2.37
2020-03-02,3,8,8,9,0.38,0.65,1.26,1.52,0,2,2,12,0,0.16,0.31,2.03
2020-03-02,1,0,3,1,0.13,0,0.47,0.17,2,11,7,14,0.25,0.89,1.1,2.37
2020-03-02,5,6,7,8,0.63,0.48,1.1,1.35,1,7,4,18,0.13,0.57,0.63,3.04
2020-03-02,1,4,2,2,0.13,0.32,0.31,0.34,2,8,6,9,0.25,0.65,0.94,1.52
2020-03-02,5,9,8,6,0.63,0.73,1.26,1.01,0,4,4,3,0,0.32,0.63,0.51
2020-03-02,5,4,3,2,0.63,0.32,0.47,0.34,6,18,7,14,0.76,1.45,1.1,2.37
2020-03-02,2,2,2,2,0.25,0.16,0.31,0.34,2,1,3,12,0.25,0.08,0.47,2.03
2020-03-02,0,0,1,1,0,0,0.16,0.17,0,0,2,2,0,0,0.31,0.34
2020-03-02,0,0,2,3,0,0,0.31,0.51,2,11,4,9,0.25,0.89,0.63,1.52
2020-03-02,3,3,7,2,0.38,0.24,1.1,0.34,1,4,2,11,0.13,0.32,0.31,1.86
2020-03-02,0,1,4,2,0,0.08,0.63,0.34,11,6,2,16,1.39,0.48,0.31,2.71
2020-03-02,3,6,2,2,0.38,0.48,0.31,0.34,15,12,7,14,1.9,0.97,1.1,2.37
2020-03-02,0,2,1,3,0,0.16,0.16,0.51,24,21,11,19,3.04,1.7,1.73,3.21
2020-03-02,0,0,0,1,0,0,0,0.17,5,17,4,5,0.63,1.37,0.63,0.85
2020-03-02,0,0,0,1,0,0,0,0.17,4,12,2,8,0.51,0.97,0.31,1.35
2020-03-02,0,4,3,1,0,0.32,0.47,0.17,11,26,10,20,1.39,2.1,1.57,3.38
2020-03-02,4,4,3,1,0.51,0.32,0.47,0.17,11,43,11,37,1.39,3.47,1.73,6.26
2020-03-02,1,4,2,2,0.13,0.32,0.31,0.34,9,17,8,17,1.14,1.37,1.26,2.87
2020-03-02,2,1,0,0,0.25,0.08,0,0,22,21,8,17,2.79,1.7,1.26,2.87
2020-03-02,0,1,1,0,0,0.08,0.16,0,19,24,11,15,2.41,1.94,1.73,2.54
2020-03-02,1,2,1,1,0.13,0.16,0.16,0.17,9,10,10,10,1.14,0.81,1.57,1.69
2020-03-02,2,0,0,0,0.25,0,0,0,3,10,3,3,0.38,0.81,0.47,0.51
2020-03-02,1,0,0,2,0.13,0,0,0.34,15,21,12,19,1.9,1.7,1.89,3.21
2020-03-02,1,3,1,1,0.13,0.24,0.16,0.17,10,21,12,8,1.27,1.7,1.89,1.35
2020-03-02,0,5,2,1,0,0.4,0.31,0.17,6,44,35,15,0.76,3.55,5.5,2.54
2020-03-02,3,4,4,1,0.38,0.32,0.63,0.17,11,38,46,45,1.39,3.07,7.23,7.61
2020-03-02,5,2,13,6,0.63,0.16,2.04,1.01,6,41,87,92,0.76,3.31,13.68,15.56
2020-03-02,1,0,73,15,0.13,0,11.48,2.54,8,42,82,138,1.01,3.39,12.89,23.34
2020-03-02,0,1,10,3,0,0.08,1.57,0.51,7,64,71,104,0.89,5.17,11.16,17.59
2020-03-02,0,8,29,5,0,0.65,4.56,0.85,26,116,252,357,3.29,9.37,39.62,60.37
2020-03-02,6,10,7,13,0.76,0.81,1.1,2.2,17,256,254,108,2.15,20.68,39.94,18.26
2020-03-02,8,8,11,6,1.01,0.65,1.73,1.01,16,212,236,291,2.03,17.12,37.11,49.21
2020-03-02,3,11,9,6,0.38,0.89,1.42,1.01,39,172,123,172,4.94,13.89,19.34,29.09
2020-03-02,8,12,16,5,1.01,0.97,2.52,0.85,73,312,341,471,9.25,25.2,53.62,79.65
2020-03-02,9,13,16,7,1.14,1.05,2.52,1.18,22,224,284,268,2.79,18.09,44.66,45.32
2020-03-02,3,10,8,2,0.38,0.81,1.26,0.34,11,67,138,118,1.39,5.41,21.7,19.95
2020-03-02,6,12,7,8,0.76,0.97,1.1,1.35,24,360,219,200,3.04,29.07,34.44,33.82
2020-03-02,11,22,16,6,1.39,1.78,2.52,1.01,72,176,161,132,9.12,14.21,25.32,22.32
2020-03-02,14,26,15,7,1.77,2.1,2.36,1.18,70,124,294,268,8.87,10.01,46.23,45.32
2020-03-02,7,27,17,22,0.89,2.18,2.67,3.72,52,238,50,31,6.59,19.22,7.86,5.24
2020-03-02,15,30,22,9,1.9,2.42,3.46,1.52,87,240,115,80,11.02,19.38,18.08,13.53
2020-03-02,8,19,15,12,1.01,1.53,2.36,2.03,49,247,137,134,6.21,19.95,21.54,22.66
2020-03-02,9,28,13,12,1.14,2.26,2.04,2.03,30,163,138,163,3.8,13.16,21.7,27.56
2020-03-02,4,14,4,3,0.51,1.13,0.63,0.51,61,332,154,191,7.73,26.81,24.21,32.3
2020-03-02,11,19,15,15,1.39,1.53,2.36,2.54,69,198,95,142,8.74,15.99,14.94,24.01
2020-03-02,20,26,25,23,2.53,2.1,3.93,3.89,57,238,168,101,7.22,19.22,26.42,17.08
2020-03-02,4,17,23,22,0.51,1.37,3.62,3.72,66,142,100,119,8.36,11.47,15.72,20.12
2020-03-02,14,15,27,27,1.77,1.21,4.25,4.57,61,168,208,129,7.73,13.57,32.71,21.82
2020-03-02,9,25,18,25,1.14,2.02,2.83,4.23,45,234,175,320,5.7,18.9,27.52,54.12
2020-03-02,2,6,13,17,0.25,0.48,2.04,2.87,23,273,102,272,2.91,22.05,16.04,46
2020-03-02,7,17,10,13,0.89,1.37,1.57,2.2,56,421,214,192,7.09,34,33.65,32.47
2020-03-02,11,30,32,34,1.39,2.42,5.03,5.75,70,268,164,133,8.87,21.64,25.79,22.49
2020-03-02,16,34,53,47,2.03,2.75,8.33,7.95,94,318,198,273,11.91,25.68,31.13,46.17
2020-03-02,14,36,50,45,1.77,2.91,7.86,7.61,97,409,221,359,12.29,33.03,34.75,60.71
2020-03-02,16,34,35,41,2.03,2.75,5.5,6.93,107,433,167,311,13.55,34.97,26.26,52.59
2020-03-02,19,33,58,49,2.41,2.67,9.12,8.29,58,382,102,223,7.35,30.85,16.04,37.71
2020-03-02,20,23,38,32,2.53,1.86,5.98,5.41,38,186,55,374,4.81,15.02,8.65,63.25
2020-03-02,9,29,20,25,1.14,2.34,3.14,4.23,133,546,199,427,16.85,44.1,31.29,72.21
2020-03-02,25,70,61,76,3.17,5.65,9.59,12.85,144,552,314,346,18.24,44.58,49.37,58.51
2020-03-02,25,67,52,87,3.17,5.41,8.18,14.71,159,700,286,337,20.14,56.53,44.97,56.99
2020-03-02,26,58,56,116,3.29,4.68,8.81,19.62,129,672,282,187,16.34,54.27,44.34,31.62
2020-03-02,39,79,74,144,4.94,6.38,11.64,24.35,100,519,219,230,12.67,41.92,34.44,38.9
2020-03-02,36,69,57,111,4.56,5.57,8.96,18.77,137,553,287,429,17.36,44.66,45.13,72.55
2020-03-02,29,68,58,71,3.67,5.49,9.12,12.01,92,643,190,328,11.65,51.93,29.88,55.47
2020-03-02,25,77,55,75,3.17,6.22,8.65,12.68,170,1334,477,627,21.54,107.74,75,106.03
2020-03-02,45,101,71,108,5.7,8.16,11.16,18.26,112,934,319,552,14.19,75.43,50.16,93.35
2020-03-02,46,118,102,162,5.83,9.53,16.04,27.4,159,886,373,651,20.14,71.56,58.65,110.09
2020-03-02,34,126,96,116,4.31,10.18,15.1,19.62,255,875,325,470,32.3,70.67,51.1,79.48
2020-03-02,64,144,96,120,8.11,11.63,15.1,20.29,223,874,315,587,28.25,70.59,49.53,99.27
2020-03-02,53,147,102,134,6.71,11.87,16.04,22.66,136,675,252,568,17.23,54.51,39.62,96.05
2020-03-02,45,118,97,121,5.7,9.53,15.25,20.46,129,387,171,378,16.34,31.26,26.89,63.92
2020-03-02,35,106,78,107,4.43,8.56,12.26,18.09,284,1076,302,964,35.98,86.9,47.49,163.02
2020-03-02,55,163,97,181,6.97,13.16,15.25,30.61,200,607,232,750,25.34,49.02,36.48,126.83
2020-03-02,55,145,108,167,6.97,11.71,16.98,28.24,270,682,226,1018,34.2,55.08,35.54,172.15
2020-03-02,74,172,142,198,9.37,13.89,22.33,33.48,216,602,198,520,27.36,48.62,31.13,87.94
2020-03-02,95,160,143,188,12.03,12.92,22.49,31.79,213,715,196,436,26.98,57.75,30.82,73.73
2020-03-02,89,167,106,156,11.27,13.49,16.67,26.38,183,410,96,449,23.18,33.11,15.1,75.93
2020-03-02,81,150,101,134,10.26,12.11,15.88,22.66,114,355,107,299,14.44,28.67,16.82,50.56
2020-03-02,49,75,58,84,6.21,6.06,9.12,14.21,367,966,201,556,46.49,78.02,31.61,94.03
2020-03-02,84,154,127,203,10.64,12.44,19.97,34.33,258,851,207,421,32.68,68.73,32.55,71.2
2020-03-02,107,205,138,216,13.55,16.56,21.7,36.53,229,737,206,441,29.01,59.52,32.39,74.58
2020-03-02,121,210,141,217,15.33,16.96,22.17,36.7,265,853,202,456,33.57,68.89,31.76,77.11
2020-03-02,102,206,137,212,12.92,16.64,21.54,35.85,280,855,210,401,35.47,69.05,33.02,67.81
2020-03-02,132,191,119,201,16.72,15.43,18.71,33.99,187,533,146,287,23.69,43.05,22.96,48.53
2020-03-02,61,106,75,95,7.73,8.56,11.79,16.07,149,351,87,212,18.88,28.35,13.68,35.85
2020-03-02,65,98,66,98,8.23,7.91,10.38,16.57,459,1026,230,314,58.15,82.86,36.17,53.1
2020-03-02,109,175,131,188,13.81,14.13,20.6,31.79,263,586,182,370,33.32,47.33,28.62,62.57
2020-03-02,106,220,146,240,13.43,17.77,22.96,40.59,339,841,229,350,42.95,67.92,36.01,59.19
2020-03-02,124,239,136,214,15.71,19.3,21.38,36.19,316,729,186,272,40.03,58.88,29.25,46
2020-03-02,127,189,118,175,16.09,15.26,18.55,29.59,231,724,150,258,29.26,58.47,23.59,43.63
2020-03-02,84,142,81,157,10.64,11.47,12.74,26.55,127,463,144,248,16.09,37.39,22.64,41.94
2020-03-02,37,76,42,53,4.69,6.14,6.6,8.96,128,414,105,147,16.22,33.44,16.51,24.86
2020-03-02,29,63,33,72,3.67,5.09,5.19,12.18,195,786,139,242,24.7,63.48,21.86,40.92
2020-03-02,111,210,134,215,14.06,16.96,21.07,36.36,229,687,183,273,29.01,55.48,28.77,46.17
2020-03-02,77,175,125,175,9.75,14.13,19.65,29.59,263,655,186,296,33.32,52.9,29.25,50.06
2020-03-02,88,171,121,136,11.15,13.81,19.03,23,311,700,248,473,39.4,56.53,39,79.99
2020-03-02,113,201,110,150,14.32,16.23,17.3,25.37,333,703,271,402,42.19,56.78,42.61,67.98
2020-03-02,104,189,134,167,13.17,15.26,21.07,28.24,166,405,232,320,21.03,32.71,36.48,54.12
2020-03-02,36,81,46,52,4.56,6.54,7.23,8.79,114,349,124,213,14.44,28.19,19.5,36.02
2020-03-02,45,85,75,90,5.7,6.86,11.79,15.22,141,427,105,187,17.86,34.49,16.51,31.62
2020-03-02,106,205,119,160,13.43,16.56,18.71,27.06,201,425,147,400,25.46,34.32,23.11,67.64
2020-03-02,88,181,116,151,11.15,14.62,18.24,25.54,242,632,237,354,30.66,51.04,37.27,59.86
2020-03-02,85,157,104,126,10.77,12.68,16.35,21.31,228,595,222,304,28.88,48.05,34.91,51.41
2020-03-02,99,183,114,140,12.54,14.78,17.93,23.68,263,597,234,402,33.32,48.22,36.79,67.98
2020-03-02,89,146,96,111,11.27,11.79,15.1,18.77,105,354,145,241,13.3,28.59,22.8,40.76
2020-03-02,38,65,55,55,4.81,5.25,8.65,9.3,138,218,110,181,17.48,17.61,17.3,30.61
2020-03-02,50,86,77,81,6.33,6.95,12.11,13.7,309,485,250,375,39.14,39.17,39.31,63.42
2020-03-02,95,158,93,139,12.03,12.76,14.62,23.51,332,552,304,415,42.06,44.58,47.8,70.18
2020-03-02,81,152,119,159,10.26,12.28,18.71,26.89,267,512,295,411,33.82,41.35,46.39,69.5
2020-03-02,93,157,119,165,11.78,12.68,18.71,27.9,243,512,282,499,30.78,41.35,44.34,84.39
2020-03-02,83,127,110,131,10.51,10.26,17.3,22.15,221,492,293,529,28,39.74,46.07,89.46
2020-03-02,70,128,108,148,8.87,10.34,16.98,25.03,125,281,206,323,15.84,22.69,32.39,54.62
2020-03-02,56,68,49,50,7.09,5.49,7.7,8.46,91,182,119,192,11.53,14.7,18.71,32.47
2020-03-02,32,61,51,84,4.05,4.93,8.02,14.21,238,449,279,453,30.15,36.26,43.87,76.61
2020-03-02,94,156,99,166,11.91,12.6,15.57,28.07,309,564,302,671,39.14,45.55,47.49,113.47
2020-03-02,111,199,118,169,14.06,16.07,18.55,28.58,253,474,375,778,32.05,38.28,58.96,131.57
2020-03-02,87,170,136,174,11.02,13.73,21.38,29.43,233,440,277,667,29.52,35.54,43.56,112.8
2020-03-02,115,221,153,216,14.57,17.85,24.06,36.53,307,529,321,618,38.89,42.72,50.47,104.51
2020-03-02,106,162,143,148,13.43,13.08,22.49,25.03,175,337,215,356,22.17,27.22,33.81,60.2
2020-03-02,50,88,58,77,6.33,7.11,9.12,13.02,116,207,151,275,14.7,16.72,23.74,46.51
2020-03-02,52,61,71,100,6.59,4.93,11.16,16.91,393,727,527,813,49.79,58.71,82.87,137.49
2020-03-02,122,159,132,230,15.46,12.84,20.76,38.9,487,846,537,1104,61.69,68.33,84.44,186.7
2020-03-02,98,167,137,436,12.41,13.49,21.54,73.73,438,897,625,1037,55.49,72.44,98.27,175.37
2020-03-02,109,231,225,708,13.81,18.66,35.38,119.73,362,822,523,981,45.86,66.39,82.24,165.9
2020-03-02,131,207,247,427,16.6,16.72,38.84,72.21,596,1082,626,1120,75.5,87.39,98.43,189.4
2020-03-02,106,204,211,484,13.43,16.48,33.18,81.85,358,1012,518,667,45.35,81.73,81.45,112.8
2020-03-02,75,117,107,195,9.5,9.45,16.82,32.98,326,794,422,707,41.3,64.13,66.36,119.56
2020-03-02,89,160,133,411,11.27,12.92,20.91,69.5,830,2095,1327,1323,105.15,169.2,208.66,223.73
2020-03-02,152,295,256,522,19.26,23.83,40.25,88.28,765,2149,959,1315,96.91,173.56,150.79,222.38
2020-03-02,152,282,283,572,19.26,22.78,44.5,96.73,1039,2675,1219,1690,131.62,216.04,191.68,285.8
2020-03-02,151,324,375,747,19.13,26.17,58.96,126.33,1074,3172,1537,1796,136.06,256.18,241.68,303.72
2020-03-02,249,388,326,590,31.54,31.34,51.26,99.77,1185,3505,1513,1531,150.12,283.07,237.9,258.91
2020-03-02,228,401,361,458,28.88,32.39,56.76,77.45,686,2471,1072,1732,86.9,199.57,168.56,292.9
2020-03-02,158,272,210,448,20.02,21.97,33.02,75.76,482,1688,873,1222,61.06,136.33,137.27,206.65
2020-03-02,174,320,251,388,22.04,25.84,39.47,65.61,1354,3612,2086,2029,171.53,291.72,328,343.12
2020-03-02,245,438,348,688,31.04,35.37,54.72,116.35,1250,3419,1907,1608,158.35,276.13,299.86,271.93
2020-03-02,291,528,432,802,36.86,42.64,67.93,135.63,1392,4381,1960,1977,176.34,353.82,308.19,334.33
2020-03-02,245,493,385,533,31.04,39.82,60.54,90.14,1329,3700,1557,1698,168.36,298.82,244.82,287.15
2020-03-02,288,545,465,607,36.48,44.02,73.12,102.65,1294,3562,1617,2000,163.93,287.68,254.26,338.22
2020-03-02,264,535,452,762,33.44,43.21,71.07,128.86,669,2120,1028,1081,84.75,171.22,161.64,182.81
2020-03-02,227,380,297,423,28.76,30.69,46.7,71.53,496,1819,772,719,62.83,146.91,121.39,121.59
2020-03-02,105,220,172,198,13.3,17.77,27.05,33.48,806,2332,911,1173,102.11,188.34,143.25,198.37
2020-03-02,154,365,240,367,19.51,29.48,37.74,62.06,1620,4660,1989,2300,205.23,376.35,312.75,388.95
2020-03-02,272,638,592,853,34.46,51.53,93.09,144.25,1472,3895,1425,1763,186.48,314.57,224.07,298.14
2020-03-02,297,625,611,759,37.62,50.48,96.07,128.35,1426,3555,1935,1830,180.65,287.11,304.26,309.47
2020-03-02,317,698,659,1111,40.16,56.37,103.62,187.88,1247,3660,1757,1609,157.97,295.59,276.27,272.1
2020-03-02,331,645,673,1280,41.93,52.09,105.82,216.46,766,1865,882,1024,97.04,150.62,138.69,173.17
2020-03-02,263,555,517,647,33.32,44.82,81.29,109.41,449,1011,690,791,56.88,81.65,108.5,133.77
2020-03-02,163,277,239,315,20.65,22.37,37.58,53.27,607,1169,628,800,76.9,94.41,98.75,135.29
2020-03-02,56,115,85,77,7.09,9.29,13.37,13.02,137,281,117,180,17.36,22.69,18.4,30.44
2020-03-02,195,452,411,548,24.7,36.5,64.63,92.67,935,1972,1022,1087,118.45,159.26,160.7,183.82
2020-03-02,384,900,754,1184,48.65,72.69,118.56,200.23,831,1692,872,991,105.27,136.65,137.11,167.59
2020-03-02,323,731,564,880,40.92,59.04,88.68,148.82,981,1776,784,994,124.28,143.43,123.28,168.1
2020-03-02,299,753,563,777,37.88,60.81,88.53,131.4,510,1079,598,702,64.61,87.14,94.03,118.72
2020-03-02,136,280,166,212,17.23,22.61,26.1,35.85,292,616,369,451,36.99,49.75,58.02,76.27
2020-03-02,156,253,227,248,19.76,20.43,35.69,41.94,811,1623,900,872,102.74,131.08,141.52,147.46
2020-03-02,297,566,465,647,37.62,45.71,73.12,109.41,856,1611,869,978,108.44,130.11,136.64,165.39
2020-03-02,291,511,335,504,36.86,41.27,52.68,85.23,849,1534,858,829,107.55,123.89,134.91,140.19
2020-03-02,252,458,325,375,31.92,36.99,51.1,63.42,876,1440,779,819,110.97,116.3,122.49,138.5
2020-03-02,228,402,280,344,28.88,32.47,44.03,58.17,744,1239,685,851,94.25,100.07,107.71,143.91
2020-03-02,185,305,244,363,23.44,24.63,38.37,61.39,460,802,417,471,58.27,64.77,65.57,79.65
2020-03-02,71,94,61,66,8.99,7.59,9.59,11.16,191,377,219,292,24.2,30.45,34.44,49.38
2020-03-02,88,166,117,148,11.15,13.41,18.4,25.03,489,862,428,514,61.95,69.62,67.3,86.92
2020-03-02,235,332,229,400,29.77,26.81,36.01,67.64,685,1147,577,639,86.78,92.63,90.73,108.06
2020-03-02,139,231,161,233,17.61,18.66,25.32,39.4,591,943,487,707,74.87,76.16,76.58,119.56
2020-03-02,155,224,137,201,19.64,18.09,21.54,33.99,534,844,412,570,67.65,68.16,64.78,96.39
2020-03-02,125,179,136,143,15.84,14.46,21.38,24.18,506,745,357,462,64.1,60.17,56.13,78.13
2020-03-02,100,143,91,146,12.67,11.55,14.31,24.69,280,414,241,322,35.47,33.44,37.89,54.45
2020-03-02,26,26,18,18,3.29,2.1,2.83,3.04,113,204,118,191,14.32,16.48,18.55,32.3
2020-03-02,47,73,60,88,5.95,5.9,9.43,14.88,415,585,267,626,52.57,47.25,41.98,105.86
2020-03-02,92,119,97,175,11.65,9.61,15.25,29.59,467,558,275,625,59.16,45.07,43.24,105.69
2020-03-02,70,109,86,177,8.87,8.8,13.52,29.93,390,653,303,496,49.41,52.74,47.64,83.88
2020-03-02,81,110,88,143,10.26,8.88,13.84,24.18,489,608,289,491,61.95,49.1,45.44,83.03
2020-03-02,58,100,81,101,7.35,8.08,12.74,17.08,519,652,327,451,65.75,52.66,51.42,76.27
2020-03-02,55,75,64,91,6.97,6.06,10.06,15.39,205,341,157,201,25.97,27.54,24.69,33.99
2020-03-02,12,17,13,11,1.52,1.37,2.04,1.86,130,258,79,139,16.47,20.84,12.42,23.51
2020-03-02,36,39,38,41,4.56,3.15,5.98,6.93,291,385,205,314,36.86,31.09,32.23,53.1
2020-03-02,40,78,40,93,5.07,6.3,6.29,15.73,468,743,254,468,59.29,60.01,39.94,79.14
2020-03-02,70,82,50,99,8.87,6.62,7.86,16.74,506,739,253,363,64.1,59.68,39.78,61.39
2020-03-02,51,64,45,76,6.46,5.17,7.08,12.85,448,626,219,288,56.75,50.56,34.44,48.7
2020-03-02,46,66,36,44,5.83,5.33,5.66,7.44,434,659,247,256,54.98,53.22,38.84,43.29
2020-03-02,41,52,48,57,5.19,4.2,7.55,9.64,247,344,116,151,31.29,27.78,18.24,25.54
2020-03-02,14,11,11,9,1.77,0.89,1.73,1.52,109,171,76,134,13.81,13.81,11.95,22.66
2020-03-02,40,48,28,52,5.07,3.88,4.4,8.79,417,523,168,278,52.83,42.24,26.42,47.01
2020-03-02,60,62,46,58,7.6,5.01,7.23,9.81,417,444,180,360,52.83,35.86,28.3,60.88
2020-03-02,74,66,44,68,9.37,5.33,6.92,11.5,397,494,174,366,50.29,39.9,27.36,61.89
2020-03-02,34,58,47,72,4.31,4.68,7.39,12.18,337,524,199,271,42.69,42.32,31.29,45.83
2020-03-02,30,43,37,46,3.8,3.47,5.82,7.78,291,447,163,254,36.86,36.1,25.63,42.95
2020-03-02,35,55,38,38,4.43,4.44,5.98,6.43,222,287,85,116,28.12,23.18,13.37,19.62
2020-03-02,10,22,12,13,1.27,1.78,1.89,2.2,106,148,66,90,13.43,11.95,10.38,15.22
2020-03-02,20,40,29,53,2.53,3.23,4.56,8.96,317,512,145,272,40.16,41.35,22.8,46
2020-03-02,47,57,45,50,5.95,4.6,7.08,8.46,194,391,109,199,24.58,31.58,17.14,33.65
2020-03-02,31,55,55,53,3.93,4.44,8.65,8.96,326,769,203,282,41.3,62.11,31.92,47.69
2020-03-02,39,68,45,61,4.94,5.49,7.08,10.32,255,568,181,261,32.3,45.87,28.46,44.14
2020-03-02,44,98,44,53,5.57,7.91,6.92,8.96,326,785,235,388,41.3,63.4,36.95,65.61
2020-03-02,30,92,41,60,3.8,7.43,6.45,10.15,218,544,145,184,27.62,43.93,22.8,31.12
2020-03-02,14,25,22,22,1.77,2.02,3.46,3.72,163,462,94,176,20.65,37.31,14.78,29.76
2020-03-02,19,65,31,40,2.41,5.25,4.87,6.76,352,761,194,296,44.59,61.46,30.5,50.06
2020-03-02,39,74,43,78,4.94,5.98,6.76,13.19,450,1019,209,392,57.01,82.3,32.86,66.29
2020-03-02,32,60,51,76,4.05,4.85,8.02,12.85,487,930,213,537,61.69,75.11,33.49,90.81
2020-03-02,46,51,35,75,5.83,4.12,5.5,12.68,418,949,205,430,52.95,76.64,32.23,72.72
2020-03-02,32,87,36,80,4.05,7.03,5.66,13.53,357,1186,194,336,45.23,95.78,30.5,56.82
2020-03-02,34,86,51,53,4.31,6.95,8.02,8.96,231,732,152,238,29.26,59.12,23.9,40.25
2020-03-02,14,52,31,28,1.77,4.2,4.87,4.74,246,683,151,214,31.16,55.16,23.74,36.19
2020-03-02,31,69,40,69,3.93,5.57,6.29,11.67,444,1333,296,327,56.25,107.66,46.54,55.3
2020-03-02,42,104,40,98,5.32,8.4,6.29,16.57,390,1143,256,477,49.41,92.31,40.25,80.67
2020-03-02,39,76,57,55,4.94,6.14,8.96,9.3,379,982,276,498,48.01,79.31,43.4,84.22
2020-03-02,39,102,66,92,4.94,8.24,10.38,15.56,449,1242,289,429,56.88,100.31,45.44,72.55
2020-03-02,53,110,65,81,6.71,8.88,10.22,13.7,541,1296,441,509,68.54,104.67,69.34,86.08
2020-03-02,37,89,64,101,4.69,7.19,10.06,17.08,370,1156,310,351,46.87,93.36,48.74,59.36
2020-03-02,33,55,36,29,4.18,4.44,5.66,4.9,305,835,275,240,38.64,67.44,43.24,40.59
2020-03-02,35,85,48,79,4.43,6.86,7.55,13.36,561,1486,327,456,71.07,120.01,51.42,77.11
2020-03-02,49,109,78,83,6.21,8.8,12.26,14.04,503,1487,490,520,63.72,120.09,77.05,87.94
2020-03-02,57,117,67,99,7.22,9.45,10.54,16.74,640,1811,477,507,81.08,146.26,75,85.74
2020-03-02,54,122,92,181,6.84,9.85,14.47,30.61,547,1613,467,669,69.3,130.27,73.43,113.13
2020-03-02,43,145,86,142,5.45,11.71,13.52,24.01,542,1768,604,655,68.66,142.79,94.97,110.77
2020-03-02,57,156,107,122,7.22,12.6,16.82,20.63,408,1382,366,487,51.69,111.61,57.55,82.36
2020-03-02,46,124,47,79,5.83,10.01,7.39,13.36,316,944,261,465,40.03,76.24,41.04,78.64
2020-03-02,57,123,73,109,7.22,9.93,11.48,18.43,830,2196,655,998,105.15,177.36,102.99,168.77
2020-03-02,63,181,108,157,7.98,14.62,16.98,26.55,728,1733,566,940,92.22,139.96,89,158.96
2020-03-02,73,202,76,122,9.25,16.31,11.95,20.63,820,2161,614,1059,103.88,174.53,96.55,179.09
2020-03-02,80,166,122,163,10.13,13.41,19.18,27.56,662,1933,745,849,83.86,156.11,117.14,143.57
2020-03-02,95,202,122,138,12.03,16.31,19.18,23.34,567,1240,352,398,71.83,100.15,55.35,67.31
2020-03-02,72,178,107,185,9.12,14.38,16.82,31.29,473,960,303,472,59.92,77.53,47.64,79.82
2020-03-02,56,137,80,88,7.09,11.06,12.58,14.88,365,912,327,368,46.24,73.66,51.42,62.23
2020-03-02,59,166,116,145,7.47,13.41,18.24,24.52,686,1752,707,937,86.9,141.5,111.17,158.46
2020-03-02,93,236,186,188,11.78,19.06,29.25,31.79,719,1880,565,874,91.08,151.83,88.84,147.8
2020-03-02,126,318,189,278,15.96,25.68,29.72,47.01,796,2010,604,979,100.84,162.33,94.97,165.56
2020-03-02,98,259,216,252,12.41,20.92,33.96,42.62,881,2364,913,1144,111.61,190.92,143.56,193.46
2020-03-02,110,312,196,236,13.94,25.2,30.82,39.91,2383,5781,2455,2565,301.88,466.89,386.02,433.77
2020-03-02,132,291,219,195,16.72,23.5,34.44,32.98,1874,4366,2119,2180,237.4,352.61,333.19,368.66
2020-03-02,71,187,123,145,8.99,15.1,19.34,24.52,719,1728,612,681,91.08,139.56,96.23,115.16
2020-03-02,131,322,183,247,16.6,26.01,28.77,41.77,1559,3613,1385,1478,197.5,291.8,217.78,249.94
2020-03-02,158,365,319,340,20.02,29.48,50.16,57.5,1455,3106,1345,1651,184.32,250.85,211.49,279.2
2020-03-02,223,485,364,376,28.25,39.17,57.24,63.59,1324,3014,1194,1294,167.73,243.42,187.74,218.83
2020-03-02,185,418,287,312,23.44,33.76,45.13,52.76,1940,3736,1322,1559,245.76,301.73,207.87,263.64
2020-03-02,174,459,298,330,22.04,37.07,46.86,55.81,1602,2643,840,994,202.94,213.46,132.08,168.1
2020-03-02,235,463,331,339,29.77,37.39,52.05,57.33,617,1100,337,392,78.16,88.84,52.99,66.29
2020-03-02,118,259,183,207,14.95,20.92,28.77,35.01,471,934,286,345,59.67,75.43,44.97,58.34
2020-03-02,179,352,254,257,22.68,28.43,39.94,43.46,2377,5168,1577,1653,301.12,417.38,247.97,279.54
2020-03-02,300,675,423,487,38,54.51,66.51,82.36,4452,9297,3570,3259,563.99,750.85,561.35,551.13
2020-03-02,323,714,458,513,40.92,57.66,72.02,86.75,2549,5716,1818,1685,322.91,461.64,285.86,284.95
2020-03-02,294,734,518,519,37.24,59.28,81.45,87.77,2596,5386,1825,1820,328.87,434.99,286.96,307.78
2020-03-02,263,752,526,571,33.32,60.73,82.71,96.56,3115,7421,2761,2663,394.61,599.34,434.14,450.34
2020-03-02,310,776,500,671,39.27,62.67,78.62,113.47,2104,4297,1706,1734,266.54,347.04,268.25,293.24
2020-03-02,216,532,299,390,27.36,42.97,47.01,65.95,1129,2169,674,704,143.02,175.17,105.98,119.05
2020-03-02,227,601,419,483,28.76,48.54,65.88,81.68,1913,4025,1330,1422,242.34,325.07,209.13,240.47
2020-03-02,410,1009,753,971,51.94,81.49,118.4,164.21,4719,9945,2923,2662,597.81,803.19,459.61,450.17
2020-03-02,420,1047,778,810,53.21,84.56,122.33,136.98,3211,6524,2074,2139,406.78,526.9,326.12,361.73
2020-03-02,390,981,668,802,49.41,79.23,105.04,135.63,3038,5696,1951,1740,384.86,460.03,306.77,294.25
2020-03-02,409,935,688,736,51.81,75.51,108.18,124.46,2307,4789,1320,1617,292.26,386.77,207.56,273.45
2020-03-02,490,1029,650,854,62.07,83.1,102.21,144.42,1804,3382,1438,1404,228.53,273.14,226.11,237.43
2020-03-02,298,676,466,454,37.75,54.6,73.27,76.78,1259,2459,747,961,159.49,198.6,117.46,162.51
2020-03-02,400,985,604,693,50.67,79.55,94.97,117.19,2032,3867,1301,1279,257.42,312.31,204.57,216.29
2020-03-02,614,1358,919,923,77.78,109.68,144.5,156.09,2300,4254,1451,1372,291.37,343.57,228.16,232.02
2020-03-02,639,1283,796,838,80.95,103.62,125.16,141.71,2384,4549,1559,1492,302.01,367.39,245.14,252.31
2020-03-02,656,1339,842,842,83.1,108.14,132.4,142.39,2640,4797,1510,1642,334.44,387.42,237.43,277.68
2020-03-02,625,1263,781,820,79.18,102,122.8,138.67,1860,3208,1029,1206,235.63,259.09,161.8,203.95
2020-03-02,643,1265,728,750,81.46,102.17,114.47,126.83,978,1972,647,741,123.9,159.26,101.73,125.31
2020-03-02,362,689,391,453,45.86,55.65,61.48,76.61,834,1929,680,804,105.65,155.79,106.92,135.96
2020-03-02,381,750,486,469,48.27,60.57,76.42,79.31,820,1690,610,578,103.88,136.49,95.92,97.75
2020-03-02,723,1501,919,954,91.59,121.23,144.5,161.33,1651,3108,1127,1523,209.15,251.01,177.21,257.55
2020-03-02,632,1263,701,841,80.06,102,110.23,142.22,1762,3323,1390,1637,223.21,268.37,218.56,276.83
2020-03-02,629,1147,712,836,79.68,92.63,111.95,141.38,1157,2013,781,1185,146.57,162.58,122.8,200.4
2020-03-02,557,1050,651,707,70.56,84.8,102.36,119.56,1495,2340,1082,1415,189.39,188.99,170.13,239.29
2020-03-02,622,1134,694,769,78.8,91.59,109.12,130.05,703,1121,559,770,89.06,90.54,87.9,130.21
2020-03-02,224,305,185,188,28.38,24.63,29.09,31.79,603,847,477,839,76.39,68.41,75,141.88
2020-03-02,357,594,417,498,45.23,47.97,65.57,84.22,1007,1582,677,1101,127.57,127.77,106.45,186.19
2020-03-02,834,1265,808,908,105.65,102.17,127.05,153.55,1059,1632,921,1416,134.16,131.8,144.82,239.46
2020-03-02,673,1115,707,782,85.26,90.05,111.17,132.24,1114,1640,891,1244,141.12,132.45,140.1,210.37
2020-03-02,623,979,708,888,78.92,79.07,111.33,150.17,963,1581,795,1260,121.99,127.69,125.01,213.08
2020-03-02,634,945,599,735,80.32,76.32,94.19,124.3,1062,1579,800,1382,134.54,127.52,125.79,233.71
2020-03-02,586,869,583,748,74.24,70.18,91.67,126.49,666,1029,503,922,84.37,83.1,79.09,155.92
2020-03-02,248,341,199,281,31.42,27.54,31.29,47.52,421,756,385,599,53.33,61.06,60.54,101.3
2020-03-02,420,631,383,622,53.21,50.96,60.22,105.19,979,1605,788,1703,124.02,129.62,123.91,287.99
2020-03-02,774,1237,755,954,98.05,99.9,118.72,161.33,584,930,501,849,73.98,75.11,78.78,143.57
2020-03-02,725,1147,639,855,91.84,92.63,100.48,144.59,1353,2220,1264,2647,171.4,179.29,198.75,447.63
2020-03-02,685,1024,639,850,86.78,82.7,100.48,143.74,744,1273,725,1016,94.25,102.81,114,171.82
2020-03-02,736,1077,628,782,93.24,86.98,98.75,132.24,1114,1909,1007,2277,141.12,154.18,158.34,385.06
2020-03-02,663,894,514,697,83.99,72.2,80.82,117.87,790,1166,667,1088,100.08,94.17,104.88,183.99
2020-03-02,287,348,206,234,36.36,28.11,32.39,39.57,585,803,461,970,74.11,64.85,72.49,164.04
2020-03-02,361,597,347,482,45.73,48.22,54.56,81.51,827,1388,805,1743,104.77,112.1,126.58,294.76
2020-03-02,790,1114,690,765,100.08,89.97,108.5,129.37,809,1239,656,1317,102.49,100.07,103.15,222.72
2020-03-02,653,916,552,568,82.72,73.98,86.8,96.05,1093,1817,1050,2186,138.46,146.75,165.1,369.67
2020-03-02,589,812,504,544,74.62,65.58,79.25,92,828,1382,861,1842,104.89,111.61,135.38,311.5
2020-03-02,560,675,375,476,70.94,54.51,58.96,80.5,887,1490,796,1681,112.37,120.34,125.16,284.27
2020-03-02,519,652,407,417,65.75,52.66,64,70.52,620,1052,495,885,78.54,84.96,77.83,149.66
2020-03-02,193,254,146,140,24.45,20.51,22.96,23.68,401,872,376,733,50.8,70.43,59.12,123.96
2020-03-02,294,429,263,333,37.24,34.65,41.35,56.31,679,1502,537,1215,86.02,121.31,84.44,205.47
2020-03-02,558,719,416,453,70.69,58.07,65.41,76.61,784,1359,610,1507,99.32,109.76,95.92,254.85
2020-03-02,442,619,423,422,55.99,49.99,66.51,71.36,1095,2048,816,1571,138.72,165.4,128.31,265.67
2020-03-02,428,530,371,340,54.22,42.8,58.34,57.5,1185,2403,793,1568,150.12,194.07,124.69,265.16
2020-03-02,356,489,290,262,45.1,39.49,45.6,44.31,1023,2441,827,1204,129.6,197.14,130.04,203.61
2020-03-02,424,569,309,295,53.71,45.95,48.59,49.89,790,1696,580,939,100.08,136.97,91.2,158.79
2020-03-02,146,192,100,83,18.5,15.51,15.72,14.04,609,1275,416,581,77.15,102.97,65.41,98.25
2020-03-02,292,416,269,278,36.99,33.6,42.3,47.01,1272,2428,687,1173,161.14,196.09,108.02,198.37
2020-03-02,565,688,376,407,71.58,55.56,59.12,68.83,1237,2386,637,1162,156.71,192.7,100.16,196.51
2020-03-02,505,673,375,351,63.97,54.35,58.96,59.36,1383,3689,924,1119,175.2,297.93,145.29,189.23
2020-03-02,442,660,365,366,55.99,53.3,57.39,61.89,1481,3768,960,1237,187.62,304.31,150.95,209.19
2020-03-02,394,694,336,290,49.91,56.05,52.83,49.04,1492,4438,1288,1203,189.01,358.43,202.52,203.44
2020-03-02,415,642,312,325,52.57,51.85,49.06,54.96,1095,3755,1002,799,138.72,303.26,157.55,135.12
2020-03-02,170,227,106,91,21.54,18.33,16.67,15.39,967,2792,653,655,122.5,225.49,102.68,110.77
2020-03-02,320,558,229,230,40.54,45.07,36.01,38.9,2021,6580,1382,1088,256.02,531.42,217.31,183.99
2020-03-02,569,926,429,350,72.08,74.79,67.46,59.19,2141,6948,1643,1232,271.23,561.14,258.35,208.34
2020-03-02,480,862,432,329,60.81,69.62,67.93,55.64,2434,5777,1392,992,308.34,466.57,218.88,167.76
2020-03-02,496,969,475,393,62.83,78.26,74.69,66.46,2478,8981,2276,1441,313.92,725.33,357.88,243.69
2020-03-02,439,742,369,275,55.61,59.93,58.02,46.51,2409,7553,1819,1390,305.18,610,286.02,235.06
2020-03-02,447,883,380,279,56.63,71.31,59.75,47.18,1541,4985,1276,860,195.22,402.6,200.64,145.43
2020-03-02,222,416,168,77,28.12,33.6,26.42,13.02,1099,3468,805,536,139.22,280.09,126.58,90.64
2020-03-02,244,470,231,158,30.91,37.96,36.32,26.72,2275,5088,1257,885,288.2,410.92,197.65,149.66
2020-03-02,441,822,399,235,55.87,66.39,62.74,39.74,1849,5243,1452,1020,234.24,423.44,228.31,172.49
2020-03-02,368,638,349,195,46.62,51.53,54.88,32.98,2093,4173,1471,744,265.15,337.02,231.3,125.82
2020-03-02,305,646,315,174,38.64,52.17,49.53,29.43,1802,5435,1941,1114,228.28,438.95,305.2,188.39
2020-03-02,320,593,275,138,40.54,47.89,43.24,23.34,1787,5800,2210,1207,226.38,468.42,347.5,204.12
2020-03-02,277,508,268,132,35.09,41.03,42.14,22.32,960,3416,1444,669,121.61,275.89,227.05,113.13
2020-03-02,94,171,74,56,11.91,13.81,11.64,9.47,849,2273,804,388,107.55,183.57,126.42,65.61
2020-03-02,137,309,173,54,17.36,24.96,27.2,9.13,1286,3995,2051,986,162.91,322.65,322.5,166.74
2020-03-02,189,473,231,141,23.94,38.2,36.32,23.84,1156,3736,1759,745,146.44,301.73,276.58,125.99
2020-03-02,144,338,210,92,18.24,27.3,33.02,15.56,974,3257,1644,834,123.39,263.04,258.5,141.04
2020-03-02,150,302,190,87,19,24.39,29.88,14.71,821,2538,1088,602,104.01,204.98,171.08,101.8
2020-03-02,132,234,174,74,16.72,18.9,27.36,12.51,686,2738,1692,604,86.9,221.13,266.05,102.14
2020-03-02,117,247,145,60,14.82,19.95,22.8,10.15,457,1700,1014,409,57.89,137.3,159.44,69.17
2020-03-02,31,67,43,14,3.93,5.41,6.76,2.37,294,1304,737,282,37.24,105.31,115.89,47.69
2020-03-02,47,131,74,25,5.95,10.58,11.64,4.23,511,1566,938,401,64.73,126.47,147.49,67.81
2020-03-02,81,178,127,51,10.26,14.38,19.97,8.62,381,1019,467,234,48.27,82.3,73.43,39.57
2020-03-02,69,139,82,39,8.74,11.23,12.89,6.6,320,949,384,193,40.54,76.64,60.38,32.64
2020-03-02,37,87,49,20,4.69,7.03,7.7,3.38,302,1131,690,345,38.26,91.34,108.5,58.34
2020-03-02,67,156,100,56,8.49,12.6,15.72,9.47,359,1103,491,255,45.48,89.08,77.2,43.12
2020-03-02,48,102,68,36,6.08,8.24,10.69,6.09,219,661,346,187,27.74,53.38,54.4,31.62
2020-03-02,13,62,34,10,1.65,5.01,5.35,1.69,80,314,195,56,10.13,25.36,30.66,9.47
2020-03-02,10,27,13,6,1.27,2.18,2.04,1.01,110,484,201,118,13.94,39.09,31.61,19.95
2020-03-02,31,61,32,19,3.93,4.93,5.03,3.21,165,462,152,132,20.9,37.31,23.9,22.32
2020-03-02,43,80,48,25,5.45,6.46,7.55,4.23,161,486,260,141,20.4,39.25,40.88,23.84
2020-03-02,41,100,58,23,5.19,8.08,9.12,3.89,193,526,278,154,24.45,42.48,43.71,26.04
2020-03-02,22,77,47,14,2.79,6.22,7.39,2.37,202,434,218,137,25.59,35.05,34.28,23.17
2020-03-02,33,82,53,39,4.18,6.62,8.33,6.6,144,364,269,87,18.24,29.4,42.3,14.71
2020-03-02,11,20,16,9,1.39,1.62,2.52,1.52,134,278,168,152,16.98,22.45,26.42,25.7
2020-03-02,18,27,27,10,2.28,2.18,4.25,1.69,184,355,240,197,23.31,28.67,37.74,33.31
2020-03-02,29,67,50,29,3.67,5.41,7.86,4.9,308,538,311,310,39.02,43.45,48.9,52.42
2020-03-02,29,51,31,21,3.67,4.12,4.87,3.55,390,558,279,363,49.41,45.07,43.87,61.39
2020-03-02,19,54,39,8,2.41,4.36,6.13,1.35,399,620,417,280,50.55,50.07,65.57,47.35
2020-03-02,16,35,19,9,2.03,2.83,2.99,1.52,354,612,381,312,44.85,49.43,59.91,52.76
2020-03-02,21,42,36,9,2.66,3.39,5.66,1.52,177,348,296,161,22.42,28.11,46.54,27.23
2020-03-02,5,14,8,2,0.63,1.13,1.26,0.34,126,189,135,97,15.96,15.26,21.23,16.4
2020-03-02,13,21,8,7,1.65,1.7,1.26,1.18,483,613,301,344,61.19,49.51,47.33,58.17
2020-03-02,14,48,28,7,1.77,3.88,4.4,1.18,488,423,331,401,61.82,34.16,52.05,67.81
2020-03-02,16,44,18,7,2.03,3.55,2.83,1.18,375,574,263,324,47.51,46.36,41.35,54.79
2020-03-02,7,43,38,18,0.89,3.47,5.98,3.04,271,424,267,231,34.33,34.24,41.98,39.06
2020-03-02,5,15,21,4,0.63,1.21,3.3,0.68,232,253,131,279,29.39,20.43,20.6,47.18
2020-03-02,7,29,23,3,0.89,2.34,3.62,0.51,140,273,170,116,17.74,22.05,26.73,19.62
2020-03-02,3,13,15,4,0.38,1.05,2.36,0.68,95,160,93,77,12.03,12.92,14.62,13.02
2020-03-02,8,33,18,4,1.01,2.67,2.83,0.68,243,601,559,311,30.78,48.54,87.9,52.59
2020-03-02,9,39,17,2,1.14,3.15,2.67,0.34,201,559,302,240,25.46,45.15,47.49,40.59
2020-03-02,3,23,27,8,0.38,1.86,4.25,1.35,139,444,428,211,17.61,35.86,67.3,35.68
2020-03-02,5,16,21,6,0.63,1.29,3.3,1.01,111,202,446,145,14.06,16.31,70.13,24.52
2020-03-02,6,16,33,6,0.76,1.29,5.19,1.01,116,525,469,300,14.7,42.4,73.75,50.73
2020-03-02,10,23,27,5,1.27,1.86,4.25,0.85,80,243,506,82,10.13,19.63,79.56,13.87
2020-03-02,2,5,5,2,0.25,0.4,0.79,0.34,44,235,193,71,5.57,18.98,30.35,12.01
2020-03-02,1,13,33,2,0.13,1.05,5.19,0.34,138,330,451,222,17.48,26.65,70.92,37.54
2020-03-02,2,16,27,0,0.25,1.29,4.25,0,116,360,422,107,14.7,29.07,66.36,18.09
2020-03-02,3,12,18,1,0.38,0.97,2.83,0.17,115,220,456,118,14.57,17.77,71.7,19.95
2020-03-02,2,19,33,2,0.25,1.53,5.19,0.34,111,308,534,127,14.06,24.87,83.97,21.48
2020-03-02,3,10,34,5,0.38,0.81,5.35,0.85,112,276,484,69,14.19,22.29,76.1,11.67
2020-03-02,4,8,24,5,0.51,0.65,3.77,0.85,123,159,229,57,15.58,12.84,36.01,9.64
2020-03-02,0,1,5,0,0,0.08,0.79,0,52,172,332,37,6.59,13.89,52.2,6.26
2020-03-02,1,5,10,2,0.13,0.4,1.57,0.34,107,138,219,54,13.55,11.15,34.44,9.13
2020-03-02,1,8,18,4,0.13,0.65,2.83,0.68,114,229,391,86,14.44,18.49,61.48,14.54
2020-03-02,5,10,14,0,0.63,0.81,2.2,0,84,194,289,68,10.64,15.67,45.44,11.5
2020-03-02,4,17,22,2,0.51,1.37,3.46,0.34,91,284,229,94,11.53,22.94,36.01,15.9
2020-03-02,2,9,5,1,0.25,0.73,0.79,0.17,132,264,338,125,16.72,21.32,53.15,21.14
2020-03-02,1,8,9,0,0.13,0.65,1.42,0,74,166,81,41,9.37,13.41,12.74,6.93
2020-03-02,0,6,0,0,0,0.48,0,0,50,138,34,36,6.33,11.15,5.35,6.09
2020-03-02,3,8,4,2,0.38,0.65,0.63,0.34,164,276,178,99,20.78,22.29,27.99,16.74
2020-03-02,4,12,10,1,0.51,0.97,1.57,0.17,133,190,101,41,16.85,15.34,15.88,6.93
2020-03-02,2,10,7,2,0.25,0.81,1.1,0.34,104,168,107,28,13.17,13.57,16.82,4.74
2020-03-02,0,3,8,1,0,0.24,1.26,0.17,88,119,237,127,11.15,9.61,37.27,21.48
2020-03-02,2,6,13,0,0.25,0.48,2.04,0,68,79,48,73,8.61,6.38,7.55,12.35
2020-03-02,0,5,10,1,0,0.4,1.57,0.17,49,43,176,54,6.21,3.47,27.67,9.13
2020-03-02,0,11,4,0,0,0.89,0.63,0,45,136,53,27,5.7,10.98,8.33,4.57
2020-03-02,0,6,5,1,0,0.48,0.79,0.17,127,215,101,44,16.09,17.36,15.88,7.44
2020-03-02,0,1,1,0,0,0.08,0.16,0,115,159,79,22,14.57,12.84,12.42,3.72
2020-03-02,0,3,5,2,0,0.24,0.79,0.34,172,224,201,43,21.79,18.09,31.61,7.27
2020-03-02,2,3,9,1,0.25,0.24,1.42,0.17,147,178,170,55,18.62,14.38,26.73,9.3
2020-03-02,0,6,0,3,0,0.48,0,0.51,171,188,117,40,21.66,15.18,18.4,6.76
2020-03-02,0,2,1,2,0,0.16,0.16,0.34,119,162,72,38,15.08,13.08,11.32,6.43
2020-03-02,1,1,1,0,0.13,0.08,0.16,0,64,76,44,21,8.11,6.14,6.92,3.55
2020-03-02,4,7,0,1,0.51,0.57,0,0.17,178,160,99,46,22.55,12.92,15.57,7.78
2020-03-02,0,4,6,1,0,0.32,0.94,0.17,189,154,111,68,23.94,12.44,17.45,11.5
2020-03-02,0,1,4,0,0,0.08,0.63,0,116,118,84,28,14.7,9.53,13.21,4.74
2020-03-02,0,3,3,2,0,0.24,0.47,0.34,140,163,113,59,17.74,13.16,17.77,9.98
2020-03-02,1,2,4,2,0.13,0.16,0.63,0.34,153,182,109,69,19.38,14.7,17.14,11.67
2020-03-02,1,3,0,0,0.13,0.24,0,0,114,126,78,41,14.44,10.18,12.26,6.93
2020-03-02,2,2,1,1,0.25,0.16,0.16,0.17,83,128,49,14,10.51,10.34,7.7,2.37
2020-03-02,0,0,0,0,0,0,0,0,153,180,61,57,19.38,14.54,9.59,9.64
2020-03-02,0,0,0,0,0,0,0,0,196,186,92,55,24.83,15.02,14.47,9.3
2020-03-02,1,2,4,1,0.13,0.16,0.63,0.17,111,89,45,29,14.06,7.19,7.08,4.9
2020-03-02,1,0,1,0,0.13,0,0.16,0,123,106,44,25,15.58,8.56,6.92,4.23
2020-03-02,0,1,0,0,0,0.08,0,0,91,192,56,31,11.53,15.51,8.81,5.24
2020-03-02,1,2,3,1,0.13,0.16,0.47,0.17,101,101,46,34,12.79,8.16,7.23,5.75
2020-03-02,0,0,1,0,0,0,0.16,0,63,73,36,20,7.98,5.9,5.66,3.38
2020-03-02,1,0,0,0,0.13,0,0,0,135,141,64,39,17.1,11.39,10.06,6.6
2020-03-02,0,0,0,1,0,0,0,0.17,140,209,86,61,17.74,16.88,13.52,10.32
2020-03-02,3,2,2,0,0.38,0.16,0.31,0,98,108,54,24,12.41,8.72,8.49,4.06
2020-03-02,0,0,0,0,0,0,0,0,102,123,51,36,12.92,9.93,8.02,6.09
2020-03-02,3,3,0,0,0.38,0.24,0,0,212,195,77,36,26.86,15.75,12.11,6.09
2020-03-02,4,0,0,2,0.51,0,0,0.34,112,481,138,30,14.19,38.85,21.7,5.07
2020-03-02,0,0,0,0,0,0,0,0,105,174,49,23,13.3,14.05,7.7,3.89
2020-03-02,1,1,0,0,0.13,0.08,0,0,200,197,77,55,25.34,15.91,12.11,9.3
2020-03-02,3,2,4,1,0.38,0.16,0.63,0.17,233,287,141,66,29.52,23.18,22.17,11.16
2020-03-02,1,4,4,1,0.13,0.32,0.63,0.17,153,275,206,67,19.38,22.21,32.39,11.33
2020-03-02,0,0,2,0,0,0,0.31,0,171,280,143,58,21.66,22.61,22.49,9.81
2020-03-02,7,3,3,0,0.89,0.24,0.47,0,239,349,172,87,30.28,28.19,27.05,14.71
2020-03-02,3,3,12,1,0.38,0.24,1.89,0.17,208,284,253,52,26.35,22.94,39.78,8.79
2020-03-02,0,4,32,3,0,0.32,5.03,0.51,120,243,337,34,15.2,19.63,52.99,5.75
2020-03-02,1,3,16,3,0.13,0.24,2.52,0.51,208,503,308,68,26.35,40.62,48.43,11.5
2020-03-02,1,15,58,6,0.13,1.21,9.12,1.01,303,543,1113,180,38.38,43.85,175.01,30.44
2020-03-02,5,8,47,5,0.63,0.65,7.39,0.85,246,572,696,176,31.16,46.2,109.44,29.76
2020-03-02,1,15,56,8,0.13,1.21,8.81,1.35,260,631,671,209,32.94,50.96,105.51,35.34
2020-03-02,2,38,75,7,0.25,3.07,11.79,1.18,350,888,1397,158,44.34,71.72,219.66,26.72
2020-03-02,1,47,75,8,0.13,3.8,11.79,1.35,239,1004,793,109,30.28,81.09,124.69,18.43
2020-03-02,4,28,32,2,0.51,2.26,5.03,0.34,173,764,493,94,21.92,61.7,77.52,15.9
2020-03-02,5,32,28,5,0.63,2.58,4.4,0.85,386,1206,1502,205,48.9,97.4,236.17,34.67
2020-03-02,4,53,83,6,0.51,4.28,13.05,1.01,488,1117,712,150,61.82,90.21,111.95,25.37
2020-03-02,11,63,84,4,1.39,5.09,13.21,0.68,407,1480,857,159,51.56,119.53,134.75,26.89
2020-03-02,8,81,53,8,1.01,6.54,8.33,1.35,436,1457,860,240,55.23,117.67,135.23,40.59
2020-03-02,12,74,38,6,1.52,5.98,5.98,1.01,492,1714,966,152,62.33,138.43,151.89,25.7
2020-03-02,15,98,43,8,1.9,7.91,6.76,1.35,365,1137,414,138,46.24,91.83,65.1,23.34
2020-03-02,15,55,22,6,1.9,4.44,3.46,1.01,322,1010,292,61,40.79,81.57,45.91,10.32
2020-03-02,12,109,28,8,1.52,8.8,4.4,1.35,511,2387,699,101,64.73,192.78,109.91,17.08
2020-03-02,19,140,78,15,2.41,11.31,12.26,2.54,591,2380,687,182,74.87,192.22,108.02,30.78
2020-03-02,18,137,68,17,2.28,11.06,10.69,2.87,606,2252,974,163,76.77,181.88,153.15,27.56
2020-03-02,21,117,64,15,2.66,9.45,10.06,2.54,627,2330,1077,218,79.43,188.18,169.35,36.87
2020-03-02,21,97,39,15,2.66,7.83,6.13,2.54,788,2275,990,209,99.83,183.74,155.67,35.34
2020-03-02,21,131,53,25,2.66,10.58,8.33,4.23,530,1894,664,190,67.14,152.96,104.41,32.13
2020-03-02,25,63,28,9,3.17,5.09,4.4,1.52,376,1188,340,68,47.63,95.95,53.46,11.5
2020-03-02,37,68,31,18,4.69,5.49,4.87,3.04,678,2409,740,174,85.89,194.56,116.36,29.43
2020-03-02,48,162,57,24,6.08,13.08,8.96,4.06,651,2210,640,197,82.47,178.49,100.63,33.31
2020-03-02,41,161,63,37,5.19,13,9.91,6.26,1057,2756,597,158,133.9,222.58,93.87,26.72
2020-03-02,57,155,66,28,7.22,12.52,10.38,4.74,1015,2699,704,226,128.58,217.98,110.7,38.22
2020-03-02,71,182,74,48,8.99,14.7,11.64,8.12,916,2444,776,275,116.04,197.38,122.02,46.51
2020-03-02,86,248,103,52,10.89,20.03,16.2,8.79,870,1875,879,1438,110.21,151.43,138.21,243.18
2020-03-02,23,92,33,21,2.91,7.43,5.19,3.55,568,1448,531,640,71.96,116.94,83.49,108.23
2020-03-02,34,202,52,39,4.31,16.31,8.18,6.6,915,3284,972,1202,115.91,265.23,152.84,203.27
2020-03-02,85,326,112,71,10.77,26.33,17.61,12.01,861,2749,890,1392,109.07,222.02,139.94,235.4
2020-03-02,68,296,98,77,8.61,23.91,15.41,13.02,807,2019,727,1307,102.23,163.06,114.31,221.03
2020-03-02,92,300,91,59,11.65,24.23,14.31,9.98,1140,4579,1077,1347,144.42,369.81,169.35,227.79
2020-03-02,77,298,94,57,9.75,24.07,14.78,9.64,1724,4373,1482,1962,218.4,353.18,233.03,331.79
2020-03-02,112,297,96,74,14.19,23.99,15.1,12.51,1285,2877,1130,1456,162.79,232.35,177.68,246.22
2020-03-02,62,204,74,48,7.85,16.48,11.64,8.12,1239,2545,916,919,156.96,205.54,144.03,155.41
2020-03-02,94,293,82,54,11.91,23.66,12.89,9.13,1801,4867,1436,1571,228.15,393.07,225.8,265.67
2020-03-02,150,366,127,114,19,29.56,19.97,19.28,1823,4340,1266,1846,230.94,350.51,199.07,312.18
2020-03-02,170,431,136,123,21.54,34.81,21.38,20.8,1718,4177,1283,1635,217.64,337.35,201.74,276.49
2020-03-02,181,374,163,116,22.93,30.21,25.63,19.62,1759,4174,1290,1881,222.83,337.1,202.84,318.1
2020-03-02,149,380,128,149,18.88,30.69,20.13,25.2,1868,3717,1464,2349,236.64,300.2,230.2,397.24
2020-03-02,171,456,173,140,21.66,36.83,27.2,23.68,1017,2170,989,1605,128.84,175.26,155.51,271.42
2020-03-02,149,463,213,112,18.88,37.39,33.49,18.94,942,1704,831,919,119.33,137.62,130.67,155.41
2020-03-02,166,452,144,117,21.03,36.5,22.64,19.79,1647,3228,1136,1472,208.65,260.7,178.62,248.93
2020-03-02,314,751,258,219,39.78,60.65,40.57,37.04,1821,3253,1251,2046,230.69,262.72,196.71,346
2020-03-02,254,605,232,173,32.18,48.86,36.48,29.26,1555,2473,1013,1287,196.99,199.73,159.28,217.64
2020-03-02,239,659,222,187,30.28,53.22,34.91,31.62,1734,2521,1287,1677,219.67,203.6,202.37,283.6
2020-03-02,254,724,255,189,32.18,58.47,40.1,31.96,2009,2918,1384,1866,254.5,235.67,217.62,315.56
2020-03-02,298,708,298,189,37.75,57.18,46.86,31.96,1103,1930,1032,1415,139.73,155.87,162.27,239.29
2020-03-02,214,620,204,159,27.11,50.07,32.08,26.89,733,1439,565,575,92.86,116.22,88.84,97.24
2020-03-02,220,664,221,185,27.87,53.63,34.75,31.29,1725,2772,1294,1585,218.53,223.87,203.47,268.04
2020-03-02,452,1145,479,320,57.26,92.47,75.32,54.12,1772,2767,1166,2143,224.48,223.47,183.34,362.4
2020-03-02,417,983,392,311,52.83,79.39,61.64,52.59,1447,2676,1137,1543,183.31,216.12,178.78,260.94
2020-03-02,435,1003,415,318,55.11,81.01,65.25,53.78,1521,2576,1035,1192,192.68,208.05,162.74,201.58
2020-03-02,486,1064,406,322,61.57,85.93,63.84,54.45,1614,2718,1109,1053,204.47,219.51,174.38,178.07
2020-03-02,489,1069,426,327,61.95,86.34,66.98,55.3,924,1951,976,933,117.05,157.57,153.47,157.78
2020-03-02,311,767,292,183,39.4,61.95,45.91,30.95,711,1414,622,474,90.07,114.2,97.8,80.16
2020-03-02,441,944,367,247,55.87,76.24,57.71,41.77,1610,3669,1653,1395,203.96,296.32,259.92,235.91
2020-03-02,719,1587,672,452,91.08,128.17,105.67,76.44,1292,2841,1179,1263,163.67,229.45,185.39,213.59
2020-03-02,608,1560,560,366,77.02,125.99,88.05,61.89,1201,2491,1029,1264,152.15,201.18,161.8,213.76
2020-03-02,672,1623,566,410,85.13,131.08,89,69.34,1518,3082,1295,1349,192.3,248.91,203.63,228.13
2020-03-02,666,1545,555,400,84.37,124.78,87.27,67.64,1275,3025,1236,1312,161.52,244.31,194.35,221.87
2020-03-02,691,1678,570,442,87.54,135.52,89.63,74.75,1594,2940,1322,1028,201.93,237.44,207.87,173.85
2020-03-02,506,1100,360,302,64.1,88.84,56.61,51.07,951,1590,709,466,120.47,128.41,111.48,78.81
2020-03-02,556,1270,434,350,70.44,102.57,68.24,59.19,1385,3348,1340,1031,175.45,270.39,210.7,174.35
2020-03-02,889,2094,790,583,112.62,169.12,124.22,98.59,1262,2909,1203,2299,159.87,234.94,189.16,388.78
2020-03-02,903,2096,721,585,114.39,169.28,113.37,98.93,1182,2597,1078,1841,149.74,209.74,169.5,311.33
2020-03-02,852,1978,702,538,107.93,159.75,110.38,90.98,1247,3233,1184,1597,157.97,261.11,186.17,270.07
2020-03-02,852,1932,732,522,107.93,156.03,115.1,88.28,2042,3836,1427,1298,258.69,309.81,224.38,219.5
2020-03-02,854,1935,669,550,108.19,156.28,105.19,93.01,1348,2547,1045,889,170.77,205.7,164.32,150.34
2020-03-02,705,1486,517,463,89.31,120.01,81.29,78.3,502,904,440,367,63.59,73.01,69.19,62.06
2020-03-02,670,1357,503,463,84.88,109.6,79.09,78.3,1469,4103,1505,1062,186.1,331.37,236.65,179.59
2020-03-02,1142,2664,974,789,144.67,215.15,153.15,133.43,1756,3674,1400,1300,222.45,296.72,220.14,219.84
2020-03-02,1027,2406,839,770,130.1,194.32,131.92,130.21,1614,4254,1263,1027,204.47,343.57,198.59,173.68
2020-03-02,1203,2853,935,754,152.4,230.42,147.02,127.51,1724,3889,1236,726,218.4,314.09,194.35,122.77
2020-03-02,1337,2929,1027,703,169.37,236.55,161.49,118.88,2197,5485,1880,1027,278.32,442.98,295.61,173.68
2020-03-02,1072,2463,815,712,135.8,198.92,128.15,120.41,2249,5323,1471,851,284.91,429.9,231.3,143.91
2020-03-02,614,1122,409,408,77.78,90.62,64.31,69,1444,4047,936,406,182.93,326.85,147.18,68.66
2020-03-02,581,1457,489,431,73.6,117.67,76.89,72.89,3898,10799,2268,967,493.81,872.16,356.62,163.53
2020-03-02,1284,3012,1022,732,162.66,243.26,160.7,123.79,2563,7285,1368,617,324.69,588.36,215.1,104.34
2020-03-02,868,1869,579,436,109.96,150.95,91.04,73.73,2250,6982,1794,374,285.03,563.89,282.09,63.25
2020-03-02,393,858,231,219,49.79,69.29,36.32,37.04,3559,10905,2086,692,450.86,880.72,328,117.02
2020-03-02,826,2244,685,500,104.64,181.23,107.71,84.56,5814,15434,4075,1994,736.53,1246.49,640.75,337.21
2020-03-02,1268,2934,808,581,160.63,236.96,127.05,98.25,3622,8302,2324,1370,458.84,670.49,365.43,231.68
2020-03-02,1251,2879,881,651,158.48,232.52,138.53,110.09,2463,8269,1341,487,312.02,667.83,210.86,82.36
2020-03-02,963,2328,707,389,121.99,188.02,111.17,65.78,5106,12900,2355,1082,646.84,1041.84,370.3,182.98
2020-03-02,1317,3114,956,626,166.84,251.5,150.32,105.86,5291,13251,2822,1309,670.28,1070.19,443.73,221.37
2020-03-02,1154,2890,878,569,146.19,233.4,138.06,96.22,4915,12441,2888,1145,622.64,1004.77,454.11,193.63
2020-03-02,1034,2603,780,476,130.99,210.23,122.65,80.5,2995,8094,1446,588,379.41,653.69,227.37,99.44
2020-03-02,377,1058,289,163,47.76,85.45,45.44,27.56,1055,2526,209,47,133.65,204.01,32.86,7.95
2020-03-02,673,1551,356,245,85.26,125.26,55.98,41.43,2655,7765,1395,785,336.34,627.12,219.35,132.75
2020-03-02,1011,2704,730,400,128.08,218.38,114.79,67.64,2373,7828,1496,534,300.62,632.21,235.23,90.3
2020-03-02,703,2188,624,306,89.06,176.71,98.12,51.75,4637,12289,2611,1147,587.43,992.49,410.55,193.97
2020-03-02,1021,2719,748,482,129.34,219.59,117.62,81.51,3885,10406,2723,1105,492.16,840.42,428.16,186.87
2020-03-02,527,1582,408,219,66.76,127.77,64.15,37.04,2334,8039,2121,679,295.68,649.25,333.51,114.83
2020-03-02,577,1879,508,309,73.1,151.75,79.88,52.25,2687,8229,2141,1117,340.4,664.6,336.65,188.9
2020-03-02,638,1827,597,360,80.82,147.55,93.87,60.88,2462,9301,3025,1315,311.89,751.18,475.65,222.38
2020-03-02,547,1414,443,249,69.3,114.2,69.66,42.11,1959,5517,1956,1170,248.17,445.57,307.56,197.86
2020-03-02,257,807,231,144,32.56,65.18,36.32,24.35,1681,4398,1669,838,212.95,355.2,262.43,141.71
2020-03-02,374,1127,363,219,47.38,91.02,57.08,37.04,2204,8703,3311,1720,279.21,702.88,520.62,290.87
2020-03-02,562,1405,439,303,71.2,113.47,69.03,51.24,1678,7079,3074,1660,212.57,571.72,483.36,280.72
2020-03-02,211,736,210,144,26.73,59.44,33.02,24.35,1515,5133,2222,1239,191.92,414.56,349.39,209.53
2020-03-02,385,1096,297,212,48.77,88.52,46.7,35.85,1966,6055,2687,1431,249.06,489.02,422.5,242
2020-03-02,506,1463,335,229,64.1,118.16,52.68,38.73,2102,6516,2114,1604,266.29,526.25,332.41,271.25
2020-03-02,355,1102,311,203,44.97,89,48.9,34.33,1732,3498,1391,1206,219.41,282.51,218.72,203.95
2020-03-02,173,458,131,92,21.92,36.99,20.6,15.56,1245,4505,1072,678,157.72,363.84,168.56,114.66
2020-03-02,256,755,225,156,32.43,60.98,35.38,26.38,1925,5341,1685,1243,243.86,431.35,264.95,210.2
2020-03-02,316,916,272,207,40.03,73.98,42.77,35.01,2210,6426,1785,1757,279.97,518.98,280.67,297.13
2020-03-02,265,743,207,170,33.57,60.01,32.55,28.75,2751,6233,1745,1661,348.5,503.39,274.38,280.89
2020-03-02,269,721,194,147,34.08,58.23,30.5,24.86,2091,6490,1675,1928,264.89,524.15,263.38,326.04
2020-03-02,249,681,163,115,31.54,55,25.63,19.45,2243,6983,1319,2122,284.15,563.97,207.4,358.85
2020-03-02,212,658,169,125,26.86,53.14,26.57,21.14,1592,3501,751,952,201.68,282.75,118.09,160.99
2020-03-02,117,347,78,53,14.82,28.02,12.26,8.96,848,2661,696,376,107.43,214.91,109.44,63.59
2020-03-02,142,562,118,57,17.99,45.39,18.55,9.64,2021,7286,1240,1204,256.02,588.44,194.98,203.61
2020-03-02,254,870,204,104,32.18,70.26,32.08,17.59,1942,5374,1172,1230,246.02,434.02,184.29,208.01
2020-03-02,193,695,135,103,24.45,56.13,21.23,17.42,2097,7209,1208,990,265.65,582.22,189.95,167.42
2020-03-02,186,673,142,80,23.56,54.35,22.33,13.53,1948,6524,1300,949,246.78,526.9,204.41,160.49
2020-03-02,152,515,100,65,19.26,41.59,15.72,10.99,1532,6340,1260,993,194.08,512.04,198.12,167.93
2020-03-02,158,576,133,79,20.02,46.52,20.91,13.36,1155,3836,584,760,146.32,309.81,91.83,128.52
2020-03-02,67,281,59,35,8.49,22.69,9.28,5.92,709,2403,502,479,89.82,194.07,78.93,81
2020-03-02,121,476,91,56,15.33,38.44,14.31,9.47,1467,5924,1318,876,185.84,478.44,207.24,148.14
2020-03-02,163,561,132,66,20.65,45.31,20.76,11.16,1811,5369,1302,1016,229.42,433.62,204.73,171.82
2020-03-02,114,462,90,57,14.44,37.31,14.15,9.64,1525,4542,988,754,193.19,366.82,155.35,127.51
2020-03-02,99,445,66,37,12.54,35.94,10.38,6.26,1308,4338,871,678,165.7,350.35,136.96,114.66
2020-03-02,87,419,89,34,11.02,33.84,13.99,5.75,1371,4484,955,821,173.68,362.14,150.16,138.84
2020-03-02,89,391,79,53,11.27,31.58,12.42,8.96,894,2898,596,754,113.25,234.05,93.71,127.51
2020-03-02,30,117,23,23,3.8,9.45,3.62,3.89,390,1086,333,496,49.41,87.71,52.36,83.88
2020-03-02,71,335,65,31,8.99,27.06,10.22,5.24,989,3918,1141,858,125.29,316.43,179.41,145.1
2020-03-02,97,331,85,48,12.29,26.73,13.37,8.12,1120,3843,973,991,141.88,310.37,152.99,167.59
2020-03-02,61,280,74,34,7.73,22.61,11.64,5.75,1008,3191,831,628,127.7,257.71,130.67,106.2
2020-03-02,50,248,56,35,6.33,20.03,8.81,5.92,792,2612,694,695,100.33,210.95,109.12,117.53
2020-03-02,63,239,60,25,7.98,19.3,9.43,4.23,735,2637,813,599,93.11,212.97,127.84,101.3
2020-03-02,69,193,65,33,8.74,15.59,10.22,5.58,566,1950,505,583,71.7,157.49,79.41,98.59
2020-03-02,26,67,27,13,3.29,5.41,4.25,2.2,382,676,373,327,48.39,54.6,58.65,55.3
2020-03-02,38,202,44,16,4.81,16.31,6.92,2.71,909,2705,853,799,115.15,218.46,134.13,135.12
2020-03-02,38,233,66,30,4.81,18.82,10.38,5.07,770,2265,703,730,97.55,182.93,110.54,123.45
2020-03-02,42,241,51,32,5.32,19.46,8.02,5.41,790,2606,780,711,100.08,210.47,122.65,120.24
2020-03-02,53,222,52,20,6.71,17.93,8.18,3.38,792,2491,653,664,100.33,201.18,102.68,112.29
2020-03-02,34,185,32,16,4.31,14.94,5.03,2.71,878,2098,643,807,111.23,169.44,101.11,136.47
2020-03-02,43,204,50,27,5.45,16.48,7.86,4.57,476,1433,386,713,60.3,115.73,60.69,120.58
2020-03-02,13,78,16,6,1.65,6.3,2.52,1.01,291,991,254,379,36.86,80.04,39.94,64.09
2020-03-02,36,189,44,19,4.56,15.26,6.92,3.21,770,2377,708,838,97.55,191.97,111.33,141.71
2020-03-02,48,244,41,14,6.08,19.71,6.45,2.37,738,2427,732,867,93.49,196.01,115.1,146.62
2020-03-02,29,224,34,16,3.67,18.09,5.35,2.71,576,1507,398,498,72.97,121.71,62.58,84.22
2020-03-02,39,235,39,17,4.94,18.98,6.13,2.87,648,2503,556,498,82.09,202.15,87.43,84.22
2020-03-02,29,161,28,13,3.67,13,4.4,2.2,737,2627,636,805,93.36,212.16,100,136.13
2020-03-02,39,202,16,13,4.94,16.31,2.52,2.2,495,1573,247,675,62.71,127.04,38.84,114.15
2020-03-02,22,95,21,8,2.79,7.67,3.3,1.35,282,597,161,288,35.72,48.22,25.32,48.7
2020-03-02,37,157,34,12,4.69,12.68,5.35,2.03,655,2150,620,537,82.98,173.64,97.49,90.81
2020-03-02,55,206,32,22,6.97,16.64,5.03,3.72,827,1978,703,879,104.77,159.75,110.54,148.65
2020-03-02,37,259,37,23,4.69,20.92,5.82,3.89,590,2033,535,647,74.74,164.19,84.12,109.41
2020-03-02,30,206,33,19,3.8,16.64,5.19,3.21,745,2441,578,608,94.38,197.14,90.88,102.82
2020-03-02,41,189,39,21,5.19,15.26,6.13,3.55,775,2800,866,947,98.18,226.14,136.17,160.15
2020-03-02,32,231,44,15,4.05,18.66,6.92,2.54,417,1530,311,744,52.83,123.57,48.9,125.82
2020-03-02,12,104,19,6,1.52,8.4,2.99,1.01,295,916,338,451,37.37,73.98,53.15,76.27
2020-03-02,31,204,40,16,3.93,16.48,6.29,2.71,865,3078,917,728,109.58,248.59,144.19,123.11
2020-03-02,54,343,55,18,6.84,27.7,8.65,3.04,761,2947,746,880,96.41,238.01,117.3,148.82
2020-03-02,47,254,48,15,5.95,20.51,7.55,2.54,974,2910,766,932,123.39,235.02,120.45,157.61
2020-03-02,41,270,40,17,5.19,21.81,6.29,2.87,735,2835,754,675,93.11,228.96,118.56,114.15
2020-03-02,35,247,41,18,4.43,19.95,6.45,3.04,987,2837,679,943,125.04,229.12,106.77,159.47
2020-03-02,54,218,53,16,6.84,17.61,8.33,2.71,530,1505,483,773,67.14,121.55,75.95,130.72
2020-03-02,5,80,14,4,0.63,6.46,2.2,0.68,265,868,283,471,33.57,70.1,44.5,79.65
2020-03-02,47,254,45,11,5.95,20.51,7.08,1.86,842,3524,947,1021,106.67,284.61,148.91,172.66
2020-03-02,55,304,70,22,6.97,24.55,11.01,3.72,1095,3599,925,1069,138.72,290.67,145.45,180.78
2020-03-02,41,273,60,18,5.19,22.05,9.43,3.04,799,3354,986,894,101.22,270.88,155.04,151.18
2020-03-02,27,250,42,19,3.42,20.19,6.6,3.21,726,3168,1047,1011,91.97,255.86,164.63,170.97
2020-03-02,42,210,43,28,5.32,16.96,6.76,4.74,779,3212,1363,1642,98.69,259.41,214.32,277.68
2020-03-02,23,141,18,8,2.91,11.39,2.83,1.35,239,854,675,712,30.28,68.97,106.14,120.41
