Date,10-19 pop,10-19 first dose,10-19 second dose,20-29 pop,20-29 first dose,20-29 second dose,30-39 pop,30-39 first dose,30-39 second dose,40-49 pop,40-49 first dose,40-49 second dose,50-59 pop,50-59 first dose,50-59 second dose,60-69 pop,60-69 first dose,60-69 second dose,70-79 pop,70-79 first dose,70-79 second dose,80-89 pop,80-89 first dose,80-89 second dose,90+ pop,90+ first dose,90+ second dose
2021-01-14T20:50:19.033Z,1505185,18215,322,1277634,114308,4821,1186386,159726,10596,1080768,254086,14703,832687,349928,15773,735380,489173,55078,462148,390484,49027,222547,173177,15477,50589,40796,2742
2021-01-15T03:51:47.650Z,1505185,18258,322,1277634,114540,4833,1186386,159846,10623,1080768,254281,14746,832687,350254,15835,735380,489221,55287,462148,390494,49182,222547,173179,15516,50589,40796,2754
2021-01-15T07:41:36.633Z,1505185,18268,323,1277634,114562,4878,1186386,159899,10699,1080768,254389,14838,832687,350425,15964,735380,489322,55784,462148,390526,49627,222547,173192,15665,50589,40798,2784
2021-01-15T11:40:28.147Z,1505185,18599,397,1277634,117113,5358,1186386,162750,11512,1080768,258043,16165,832687,358832,17819,735380,491323,64375,462148,391510,57862,222547,173625,18612,50589,40866,3304
2021-01-16T14:40:17.410Z,1505185,18844,416,1277634,118698,5542,1186386,164541,11807,1080768,260606,16681,832687,365275,18544,735380,492394,68266,462148,391996,61414,222547,173818,19797,50589,40922,3478
2021-01-16T18:58:54.310Z,1505185,19167,461,1277634,120460,5789,1186386,167258,12321,1080768,267273,17648,832687,373891,19960,735380,494238,75743,462148,392929,69433,222547,174267,22722,50589,41011,4107
2021-01-17T07:18:53.633Z,1505185,19403,546,1277634,121825,6678,1186386,169130,14002,1080768,271498,20015,832687,380785,22543,735380,495943,85036,462148,393973,79155,222547,174721,26814,50589,41100,4876
2021-01-17T15:39:52.500Z,1505185,19570,611,1277634,122966,7377,1186386,170485,15039,1080768,275430,21520,832687,387933,24424,735380,497271,91143,462148,394751,85122,222547,175043,29181,50589,41172,5389
2021-01-17T19:30:01.320Z,1505185,19799,657,1277634,124088,7729,1186386,172223,15611,1080768,281074,22401,832687,394603,25710,735380,498977,96873,462148,395666,90347,222547,175434,31063,50589,41255,5706
2021-01-18T04:35:31.270Z,1505185,19993,692,1277634,125068,7983,1186386,174011,16050,1080768,285244,23182,832687,397366,26844,735380,499839,101338,462148,396031,94347,222547,175586,32509,50589,41282,5990
2021-01-18T06:31:52.957Z,1505185,19993,694,1277634,125090,8167,1186386,174041,16442,1080768,285265,23652,832687,397392,27202,735380,499846,101726,462148,396035,94628,222547,175589,32612,50589,41283,6000
2021-01-18T16:31:29.850Z,1505185,20534,1024,1277634,130856,10743,1186386,177987,20789,1080768,296598,30150,832687,408084,34996,735380,503689,124926,462148,398418,117899,222547,176600,42237,50589,41441,8148
2021-01-18T18:34:56.827Z,1505185,21243,1141,1277634,135293,11416,1186386,180131,21935,1080768,302551,32047,832687,413384,37607,735380,504921,133227,462148,399050,123735,222547,176869,44406,50589,41491,8553
2021-01-19T05:30:54.400Z,1505185,21635,1181,1277634,136697,11616,1186386,181709,22303,1080768,305544,32622,832687,415285,38339,735380,505595,135195,462148,399358,125053,222547,177002,44942,50589,41511,8644
2021-01-19T07:34:37.340Z,1505185,21638,1197,1277634,136721,11929,1186386,181740,22817,1080768,305589,33245,832687,415320,38833,735380,505603,135817,462148,399368,125429,222547,177003,45071,50589,41511,8664
2021-01-19T14:19:06.050Z,1505185,22542,1576,1277634,146670,15013,1186386,185416,27093,1080768,315287,39438,832687,422484,46195,735380,507785,153266,462148,400767,142630,222547,177604,53461,50589,41664,11156
2021-01-20T04:28:09.150Z,1505185,23522,1856,1277634,153964,16656,1186386,189720,29447,1080768,326989,43285,832687,429196,51341,735380,510027,167542,462148,402020,154647,222547,178109,58718,50589,41784,12513
2021-01-20T07:16:55.410Z,1505185,23665,1886,1277634,154621,16833,1186386,190995,29742,1080768,329199,43734,832687,430041,51921,735380,510327,169023,462148,402145,155473,222547,178157,59035,50589,41791,12573
2021-01-20T15:51:00.880Z,1505185,24594,2419,1277634,163513,21564,1186386,196703,35830,1080768,344398,52285,832687,439498,62298,735380,514801,192369,462148,404907,176017,222547,179504,68091,50589,42045,14791
2021-01-20T20:20:13.790Z,1505185,24974,2464,1277634,167436,22090,1186386,197310,36296,1080768,344751,52972,832687,439614,62907,735380,514847,193275,462148,404931,176814,222547,179523,68801,50589,42055,15156
2021-01-21T04:27:20.957Z,1505185,25834,2834,1277634,171670,23829,1186386,206237,39169,1080768,363106,57806,832687,448326,70490,735380,518778,212896,462148,407391,192917,222547,180603,75292,50589,42287,16437
2021-01-21T08:35:56.320Z,1505185,25841,2854,1277634,171711,24132,1186386,206312,39678,1080768,363135,58360,832687,448339,71021,735380,518783,213352,462148,407395,193199,222547,180605,75388,50589,42287,16454
2021-01-21T16:16:22.323Z,1505185,27033,3666,1277634,179419,30712,1186386,213107,47659,1080768,377391,69659,832687,455165,86258,735380,521459,239420,462148,408971,216896,222547,181350,86945,50589,42466,19625
2021-01-21T19:47:52.763Z,1505185,27313,3877,1277634,180968,31942,1186386,215954,49507,1080768,383691,72512,832687,458362,91183,735380,522389,248276,462148,409374,223084,222547,181561,89464,50589,42499,20158
2021-01-22T04:41:17.910Z,1505185,28001,4056,1277634,184980,33066,1186386,220215,50963,1080768,389594,75003,832687,460687,94607,735380,523269,254029,462148,409744,226779,222547,181722,91302,50589,42538,20697
2021-01-22T07:17:51.503Z,1505185,28003,4058,1277634,184986,33073,1186386,220229,50988,1080768,389631,75048,832687,460719,94688,735380,523290,254209,462148,409750,226930,222547,181723,91372,50589,42538,20710
2021-01-22T13:28:10.110Z,1505185,28368,4559,1277634,186545,35190,1186386,223684,54504,1080768,398594,80728,832687,464553,103865,735380,524569,266833,462148,410331,236030,222547,182027,95537,50589,42606,21750
2021-01-23T14:28:52.590Z,1505185,29956,4956,1277634,191432,38403,1186386,229475,57404,1080768,410014,85906,832687,469287,111182,735380,526156,276526,462148,411036,244058,222547,182408,99607,50589,42707,23094
2021-01-23T18:37:03.467Z,1505185,30704,5029,1277634,191886,38736,1186386,230085,57828,1080768,412406,86933,832687,470658,112979,735380,526405,278287,462148,411182,245208,222547,182478,100255,50589,42722,23304
2021-01-24T06:07:14.763Z,1505185,30704,5029,1277634,191886,38736,1186386,230085,57828,1080768,412406,86933,832687,470658,112979,735380,526405,278287,462148,411182,245208,222547,182478,100255,50589,42722,23304
2021-01-24T16:54:21.827Z,1505185,35840,5211,1277634,194358,39598,1186386,234855,59418,1080768,420122,90101,832687,473458,117739,735380,527376,284828,462148,411683,250516,222547,182709,102825,50589,42782,23893
2021-01-24T20:15:06.353Z,1505185,42138,6274,1277634,203155,46129,1186386,240737,67088,1080768,434109,102647,832687,479966,137861,735380,530163,310745,462148,413256,270790,222547,183492,112854,50589,42951,26349
2021-01-25T03:43:39.050Z,1505185,45223,6463,1277634,205135,46964,1186386,244067,68482,1080768,438960,104954,832687,482292,141465,735380,531221,316326,462148,413768,274692,222547,183742,114768,50589,43012,26752
2021-01-25T07:28:11.697Z,1505185,46357,6512,1277634,206318,47281,1186386,245901,69030,1080768,440705,105825,832687,482962,142738,735380,531465,317606,462148,413866,275306,222547,183780,115044,50589,43018,26800
2021-01-25T15:19:21.960Z,1505185,51914,7433,1277634,215392,53782,1186386,251389,76076,1080768,450651,117197,832687,488459,158654,735380,534463,334559,462148,415921,289754,222547,184921,122998,50589,43308,28846
2021-01-25T20:15:07.197Z,1505185,56029,7790,1277634,219792,55549,1186386,255304,78532,1080768,457423,121749,832687,491945,165734,735380,536141,341769,462148,416974,294651,222547,185440,125412,50589,43438,29416
2021-01-26T08:39:00.873Z,1505185,60386,8059,1277634,224618,57065,1186386,261407,81182,1080768,464912,126205,832687,495429,172486,735380,537784,349762,462148,417783,300020,222547,185810,127877,50589,43523,29891
2021-01-26T16:37:13.443Z,1505185,65823,8887,1277634,233749,62064,1186386,266459,86297,1080768,473121,134529,832687,499399,183877,735380,539643,362945,462148,418998,310936,222547,186412,133769,50589,43677,31342
2021-01-26T17:48:49.590Z,1505185,70978,9275,1277634,238394,64138,1186386,273064,89410,1080768,481416,139996,832687,503304,191965,735380,541320,372752,462148,419880,317400,222547,186821,136965,50589,43791,32020
2021-01-27T04:15:33.720Z,1505185,72226,9379,1277634,239884,65863,1186386,275158,93289,1080768,483178,144483,832687,503828,196417,735380,541449,377124,462148,419976,319809,222547,186874,137751,50589,43801,32132
2021-01-27T09:37:45.910Z,1505185,72700,9466,1277634,240137,66255,1186386,275493,93928,1080768,484033,145520,832687,504241,197984,735380,541608,378943,462148,420042,321039,222547,186910,138427,50589,43806,32278
2021-01-27T15:47:33.793Z,1505185,77689,10191,1277634,246874,72090,1186386,280701,99147,1080768,492534,153690,832687,508277,208425,735380,543494,392853,462148,421212,332511,222547,187471,144545,50589,43958,33805
2021-01-27T19:14:37.080Z,1505185,78282,10355,1277634,249683,73653,1186386,281296,99766,1080768,492649,154438,832687,508303,208906,735380,543503,392991,462148,421222,332656,222547,187486,144767,50589,43962,33916
2021-01-28T02:59:46.543Z,1505185,86457,10879,1277634,255178,75982,1186386,289408,103085,1080768,503872,160388,832687,513361,218726,735380,545277,405020,462148,422040,339618,222547,187873,147868,50589,44057,34533
2021-01-28T06:39:58.397Z,1505185,86463,10881,1277634,255201,76095,1186386,289458,103252,1080768,503901,160523,832687,513367,218810,735380,545281,405060,462148,422041,339626,222547,187874,147873,50589,44057,34536
2021-01-28T21:08:02.507Z,1505185,98253,12416,1277634,269951,85548,1186386,308267,114445,1080768,521817,178860,832687,521789,244165,735380,548779,431507,462148,423845,357745,222547,188649,156798,50589,44257,36545
2021-01-29T01:31:48.870Z,1505185,98761,12454,1277634,271733,85819,1186386,309981,114856,1080768,522560,179838,832687,522028,245404,735380,548824,432450,462148,423847,358172,222547,188657,156912,50589,44253,36575
2021-01-29T07:28:39.920Z,1505185,98772,12455,1277634,271771,85828,1186386,310074,114876,1080768,522618,179883,832687,522064,245475,735380,548829,432508,462148,423854,358206,222547,188659,156925,50589,44253,36575
2021-01-29T13:03:30.550Z,1505185,103445,13734,1277634,276288,89601,1186386,318935,120770,1080768,530747,191174,832687,525456,257401,735380,550041,442173,462148,424394,364327,222547,188915,159715,50589,44296,37138
2021-01-30T11:09:46.137Z,1505185,106694,14501,1277634,280417,92545,1186386,326653,125871,1080768,537387,200584,832687,528030,266129,735380,550936,448125,462148,424802,367949,222547,189066,161438,50589,44326,37559
2021-01-30T19:37:48.760Z,1505185,108404,14702,1277634,282149,93389,1186386,330041,127273,1080768,540710,203147,832687,529329,268581,735380,551285,450008,462148,424936,368999,222547,189118,161915,50589,44336,37648
2021-01-31T04:16:43.147Z,1505185,108913,14723,1277634,282735,93489,1186386,331019,127428,1080768,541484,203432,832687,529619,268868,735380,551364,450315,462148,424969,369163,222547,189134,161959,50589,44337,37653
2021-01-31T08:26:49.547Z,1505185,108919,14727,1277634,282764,93546,1186386,331067,127513,1080768,541509,203524,832687,529628,268961,735380,551367,450369,462148,424969,369180,222547,189134,161963,50589,44337,37653
2021-01-31T17:19:30.317Z,1505185,114700,15411,1277634,291560,96698,1186386,344914,132597,1080768,553562,212089,832687,535143,277521,735380,553802,458744,462148,426344,375239,222547,189742,164993,50589,44492,38323
2021-01-31T18:48:55.233Z,1505185,116681,15536,1277634,294431,97241,1186386,349649,133604,1080768,557410,214019,832687,536965,279677,735380,554412,461098,462148,426610,376677,222547,189855,165617,50589,44520,38428
2021-02-01T03:53:42.040Z,1505185,117561,15629,1277634,296672,97800,1186386,352702,134572,1080768,559129,215686,832687,537619,281227,735380,554618,462182,462148,426665,377138,222547,189876,165830,50589,44522,38466
2021-02-01T07:52:28.600Z,1505185,117587,15630,1277634,296914,97838,1186386,352820,134656,1080768,559179,215786,832687,537642,281325,735380,554627,462210,462148,426668,377145,222547,189880,165837,50589,44524,38467
2021-02-01T17:12:59.620Z,1505185,123862,15935,1277634,311509,100153,1186386,369766,138121,1080768,571313,221866,832687,543864,287009,735380,557272,466341,462148,428263,380178,222547,190628,167349,50589,44737,38821
2021-02-01T19:55:34.100Z,1505185,126118,16066,1277634,316059,100682,1186386,376015,139150,1080768,575236,223629,832687,545877,288744,735380,557905,467295,462148,428472,380587,222547,190769,167529,50589,44763,38860
2021-02-02T03:50:01.017Z,1505185,126473,16074,1277634,317009,100728,1186386,376750,139240,1080768,575470,223727,832687,545962,288836,735380,557922,467334,462148,428484,380600,222547,190772,167534,50589,44763,38860
2021-02-02T08:12:47.970Z,1505185,126479,16074,1277634,317020,100759,1186386,376817,139288,1080768,575503,223772,832687,545979,288912,735380,557928,467352,462148,428489,380606,222547,190772,167535,50589,44763,38860
2021-02-02T16:21:39.187Z,1505185,131210,16320,1277634,328249,102454,1186386,388871,141757,1080768,584447,227708,832687,550463,294528,735380,560109,470907,462148,429877,382798,222547,191477,168689,50589,44972,39119
2021-02-02T18:56:11.590Z,1505185,133537,16413,1277634,332021,103024,1186386,394974,142713,1080768,588916,229385,832687,552637,296848,735380,560876,472025,462148,430215,383303,222547,191661,168995,50589,45015,39187
2021-02-03T04:45:35.923Z,1505185,133971,16435,1277634,333457,103216,1186386,396962,143109,1080768,590117,230016,832687,553267,297542,735380,561163,472378,462148,430283,383386,222547,191701,169035,50589,45023,39191
2021-02-03T08:10:56.700Z,1505185,133980,16440,1277634,333491,103271,1186386,397075,143196,1080768,590197,230139,832687,553304,297857,735380,561184,472470,462148,430290,383414,222547,191704,169044,50589,45023,39191
2021-02-03T16:22:58.677Z,1505185,137018,16715,1277634,342084,105565,1186386,405431,146430,1080768,596643,235066,832687,556995,310602,735380,563020,477881,462148,431534,386606,222547,192381,170515,50589,45198,39479
2021-02-03T21:05:49.047Z,1505185,139576,16898,1277634,348312,107184,1186386,413653,148166,1080768,601710,237959,832687,559578,318126,735380,563974,479943,462148,431926,387324,222547,192602,170856,50589,45261,39529
2021-02-04T06:11:47.710Z,1505185,139640,16901,1277634,348560,107201,1186386,413915,148212,1080768,601812,237997,832687,559615,318187,735380,563985,479962,462148,431933,387327,222547,192602,170862,50589,45261,39530
2021-02-04T08:36:12.077Z,1505185,139640,16906,1277634,348578,107395,1186386,413917,148229,1080768,601813,238008,832687,559615,318192,735380,563985,479964,462148,431933,387327,222547,192602,170862,50589,45261,39530
2021-02-04T17:20:40.130Z,1505185,143123,17752,1277634,362251,112426,1186386,428428,153696,1080768,608977,245756,832687,563503,334919,735380,565846,485448,462148,433008,390341,222547,193190,172168,50589,45393,39756
2021-02-04T21:09:35.137Z,1505185,145109,17904,1277634,369945,113427,1186386,436765,155232,1080768,612969,248045,832687,565347,340480,735380,566451,486822,462148,433179,390792,222547,193288,172390,50589,45416,39801
2021-02-05T07:18:48.910Z,1505185,145188,17909,1277634,370541,113471,1186386,437378,155290,1080768,613164,248110,832687,565411,340554,735380,566469,486851,462148,433186,390811,222547,193288,172408,50589,45416,39804
2021-02-05T12:40:20.710Z,1505185,146752,18262,1277634,377266,115349,1186386,445694,158400,1080768,617006,252309,832687,567501,349904,735380,567284,489172,462148,433561,391838,222547,193495,172878,50589,45477,39893
2021-02-06T15:19:27.617Z,1505185,148744,18531,1277634,383810,116907,1186386,453065,160741,1080768,620782,256801,832687,569541,357851,735380,568065,490670,462148,433930,392549,222547,193652,173197,50589,45523,39969
2021-02-06T18:59:46.357Z,1505185,149269,18591,1277634,385960,117219,1186386,455066,161214,1080768,621653,257907,832687,569962,360350,735380,568211,491014,462148,433993,392684,222547,193686,173250,50589,45532,39976
2021-02-07T03:48:16.773Z,1505185,149448,18629,1277634,386758,117358,1186386,455802,161413,1080768,621903,258475,832687,570110,361365,735380,568249,491143,462148,434013,392726,222547,193691,173256,50589,45533,39979
2021-02-07T07:57:08.960Z,1505185,149465,18641,1277634,386834,117502,1186386,455915,161594,1080768,621976,258863,832687,570169,361727,735380,568280,491230,462148,434026,392778,222547,193699,173270,50589,45538,39982
2021-02-07T18:09:40.503Z,1505185,152728,19535,1277634,399707,126055,1186386,469460,167787,1080768,628804,273417,832687,574180,381277,735380,570213,495631,462148,435071,395094,222547,194246,174374,50589,45701,40212
2021-02-07T19:32:15.430Z,1505185,153356,19715,1277634,402181,126786,1186386,471891,168472,1080768,630005,275262,832687,574774,383742,735380,570413,496025,462148,435153,395209,222547,194277,174409,50589,45713,40217
2021-02-08T04:02:11.827Z,1505185,153511,19751,1277634,402800,126953,1186386,472494,168618,1080768,630221,275545,832687,574877,383981,735380,570444,496051,462148,435160,395216,222547,194277,174412,50589,45713,40218
2021-02-08T08:06:55.437Z,1505185,153513,19755,1277634,402855,127032,1186386,472560,168736,1080768,630253,275679,832687,574895,384092,735380,570458,496077,462148,435164,395225,222547,194278,174420,50589,45713,40218
2021-02-08T16:18:44.307Z,1505185,155996,20941,1277634,416293,138803,1186386,485005,174188,1080768,635881,290001,832687,578270,397518,735380,572137,499947,462148,436114,397410,222547,194770,175435,50589,45836,40402
2021-02-09T07:17:15.457Z,1505185,157365,21231,1277634,422496,140575,1186386,491377,176365,1080768,638868,295586,832687,579908,402834,735380,572856,502950,462148,436440,399621,222547,194933,176564,50589,45866,40650
2021-02-09T16:37:31.400Z,1505185,159354,22371,1277634,433956,150950,1186386,501398,181409,1080768,644154,308735,832687,583217,412164,735380,574489,505793,462148,437338,401203,222547,195396,177259,50589,46030,40802
2021-02-09T19:30:02.767Z,1505185,159519,22424,1277634,434261,151343,1186386,501581,181452,1080768,644284,308752,832687,583282,412171,735380,574512,505796,462148,437353,401205,222547,195400,177260,50589,46034,40803
2021-02-10T06:56:49.800Z,1505185,161742,22908,1277634,444625,153266,1186386,510906,184386,1080768,648860,317613,832687,585880,417781,735380,575612,507155,462148,437788,401751,222547,195591,177471,50589,46084,40850
2021-02-10T16:21:14.940Z,1505185,163849,24081,1277634,455982,162814,1186386,523224,200066,1080768,656147,343340,832687,590206,431585,735380,577452,510779,462148,438717,403258,222547,195998,178143,50589,46186,40960
2021-02-10T20:23:21.013Z,1505185,166434,24600,1277634,467625,165698,1186386,533851,204967,1080768,661552,354581,832687,593178,437983,735380,578715,513175,462148,439231,404442,222547,196197,178606,50589,46242,41042
2021-02-11T06:22:53.990Z,1505185,166567,24613,1277634,468273,165794,1186386,534401,205178,1080768,661773,355007,832687,593270,438186,735380,578742,513200,462148,439241,404451,222547,196202,178614,50589,46245,41042
2021-02-11T07:43:32.680Z,1505185,166582,24652,1277634,468372,166044,1186386,534458,205440,1080768,661824,355182,832687,593306,438289,735380,578753,513236,462148,439242,404472,222547,196203,178617,50589,46245,41042
2021-02-11T16:13:16.903Z,1505185,169450,25776,1277634,484346,173581,1186386,548733,213877,1080768,669590,372528,832687,597660,446598,735380,580959,516179,462148,440296,406234,222547,196707,179442,50589,46350,41223
2021-02-11T20:17:35.403Z,1505185,171537,26266,1277634,493153,175712,1186386,556723,217626,1080768,673735,379754,832687,600038,449966,735380,581907,517194,462148,440654,406605,222547,196840,179623,50589,46385,41250
2021-02-12T06:14:19.377Z,1505185,171947,26328,1277634,494597,175949,1186386,557916,218078,1080768,674303,380497,832687,600300,450258,735380,581994,517254,462148,440681,406625,222547,196846,179630,50589,46386,41252
2021-02-12T13:11:45.160Z,1505185,172825,26701,1277634,499065,177511,1186386,562512,221719,1080768,676770,388715,832687,601787,453712,735380,582633,518367,462148,440954,407085,222547,196961,179877,50589,46409,41305
2021-02-13T14:52:09.090Z,1505185,175874,29608,1277634,512045,181173,1186386,573573,228548,1080768,683089,403172,832687,605593,460275,735380,584208,520394,462148,441601,408027,222547,197247,180320,50589,46475,41415
2021-02-13T18:56:28.940Z,1505185,176659,30878,1277634,514940,181815,1186386,575949,229746,1080768,684406,406180,832687,606367,461715,735380,584496,520769,462148,441678,408207,222547,197296,180398,50589,46481,41433
2021-02-14T07:09:42.080Z,1505185,176950,31313,1277634,516243,182058,1186386,576890,230207,1080768,684827,407037,832687,606612,462066,735380,584577,520825,462148,441706,408233,222547,197301,180405,50589,46481,41437
2021-02-14T15:54:14.063Z,1505185,180382,36845,1277634,530153,189566,1186386,589393,237644,1080768,692114,421865,832687,611183,468584,735380,587150,523767,462148,443054,410026,222547,197876,181212,50589,46603,41638
2021-02-14T20:02:50.060Z,1505185,182840,40108,1277634,538506,192629,1186386,596499,241222,1080768,696550,428656,832687,613623,471725,735380,588209,524889,462148,443431,410566,222547,198023,181436,50589,46639,41673
2021-02-15T07:19:51.583Z,1505185,182980,40318,1277634,539286,192876,1186386,597195,241532,1080768,696872,429103,832687,613789,471925,735380,588244,524926,462148,443448,410579,222547,198035,181445,50589,46639,41674
2021-02-15T15:23:55.810Z,1505185,186652,46312,1277634,553651,202292,1186386,610788,249054,1080768,705456,441924,832687,619026,478794,735380,591082,528006,462148,444884,412376,222547,198729,182319,50589,46813,41917
2021-02-15T19:24:52.900Z,1505185,189513,51206,1277634,563657,206413,1186386,619245,253906,1080768,710439,449632,832687,622046,482591,735380,592268,529356,462148,445263,412885,222547,198860,182530,50589,46838,41976
2021-02-16T06:43:30.430Z,1505185,189857,51445,1277634,564615,206824,1186386,619888,254193,1080768,710755,449917,832687,622192,482724,735380,592318,529395,462148,445277,412898,222547,198865,182533,50589,46841,41976
2021-02-16T16:03:49.337Z,1505185,194034,59181,1277634,580455,218630,1186386,633343,263444,1080768,719040,463237,832687,627377,488868,735380,595158,532248,462148,446773,414546,222547,199514,183359,50589,46992,42177
2021-02-16T20:03:32.033Z,1505185,197020,63544,1277634,589924,222984,1186386,640804,267138,1080768,723301,468270,832687,629823,491295,735380,596179,532993,462148,447138,414889,222547,199647,183498,50589,47021,42215
2021-02-17T09:46:45.287Z,1505185,197820,65978,1277634,593176,226185,1186386,643829,270384,1080768,725291,473351,832687,630788,493335,735380,596623,533765,462148,447293,415303,222547,199710,183679,50589,47036,42243
2021-02-17T15:15:41.093Z,1505185,200662,72518,1277634,604590,235949,1186386,652314,276489,1080768,730565,481682,832687,633875,497271,735380,598091,535517,462148,447955,416343,222547,199963,184124,50589,47093,42351
2021-02-17T19:18:09.470Z,1505185,202945,76073,1277634,611706,239007,1186386,657918,279208,1080768,733934,485648,832687,635664,498968,735380,598752,536023,462148,448191,416515,222547,200037,184220,50589,47112,42377
2021-02-18T08:12:11.743Z,1505185,203165,77933,1277634,612566,241405,1186386,658621,281395,1080768,734339,488698,832687,635935,500361,735380,598864,536418,462148,448232,416686,222547,200057,184289,50589,47114,42390
2021-02-18T16:59:19.573Z,1505185,207475,86449,1277634,627447,252553,1186386,674596,294380,1080768,745659,501357,832687,641979,506434,735380,601248,538939,462148,449109,417975,222547,200381,184842,50589,47174,42520
2021-02-18T19:42:32.353Z,1505185,209782,90060,1277634,636844,255881,1186386,681610,298712,1080768,749130,507424,832687,643998,510589,735380,602055,539707,462148,449348,418255,222547,200470,184960,50589,47188,42552
2021-02-19T06:49:22.297Z,1505185,210280,90549,1277634,638371,256711,1186386,683000,299938,1080768,749835,508245,832687,644327,510861,735380,602169,539791,462148,449379,418278,222547,200477,184967,50589,47188,42554
2021-02-19T13:33:49.817Z,1505185,212382,95029,1277634,645698,261114,1186386,690107,307775,1080768,754168,515966,832687,646825,513924,735380,603258,540906,462148,449734,418783,222547,200623,185187,50589,47210,42596
2021-02-21T19:48:18.680Z,1505185,224921,109647,1277634,683948,280831,1186386,721787,339388,1080768,773987,543497,832687,658334,525649,735380,608768,545528,462148,452214,421178,222547,201616,186262,50589,47423,42854
2021-02-22T07:19:44.173Z,1505185,225369,109975,1277634,685320,281564,1186386,722980,340047,1080768,774618,543905,832687,658641,525786,735380,608906,545567,462148,452262,421189,222547,201631,186267,50589,47429,42855
2021-02-22T15:39:30.907Z,1505185,229035,113260,1277634,697515,291517,1186386,735159,351113,1080768,781455,551928,832687,663025,529676,735380,611670,547429,462148,453795,422317,222547,202297,186769,50589,47575,42979
2021-02-22T19:42:44.580Z,1505185,231674,115103,1277634,705273,295216,1186386,741532,354664,1080768,785257,554272,832687,665256,530882,735380,612745,547904,462148,454249,422591,222547,202501,186905,50589,47624,43023
2021-02-23T20:08:32.790Z,1538337,239924,125757,1300361,731494,316028,1197026,763653,380340,1098556,798254,572288,849966,672994,539902,741639,616726,551627,490784,456237,424564,225538,203389,187965,51496,47799,43298
2021-02-24T06:34:53.743Z,1538337,240624,126174,1300361,733649,317148,1197026,765377,381614,1098556,799125,573151,849966,673409,540252,741639,616900,551735,490784,456308,424600,225538,203412,187985,51496,47803,43303
2021-02-24T10:07:23.113Z,1538337,240810,126568,1300361,734205,317816,1197026,766067,383028,1098556,799595,574272,849966,673692,540881,741639,617075,551960,490784,456387,424737,225538,203446,188050,51496,47805,43312
2021-02-24T18:03:57.540Z,1538337,245363,131597,1300361,747981,330933,1197026,777001,394626,1098556,806405,582234,849966,677886,545158,741639,619425,554107,490784,457773,426103,225538,204067,188747,51496,47954,43487
2021-02-24T19:25:32.953Z,1538337,246361,132523,1300361,751154,332744,1197026,779594,397571,1098556,807984,584102,849966,678732,546055,741639,619792,554421,490784,457907,426213,225538,204124,188814,51496,47962,43507
2021-02-25T06:16:52.780Z,1538337,246826,132864,1300361,752489,333640,1197026,780739,398763,1098556,808560,584784,849966,679029,546357,741639,619900,554527,490784,457933,426237,225538,204137,188827,51496,47966,43508
2021-02-25T15:55:48.430Z,1538337,249689,135940,1300361,761480,345633,1197026,788804,411981,1098556,813623,591255,849966,682250,549957,741639,621776,556216,490784,458860,427285,225538,204631,189393,51496,48078,43649
2021-02-25T20:07:31.120Z,1538337,250823,137010,1300361,764736,348515,1197026,791376,415488,1098556,815506,593324,849966,683386,550947,741639,622290,556575,490784,459076,427429,225538,204714,189456,51496,48099,43671
2021-02-26T07:04:53.997Z,1538337,251764,137924,1300361,767559,351748,1197026,793787,419556,1098556,817029,595436,849966,684255,551875,741639,622619,556886,490784,459184,427504,225538,204766,189493,51496,48112,43682
2021-02-26T12:35:31.343Z,1538337,253291,139715,1300361,772343,358280,1197026,798658,427943,1098556,820159,599631,849966,686191,553986,741639,623546,557729,490784,459612,427901,225538,204971,189692,51496,48161,43736
2021-02-27T16:24:35.060Z,1538337,255058,141084,1300361,777303,362600,1197026,802215,432905,1098556,822574,602136,849966,687657,555251,741639,624158,558183,490784,459851,428129,225538,205109,189785,51496,48178,43764
2021-02-27T19:07:16.380Z,1538337,255443,141360,1300361,778197,363615,1197026,802892,434031,1098556,822980,602562,849966,687935,555430,741639,624251,558251,490784,459887,428162,225538,205128,189799,51496,48180,43768
2021-02-28T06:18:09.987Z,1538337,255647,141645,1300361,778737,364588,1197026,803294,434954,1098556,823214,602937,849966,688064,555622,741639,624300,558299,490784,459910,428188,225538,205134,189809,51496,48183,43769
2021-02-28T19:25:36.107Z,1538337,259679,145542,1300361,788993,378251,1197026,812071,449303,1098556,829057,610791,849966,691599,559751,741639,626201,560239,490784,460932,429260,225538,205611,190377,51496,48271,43941
2021-03-01T07:25:10.480Z,1538337,259784,145608,1300361,789218,378493,1197026,812288,449579,1098556,829220,610900,849966,691712,559795,741639,626258,560257,490784,460962,429263,225538,205618,190378,51496,48271,43942
2021-03-01T14:48:40.173Z,1538337,262067,148190,1300361,796289,391019,1197026,819029,461803,1098556,833623,616091,849966,694536,562825,741639,628053,561935,490784,461957,430233,225538,206109,190905,51496,48380,44064
2021-03-02T06:46:14.970Z,1538337,264571,151183,1300361,802727,400405,1197026,824402,471918,1098556,836959,621452,849966,696607,565473,741639,629071,562974,490784,462403,430718,225538,206308,191156,51496,48418,44152
2021-03-02T16:20:18.227Z,1538337,266796,154011,1300361,809667,415524,1197026,830402,485379,1098556,841019,627558,849966,699278,568922,741639,630846,564760,490784,463476,431711,225538,206768,191683,51496,48508,44351
2021-03-02T19:25:16.133Z,1538337,268130,155327,1300361,813384,421134,1197026,833569,490485,1098556,843110,630107,849966,700693,570324,741639,631667,565329,490784,463794,431906,225538,206885,191786,51496,48538,44376
2021-03-03T06:07:56.950Z,1538337,268283,155488,1300361,813794,421909,1197026,833871,491259,1098556,843331,630444,849966,700800,570496,741639,631735,565386,490784,463814,431922,225538,206892,191794,51496,48539,44381
2021-03-03T14:36:55.967Z,1538337,270742,157547,1300361,819372,432996,1197026,838273,500778,1098556,846444,635043,849966,703048,573358,741639,633236,566887,490784,464636,432734,225538,207257,192199,51496,48620,44491
2021-03-03T19:26:09.160Z,1538337,272957,159694,1300361,824928,442315,1197026,842768,509084,1098556,849514,639201,849966,705081,575748,741639,634461,567872,490784,465218,433152,225538,207479,192369,51496,48656,44546
2021-03-04T07:40:39.870Z,1538337,273797,160489,1300361,827200,446650,1197026,844541,512581,1098556,850790,640613,849966,705975,576717,741639,635034,568327,490784,465555,433403,225538,207602,192481,51496,48682,44575
2021-03-04T15:28:23.620Z,1538337,275823,162955,1300361,832877,459191,1197026,849645,523902,1098556,854470,646204,849966,708524,580059,741639,636562,570081,490784,466335,434275,225538,207939,192867,51496,48756,44675
2021-03-04T19:58:37.350Z,1538337,277522,165155,1300361,837007,468286,1197026,852868,531680,1098556,856853,650547,849966,710072,582529,741639,637427,571132,490784,466713,434701,225538,208091,193050,51496,48784,44714
2021-03-05T06:51:25.580Z,1538337,278098,166049,1300361,838598,472881,1197026,854073,535477,1098556,857606,652317,849966,710611,583497,741639,637683,571449,490784,466793,434786,225538,208117,193079,51496,48791,44720
2021-03-05T12:27:39.400Z,1538337,279264,167485,1300361,841899,480291,1197026,857216,542920,1098556,859894,656306,849966,712191,585724,741639,638545,572452,490784,467194,435196,225538,208289,193256,51496,48824,44763
2021-03-06T18:24:24.223Z,1538337,280555,169509,1300361,845264,489152,1197026,859547,550048,1098556,861738,660509,849966,713416,588236,741639,639166,573472,490784,467470,435627,225538,208375,193435,51496,48847,44799
2021-03-07T06:08:39.360Z,1538337,281090,170417,1300361,846547,493012,1197026,860338,553309,1098556,862352,662101,849966,713840,589220,741639,639352,573820,490784,467546,435726,225538,208401,193481,51496,48851,44810
2021-03-07T16:23:08.560Z,1538337,282284,172492,1300361,849866,502172,1197026,863119,562250,1098556,864306,667226,849966,715207,592358,741639,640267,575644,490784,468147,436735,225538,208719,193922,51496,48939,44899
2021-03-07T19:45:34.990Z,1538337,284445,175791,1300361,855109,513461,1197026,866911,571430,1098556,867036,672514,849966,717009,595396,741639,641349,577078,490784,468632,437331,225538,208934,194167,51496,48993,44946
2021-03-08T07:12:47.457Z,1538337,284615,176246,1300361,855520,515811,1197026,867186,573418,1098556,867212,673421,849966,717100,595921,741639,641400,577245,490784,468651,437382,225538,208940,194179,51496,48993,44950
2021-03-08T16:16:41.137Z,1538337,286061,177901,1300361,860814,523615,1197026,872293,580876,1098556,870919,677831,849966,719515,598729,741639,642564,578839,490784,469243,438243,225538,209216,194598,51496,49068,45056
2021-03-08T19:17:36.260Z,1538337,287398,181040,1300361,864530,534037,1197026,875484,589689,1098556,873067,683118,849966,720867,601962,741639,643180,580471,490784,469546,438952,225538,209355,194924,51496,49101,45147
2021-03-09T06:30:57.253Z,1538337,287672,182078,1300361,865282,538106,1197026,876016,593089,1098556,873386,685041,849966,721086,603122,741639,643278,580912,490784,469574,439083,225538,209372,194973,51496,49104,45162
2021-03-09T16:06:47.950Z,1538337,288931,184771,1300361,871231,549245,1197026,881850,602780,1098556,877666,690857,849966,723647,606772,741639,644394,583031,490784,470056,440263,225538,209642,195491,51496,49156,45272
2021-03-09T20:42:14.300Z,1538337,289842,186753,1300361,874166,554969,1197026,884386,607424,1098556,879297,693994,849966,724508,608710,741639,644809,583866,490784,470239,440579,225538,209740,195636,51496,49178,45310
2021-03-10T07:35:41.117Z,1538337,290962,188930,1300361,876813,562384,1197026,886387,613643,1098556,880574,697558,849966,725332,610723,741639,645283,584640,490784,470420,440846,225538,209818,195752,51496,49192,45332
2021-03-10T15:14:03.370Z,1538337,293019,191958,1300361,884998,574577,1197026,893678,623071,1098556,885927,703368,849966,728435,614212,741639,646455,586417,490784,470948,441699,225538,210076,196102,51496,49263,45405
2021-03-10T19:46:49.370Z,1538337,294174,194150,1300361,887504,581662,1197026,895696,628448,1098556,887311,706633,849966,729241,615937,741639,646831,587093,490784,471141,441934,225538,210154,196183,51496,49283,45428
2021-03-11T06:27:02.077Z,1538337,294245,194345,1300361,887727,582170,1197026,895875,628803,1098556,887386,706818,849966,729285,616028,741639,646856,587123,490784,471153,441941,225538,210159,196188,51496,49284,45429
2021-03-11T14:52:58.723Z,1538337,295275,196490,1300361,893244,590650,1197026,901892,636361,1098556,891649,711497,849966,731775,618766,741639,647776,588590,490784,471471,442572,225538,210344,196447,51496,49336,45471
2021-03-11T18:54:44.693Z,1538337,296872,199875,1300361,897581,600618,1197026,905484,644685,1098556,894039,716827,849966,733187,621798,741639,648390,589831,490784,471727,442991,225538,210469,196585,51496,49359,45493
2021-03-12T07:38:15.447Z,1538337,297207,200678,1300361,898545,603731,1197026,906190,647397,1098556,894447,718297,849966,733401,622503,741639,648516,590076,490784,471766,443047,225538,210480,196603,51496,49362,45497
2021-03-12T13:52:09.540Z,1538337,298306,203547,1300361,901378,614111,1197026,908427,656981,1098556,895956,724003,849966,734308,625747,741639,649019,591384,490784,472000,443478,225538,210584,196771,51496,49386,45518
2021-03-13T15:33:33.093Z,1538337,299132,205972,1300361,903578,621579,1197026,909865,662573,1098556,897070,727918,849966,734929,628057,741639,649318,592308,490784,472142,443790,225538,210633,196888,51496,49394,45538
2021-03-13T19:42:29.803Z,1538337,299341,206434,1300361,904015,622786,1197026,910139,663457,1098556,897302,728471,849966,735055,628391,741639,649379,592428,490784,472158,443835,225538,210642,196915,51496,49394,45544
2021-03-14T05:13:42.657Z,1538337,299554,207154,1300361,904586,624917,1197026,910542,665044,1098556,897573,729377,849966,735208,628841,741639,649432,592598,490784,472177,443899,225538,210651,196937,51496,49394,45547
2021-03-14T14:49:37.930Z,1538337,301059,210781,1300361,911097,637027,1197026,917679,676895,1098556,902631,736561,849966,738046,633207,741639,650436,595086,490784,472616,445223,225538,210875,197484,51496,49443,45660
2021-03-14T19:45:32.100Z,1538337,302305,213765,1300361,914339,645981,1197026,920150,684510,1098556,904213,740972,849966,738994,635624,741639,650894,596132,490784,472783,445615,225538,210952,197648,51496,49465,45695
2021-03-15T06:59:24.693Z,1538337,302305,213765,1300361,914339,645981,1197026,920150,684510,1098556,904213,740972,849966,738994,635624,741639,650894,596132,490784,472783,445615,225538,210952,197648,51496,49465,45695
2021-03-15T15:49:21.107Z,1538337,303920,217807,1300361,921827,660389,1197026,927695,697236,1098556,909345,748364,849966,741777,640139,741639,651899,598794,490784,473201,447095,225538,211158,198298,51496,49514,45860
2021-03-15T20:17:59.313Z,1538337,304688,220895,1300361,923964,669205,1197026,929546,704716,1098556,910564,752830,849966,742417,642631,741639,652204,600009,490784,473316,447614,225538,211214,198512,51496,49522,45903
2021-03-16T06:13:17.800Z,1538337,305010,221825,1300361,924694,672063,1197026,930061,707053,1098556,910873,754041,849966,742599,643231,741639,652282,600228,490784,473340,447689,225538,211223,198529,51496,49522,45907
2021-03-16T16:22:05.063Z,1538337,305410,224815,1300361,907011,681760,1197026,905217,715376,1098556,892946,758969,849966,733305,646364,741639,651153,602087,490784,473547,448721,225538,211357,198984,51496,49555,45996
2021-03-16T20:39:05.533Z,1538337,306517,227470,1300361,909503,689038,1197026,906910,721160,1098556,894092,762470,849966,733964,648492,741639,651560,603171,490784,473742,449258,225538,211460,199218,51496,49594,46035
2021-03-17T06:49:59.470Z,1538337,306823,229120,1300361,910228,694344,1197026,907400,725398,1098556,894413,764856,849966,734139,649714,741639,651632,603688,490784,473780,449426,225538,211479,199293,51496,49594,46053
2021-03-17T13:22:53.840Z,1538337,307921,232284,1300361,913228,704479,1197026,909795,734013,1098556,895976,770214,849966,735170,653185,741639,652291,605628,490784,474100,450637,225538,211646,199839,51496,49627,46177
2021-03-17T19:09:09.100Z,1538337,308799,234546,1300361,915058,710938,1197026,911087,739323,1098556,896855,773346,849966,735734,655062,741639,652591,606499,490784,474235,451012,225538,211716,200001,51496,49640,46211
2021-03-18T06:20:10.013Z,1538337,308799,234546,1300361,915058,710938,1197026,911087,739323,1098556,896855,773346,849966,735734,655062,741639,652591,606499,490784,474235,451012,225538,211716,200001,51496,49640,46211
2021-03-18T15:34:04.643Z,1538337,309814,236918,1300361,916512,718548,1197026,904410,745214,1098556,888759,776548,849966,731174,657127,741639,652056,607909,490784,474409,451765,225538,211853,200374,51496,49679,46289
2021-03-18T19:50:37.700Z,1538337,310767,239466,1300361,918799,725863,1197026,906196,752184,1098556,889948,781106,849966,731949,659768,741639,652491,609124,490784,474604,452240,225538,211936,200605,51496,49707,46339
2021-03-19T05:24:51.643Z,1538337,311174,240846,1300361,919828,729968,1197026,906981,755928,1098556,890440,783474,849966,732246,661011,741639,652657,609620,490784,474653,452386,225538,211960,200679,51496,49709,46355
2021-03-19T13:42:53.387Z,1538337,311641,242365,1300361,920982,735079,1197026,908148,761026,1098556,891240,786670,849966,732714,662933,741639,652895,610529,490784,474760,452831,225538,212020,200892,51496,49717,46393
2021-03-20T16:11:20.910Z,1538337,312228,244196,1300361,922587,740650,1197026,909292,765267,1098556,891952,789462,849966,733157,664577,741639,653116,611226,490784,474863,453120,225538,212068,201028,51496,49727,46406
2021-03-20T18:12:54.523Z,1538337,312516,244936,1300361,923282,742480,1197026,909681,766423,1098556,892250,790265,849966,733343,665059,741639,653195,611412,490784,474897,453212,225538,212083,201059,51496,49730,46411
2021-03-21T05:22:42.567Z,1538337,312624,245216,1300361,923567,743171,1197026,909840,766924,1098556,892371,790562,849966,733409,665208,741639,653218,611477,490784,474900,453239,225538,212087,201064,51496,49730,46413
2021-03-21T12:31:44.520Z,1538337,313266,247054,1300361,925142,748348,1197026,911220,771857,1098556,893210,793621,849966,733976,667091,741639,653617,612631,490784,475112,453903,225538,212182,201406,51496,49764,46472
2021-03-21T19:21:03.850Z,1538337,314218,249183,1300361,927546,754198,1197026,912803,776748,1098556,894246,796473,849966,734609,668839,741639,653959,613560,490784,475273,454267,225538,212264,201628,51496,49781,46516
2021-03-22T05:32:53.070Z,1538337,314258,249304,1300361,927685,754558,1197026,912892,777054,1098556,894304,796623,849966,734647,668919,741639,653977,613597,490784,475275,454283,225538,212265,201633,51496,49783,46519
2021-03-22T14:57:42.400Z,1538337,314941,250953,1300361,929414,759182,1197026,914218,781225,1098556,895125,799292,849966,735188,670479,741639,654333,614242,490784,475494,454635,225538,212352,201908,51496,49820,46596
2021-03-22T19:33:23.617Z,1538337,315865,253349,1300361,931757,765695,1197026,915861,786690,1098556,896180,802502,849966,735813,672353,741639,654687,615162,490784,475689,455056,225538,212421,202119,51496,49854,46651
2021-03-23T06:28:23.317Z,1538337,315887,253451,1300361,931836,766049,1197026,915916,786953,1098556,896208,802647,849966,735824,672409,741639,654692,615179,490784,475688,455065,225538,212421,202120,51496,49854,46651
2021-03-23T20:20:30.823Z,1538337,316149,254153,1300361,932583,767997,1197026,916424,788544,1098556,896563,803756,849966,736060,673019,741639,654852,615455,490784,475737,455231,225538,212443,202206,51496,49860,46670
2021-03-24T07:22:03.243Z,1538337,316177,254228,1300361,932654,768225,1197026,916467,788719,1098556,896590,803853,849966,736080,673062,741639,654862,615474,490784,475737,455236,225538,212444,202211,51496,49860,46670
2021-03-24T15:57:13.500Z,1538337,316790,256632,1300361,934373,775425,1197026,917800,794896,1098556,897515,807777,849966,736614,675419,741639,655193,616935,490784,475952,456124,225538,212576,202664,51496,49887,46762
2021-03-24T19:47:56.150Z,1538337,317408,258926,1300361,936015,782031,1197026,918903,799818,1098556,898288,810643,849966,737059,677156,741639,655420,617807,490784,476045,456486,225538,212630,202879,51496,49903,46808
2021-03-25T06:54:09.707Z,1538337,317509,259082,1300361,936301,782870,1197026,919191,800708,1098556,898512,811129,849966,737171,677419,741639,655499,617956,490784,476107,456561,225538,212651,202936,51496,49907,46814
2021-03-25T15:03:20.560Z,1538337,318184,261449,1300361,938132,789037,1197026,920638,805683,1098556,899407,814374,849966,737767,679406,741639,655868,619017,490784,476301,457120,225538,212757,203237,51496,49945,46884
