Date,sickCount,actualSick,patientDiffPopulationForTenThousands,testLast7Days,verifiedLast7Days,activeSick,activeSickTo1000,sickTo10000,growthLastWeek,positiveTests,score,color,governmentColor,firstDose,secondDose
2020-06-21T07:20:11.780Z,<15,,,,,,,,,,,,,,
2020-06-22T07:30:45.727Z,<15,,,,,,,,,,,,,,
2020-06-22T19:30:15.553Z,<15,,,,,,,,,,,,,,
2020-06-23T07:50:51.133Z,<15,,,,,,,,,,,,,,
2020-06-23T19:40:54.200Z,<15,,,,,,,,,,,,,,
2020-06-24T07:50:02.310Z,<15,,,,,,,,,,,,,,
2020-06-26T15:02:02.763Z,<15,,,,,,,,,,,,,,
2020-06-28T07:18:11.300Z,<15,,,,,,,,,,,,,,
2020-06-28T14:41:32.290Z,<15,,,,,,,,,,,,,,
2020-06-28T15:55:51.050Z,<15,,,,,,,,,,,,,,
2020-06-29T08:35:00.587Z,<15,,,,,,,,,,,,,,
2020-06-29T15:49:48.580Z,<15,,,,,,,,,,,,,,
2020-06-29T19:30:09.437Z,<15,,,,,,,,,,,,,,
2020-06-30T07:38:39.213Z,<15,,,,,,,,,,,,,,
2020-06-30T15:55:44.970Z,<15,,,,,,,,,,,,,,
2020-07-03T04:40:04.850Z,<15,,,,,,,,,,,,,,
2020-07-05T16:01:04.507Z,<15,,,,,,,,,,,,,,
2020-07-05T19:34:00.750Z,<15,,,,,,,,,,,,,,
2020-07-06T06:40:39.527Z,<15,<15,,173,<15,,,,,,,,,,
2020-07-08T15:51:46.940Z,<15,<15,,190,0,,,,,,,,,,
2020-07-08T19:34:17.600Z,<15,<15,,192,0,,,,,,,,,,
2020-07-10T14:20:07.117Z,<15,<15,,199,0,,,,,,,,,,
2020-07-11T17:08:38.350Z,<15,<15,,202,0,,,,,,,,,,
2020-07-11T19:41:22.557Z,<15,<15,,202,0,,,,,,,,,,
2020-07-28T08:57:27.217Z,<15,<15,25,40,1-5,,,,,,,,,,
2020-07-28T07:41:01.270Z,<15,<15,0,39,-1,,,,,,,,,,
2020-07-28T15:57:37.887Z,<15,<15,25,41,1-5,,,,,,,,,,
2020-07-28T19:05:30.067Z,<15,<15,25,41,1-5,,,,,,,,,,
2020-07-29T04:22:45.457Z,<15,<15,25,41,1-5,,,,,,,,,,
2020-07-29T07:43:55.003Z,<15,<15,25,45,1-5,,,,,,,,,,
2020-07-29T15:54:50.897Z,<15,<15,25,46,1-5,,,,,,,,,,
2020-07-29T19:47:41.590Z,<15,<15,25,47,1-5,,,,,,,,,,
2020-07-30T03:34:45.407Z,<15,<15,25,39,1-5,,,,,,,,,,
2020-07-30T07:55:24.147Z,<15,<15,25,39,1-5,,,,,,,,,,
2020-07-30T15:43:54.137Z,<15,<15,20,40,1-5,,,,,,,,,,
2020-07-30T19:25:51.573Z,<15,<15,20,43,1-5,,,,,,,,,,
2020-07-31T03:50:21.007Z,<15,<15,20,41,1-5,,,,,,,,,,
2020-07-31T07:43:12.217Z,<15,<15,20,44,1-5,,,,,,,,,,
2020-07-31T14:53:21.500Z,<15,<15,15,47,1-5,,,,,,,,,,
2020-08-01T16:50:00.920Z,<15,<15,15,45,1-5,,,,,,,,,,
2020-08-01T19:55:08.933Z,<15,<15,15,45,1-5,,,,,,,,,,
2020-08-02T03:33:43.373Z,<15,<15,15,41,0,,,,,,,,,,
2020-08-02T07:36:18.830Z,<15,<15,15,42,0,,,,,,,,,,
2020-08-02T14:56:26.230Z,<15,<15,15,42,0,,,,,,,,,,
2020-08-02T19:40:45.250Z,<15,<15,15,42,0,,,,,,,,,,
2020-08-03T04:12:58.747Z,<15,<15,15,31,0,,,,,,,,,,
2020-08-03T07:31:19.470Z,<15,<15,15,32,0,,,,,,,,,,
2020-08-03T15:51:59.413Z,<15,<15,15,32,0,,,,,,,,,,
2020-08-03T19:19:51.413Z,<15,<15,15,32,0,,,,,,,,,,
2020-08-04T04:24:01.137Z,<15,<15,15,29,0,,,,,,,,,,
2020-08-04T07:09:49.710Z,<15,<15,15,29,0,,,,,,,,,,
2020-08-04T16:04:10.740Z,<15,<15,15,32,0,,,,,,,,,,
2020-08-04T19:23:52.547Z,<15,<15,15,33,0,,,,,,,,,,
2020-08-05T04:07:11.650Z,<15,<15,15,24,0,,,,,,,,,,
2020-08-05T07:07:34.267Z,<15,<15,15,24,0,,,,,,,,,,
2020-08-05T15:57:55.180Z,<15,<15,20,27,1-5,,,,,,,,,,
2020-08-05T19:15:38.693Z,<15,<15,20,29,1-5,,,,,,,,,,
2020-08-06T03:52:50.220Z,<15,<15,20,31,1-5,,,,,,,,,,
2020-08-06T07:26:05.917Z,<15,<15,20,31,1-5,,,,,,,,,,
2020-08-06T15:55:31.993Z,<15,<15,20,35,1-5,,,,,,,,,,
2020-08-06T19:15:44.523Z,<15,<15,20,38,1-5,,,,,,,,,,
2020-08-07T03:46:04.500Z,<15,<15,20,32,1-5,,,,,,,,,,
2020-08-07T08:10:09.393Z,<15,<15,20,32,1-5,,,,,,,,,,
2020-08-07T14:40:50.180Z,<15,<15,20,36,1-5,,,,,,,,,,
2020-08-08T16:45:50.553Z,<15,<15,20,41,1-5,,,,,,,,,,
2020-08-08T19:27:22.153Z,<15,<15,20,41,1-5,,,,,,,,,,
2020-08-09T04:06:23.703Z,<15,<15,20,39,1-5,,,,,,,,,,
2020-08-09T07:14:20.263Z,<15,<15,20,39,1-5,,,,,,,,,,
2020-08-09T16:06:33.187Z,<15,<15,25,41,1-5,,,,,,,,,,
2020-08-09T19:26:37.877Z,<15,<15,25,41,1-5,,,,,,,,,,
2020-08-10T07:20:10.150Z,<15,<15,25,38,1-5,,,,,,,,,,
2020-08-10T15:48:14.683Z,<15,<15,25,39,1-5,,,,,,,,,,
2020-08-10T19:33:40.523Z,<15,<15,25,41,1-5,,,,,,,,,,
2020-08-11T03:33:09.120Z,<15,<15,25,38,1-5,,,,,,,,,,
2020-08-11T07:23:01.417Z,<15,<15,25,38,1-5,,,,,,,,,,
2020-08-11T16:01:33.767Z,<15,<15,25,43,1-5,,,,,,,,,,
2020-08-11T19:11:26.837Z,<15,<15,25,43,1-5,,,,,,,,,,
2020-08-12T03:47:07.760Z,<15,<15,25,36,1-5,,,,,,,,,,
2020-08-12T07:25:05.527Z,<15,<15,25,37,1-5,,,,,,,,,,
2020-08-12T15:17:58.400Z,<15,<15,25,40,1-5,,,,,,,,,,
2020-08-12T19:11:10.037Z,<15,<15,25,41,1-5,,,,,,,,,,
2020-08-13T03:25:43.083Z,<15,<15,25,31,1-5,,,,,,,,,,
2020-08-13T07:09:54.410Z,<15,<15,25,31,1-5,,,,,,,,,,
2020-08-13T16:00:11.437Z,<15,<15,25,33,1-5,,,,,,,,,,
2020-08-13T19:08:43.847Z,<15,<15,25,35,1-5,,,,,,,,,,
2020-08-14T04:07:12.977Z,<15,<15,25,27,1-5,,,,,,,,,,
2020-08-14T07:09:23.630Z,<15,<15,25,27,1-5,,,,,,,,,,
2020-08-14T14:40:20.690Z,<15,<15,25,33,1-5,,,,,,,,,,
2020-08-15T17:25:39.157Z,<15,<15,25,33,1-5,,,,,,,,,,
2020-08-15T19:20:16.850Z,<15,<15,25,33,1-5,,,,,,,,,,
2020-08-16T03:40:33.850Z,<15,<15,25,32,0,,,,,,,,,,
2020-08-16T07:05:21.820Z,<15,<15,25,32,0,,,,,,,,,,
2020-08-16T15:53:14.997Z,<15,<15,25,33,0,,,,,,,,,,
2020-08-17T07:41:16.500Z,<15,<15,25,31,0,,,,,,,,,,
2020-08-17T15:51:53.560Z,<15,<15,25,32,0,,,,,,,,,,
2020-08-17T19:45:07.133Z,<15,<15,25,33,0,,,,,,,,,,
2020-08-18T03:43:43.340Z,<15,<15,25,30,0,,,,,,,,,,
2020-08-18T07:12:06.963Z,<15,<15,25,30,0,,,,,,,,,,
2020-08-18T16:09:29.920Z,<15,<15,25,33,0,,,,,,,,,,
2020-08-18T18:55:23.410Z,<15,<15,25,34,0,,,,,,,,,,
2020-08-19T04:45:32.057Z,<15,<15,25,31,0,,,,,,,,,,
2020-08-19T07:38:12.840Z,<15,<15,25,31,0,,,,,,,,,,
2020-08-19T17:09:53.377Z,<15,<15,20,36,0,,,,,,,,,,
2020-08-19T19:17:48.483Z,<15,<15,20,36,0,,,,,,,,,,
2020-08-20T04:10:29.010Z,<15,<15,20,30,0,,,,,,,,,,
2020-08-20T07:18:04.130Z,<15,<15,20,30,0,,,,,,,,,,
2020-08-20T15:31:52.293Z,<15,<15,15,31,0,,,,,,,,,,
2020-08-20T20:06:10.983Z,<15,<15,15,33,0,,,,,,,,,,
2020-08-21T14:16:16.233Z,<15,<15,15,30,0,,,,,,,,,,
2020-08-22T16:59:01.583Z,<15,<15,15,31,0,,,,,,,,,,
2020-08-22T19:30:43.107Z,<15,<15,15,31,0,,,,,,,,,,
2020-08-23T03:21:42.033Z,<15,<15,15,28,0,,,,,,,,,,
2020-08-23T07:36:27.623Z,<15,<15,15,28,0,,,,,,,,,,
2020-08-23T16:06:03.420Z,<15,<15,10,29,0,,,,,,,,,,
2020-08-23T19:24:52.200Z,<15,<15,10,29,0,,,,,,,,,,
2020-08-24T03:42:44.113Z,<15,<15,10,24,0,,,,,,,,,,
2020-08-24T06:59:28.390Z,<15,<15,10,25,0,,,,,,,,,,
2020-08-24T15:46:46.347Z,<15,<15,10,27,0,,,,,,,,,,
2020-08-24T19:04:20.180Z,<15,<15,10,28,0,,,,,,,,,,
2020-08-25T04:04:12.517Z,<15,<15,10,23,0,,,,,,,,,,
2020-08-25T07:23:14.767Z,<15,<15,10,23,0,,,,,,,,,,
2020-08-25T15:24:02.787Z,<15,<15,15,25,1-5,,,,,,,,,,
2020-08-25T18:55:55.140Z,<15,<15,15,25,1-5,,,,,,,,,,
2020-08-26T03:18:59.150Z,<15,<15,20,23,1-5,,,,,,,,,,
2020-08-26T07:35:29.937Z,<15,<15,20,24,1-5,,,,,,,,,,
2020-08-26T19:35:18.907Z,<15,<15,15,30,1-5,,,,,,,,,,
2020-08-27T04:08:48.710Z,<15,<15,15,26,1-5,,,,,,,,,,
2020-08-27T07:26:57.270Z,<15,<15,15,26,1-5,,,,,,,,,,
2020-08-27T16:50:40.630Z,<15,<15,15,35,1-5,,,,,,,,,,
2020-08-27T18:51:47.520Z,<15,<15,15,35,1-5,,,,,,,,,,
2020-08-28T08:08:31.860Z,<15,<15,15,35,1-5,,,,,,,,,,
2020-08-28T14:24:05.103Z,<15,<15,15,37,1-5,,,,,,,,,,
2020-08-29T17:06:08.920Z,<15,<15,15,36,1-5,,,,,,,,,,
2020-08-29T19:08:02.117Z,<15,<15,15,36,1-5,,,,,,,,,,
2020-08-30T04:31:21.867Z,15,<15,25,42,1-5,,,,,,,,,,
2020-08-30T07:15:32.680Z,15,<15,25,43,1-5,,,,,,,,,,
2020-08-30T15:55:07.603Z,15,<15,25,47,1-5,,,,,,,,,,
2020-08-31T07:06:04.153Z,16,<15,30,50,6-10,,,,,,,,,,
2020-08-31T19:12:35.257Z,18,<15,40,58,6-10,,,,,,,,,,
2020-09-01T03:44:24.423Z,18,<15,40,56,6-10,,,,,,,,,,
2020-09-01T07:26:50.713Z,18,<15,40,57,6-10,,,,,,,,,,
2020-09-01T15:48:54.947Z,22,<15,59,63,11-14,,,,,,,,,,
2020-09-01T19:29:10.310Z,22,<15,59,66,11-14,,,,,,,,,,
2020-09-02T03:48:16.603Z,22,<15,59,58,6-10,,,,,,,,,,
2020-09-02T07:29:52.750Z,22,<15,59,58,6-10,,,,,,,,,,
2020-09-02T16:16:58.493Z,22,<15,59,58,6-10,,,,,,,,,,
2020-09-02T19:22:21.383Z,22,<15,59,58,6-10,,,,,,,,,,
2020-09-03T03:39:09.817Z,22,<15,59,48,6-10,,,,,,,,,,
2020-09-03T07:25:59.323Z,22,<15,59,50,6-10,,,,,,,,,,
2020-09-03T15:44:32.453Z,25,15,74,66,11-14,,,,,,,,,,
2020-09-03T19:31:18.930Z,25,15,74,66,11-14,,,,,,,,,,
2020-09-04T04:02:27.220Z,25,15,74,66,11-14,,,,,,,,,,
2020-09-04T08:33:32.257Z,25,15,74,66,11-14,,,,,,,,,,
2020-09-04T14:23:25.623Z,25,15,74,70,11-14,,,,,,,,,,
2020-09-05T16:20:27.527Z,27,17,84,77,11-14,,,,,,,,,,
2020-09-05T19:40:21.500Z,27,17,84,77,11-14,,,,,,,,,,
2020-09-06T03:42:26.243Z,27,17,84,69,11-14,,,,,,,,,,
2020-09-06T06:59:52.613Z,27,17,84,69,11-14,,,,,,,,,,
2020-09-06T15:33:44.957Z,30,20,99,76,15,,,,,,,,,,
2020-09-06T19:27:55.423Z,30,20,99,76,15,,,,,,,,,,
2020-09-07T04:31:30.613Z,33,23,114,66,15,,,,,,,,,,
2020-09-07T07:38:04.493Z,33,23,114,67,15,,,,,,,,,,
2020-09-07T15:38:31.557Z,34,24,119,76,16,,,,,,,,,,
2020-09-07T17:31:07.610Z,34,24,119,77,16,,,,,,,,,,
2020-09-07T19:26:33.937Z,34,24,119,77,16,,,,,,,,,,
2020-09-08T04:10:57.787Z,35,25,124,69,11-14,,,,,,,,,,
2020-09-08T07:04:17.997Z,37,27,134,72,15,,,,,,,,,,
2020-09-08T10:04:17.997Z,37,27,134,72,15,,,,,,,,,,
2020-09-08T16:50:39.990Z,37,27,134,73,15,,,,,,,,,,
2020-09-08T13:50:39.990Z,37,27,134,73,15,,,,,,,,,,
2020-09-08T17:57:43.140Z,37,27,134,79,15,,,,,,,,,,
2020-09-08T19:16:01.563Z,39,29,143,84,17,,,,,,,,,,
2020-09-09T03:58:55.127Z,39,29,143,85,17,,,,,,,,,,
2020-09-09T07:10:04.400Z,39,29,143,87,17,,,,,,,,,,
2020-09-09T16:03:07.143Z,40,28,138,95,18,,,,,,,,,,
2020-09-09T19:24:24.427Z,40,28,138,96,18,,,,,,,,,,
2020-09-10T03:38:32.990Z,42,30,148,95,17,,,,,,,,,,
2020-09-10T07:15:19.630Z,44,32,158,98,19,,,,,,,,,,
2020-09-10T15:24:42.677Z,44,32,158,104,19,,,,,,,,,,
2020-09-10T19:30:55.320Z,44,32,158,111,19,,,,,,,,,,
2020-09-11T03:51:43.293Z,44,32,158,103,16,,,,,,,,,,
2020-09-11T08:42:54.063Z,45,33,163,112,17,,,,,,,,,,
2020-09-11T14:29:56.553Z,45,33,163,125,17,,,,,,,,,,
2020-09-12T15:56:23.313Z,51,39,193,145,23,,,,,,,,,,
2020-09-12T18:54:25.377Z,51,39,193,145,23,,,,,,,,,,
2020-09-13T03:53:52.697Z,51,39,193,144,20,,,,,,,,,,
2020-09-13T07:29:45.173Z,51,39,193,145,20,,,,,,,,,,
2020-09-13T19:08:27.253Z,53,40,198,149,22,,,,,,,,,,
2020-09-14T04:11:56.110Z,52,40,198,141,19,,,,,,,,,,
2020-09-14T06:59:27.110Z,52,40,198,143,19,,,,,,,,,,
2020-09-14T16:34:45.150Z,53,39,193,154,20,,,,,,,,,,
2020-09-14T19:31:17.433Z,53,39,193,155,20,,,,,,,,,,
2020-09-15T08:06:23.923Z,53,39,193,137,11-14,,,,,,,,,,
2020-09-15T18:10:56.213Z,58,44,218,154,19,,,,,,,,,,
2020-09-16T04:02:59.200Z,58,41,203,128,16,,,,,,,,,,
2020-09-16T15:33:14.613Z,58,41,203,133,16,,,,,,,,,,
2020-09-16T19:28:27.657Z,58,41,203,135,16,,,,,,,,,,
2020-09-17T03:52:02.707Z,58,40,198,120,15,,,,,,,,,,
2020-09-17T08:26:49.980Z,58,40,198,120,15,,,,,,,,,,
2020-09-17T18:44:47.930Z,58,39,193,122,15,,,,,,,,,,
2020-09-18T04:19:52.177Z,58,38,188,89,11-14,,,,,,,,,,
2020-09-18T13:53:20.213Z,58,38,188,93,11-14,,,,,,,,,,
2020-09-19T13:48:30.003Z,59,35,173,91,6-10,,,,,,,,,,
2020-09-20T16:12:55.767Z,59,31,153,76,6-10,,,,,,,,,,
2020-09-20T19:22:01.480Z,59,31,153,76,6-10,,,,,,,,,,
2020-09-21T03:36:24.980Z,59,28,138,61,6-10,,,,,,,,,,
2020-09-21T06:42:02.463Z,59,28,138,61,  6-10  ,,,,,,,,,,
2020-09-21T15:28:22.733Z,62,31,153,70,  6-10  ,,,,,,,,,,
2020-09-21T19:28:34.847Z,63,32,158,73,  6-10  ,,,,,,,,,,
2020-09-23T06:41:59.770Z,65,26,129,67,  6-10  ,,,,,,,,,,
2020-09-23T15:16:14.847Z,65,26,129,69,  6-10  ,,,,,,,,,,
2020-09-23T19:41:03.030Z,65,26,129,71,  6-10  ,,,,,,,,,,
2020-09-24T03:25:02.827Z,66,25,124,75,  6-10  ,,,,,,,,,,
2020-09-24T15:11:00.710Z,67,26,129,78,  6-10  ,,,,,,,,,,
2020-09-24T19:02:57.310Z,67,26,129,81,  6-10  ,,,,,,,,,,
2020-09-25T03:39:17.927Z,66,20,99,64,  6-10  ,,,,,,,,,,
2020-09-25T06:32:04.000Z,66,20,99,64,  6-10  ,,,,,,,,,,
2020-09-25T13:23:59.210Z,66,20,99,64,  6-10  ,,,,,,,,,,
2020-09-26T17:24:54.230Z,66,18,89,64,  6-10  ,,,,,,,,,,
2020-09-26T19:01:59.350Z,66,18,89,64,  6-10  ,,,,,,,,,,
2020-09-27T06:27:46.860Z,66,18,89,69,  6-10  ,,,,,,,,,,
2020-09-27T13:38:11.377Z,66,18,89,70,  6-10  ,,,,,,,,,,
2020-09-28T16:25:25.447Z,66,16,79,58,  1-5  ,,,,,,,,,,
2020-09-28T19:29:29.173Z,66,16,79,58,  1-5  ,,,,,,,,,,
2020-09-29T07:31:38.433Z,66,15,74,34,  0  ,,,,,,,,,,
2020-09-29T15:20:10.623Z,66,15,74,35,  0  ,,,,,,,,,,
2020-09-29T20:03:10.423Z,66,15,74,39,  0  ,,,,,,,,,,
2020-09-30T03:41:07.500Z,66,15,74,35,  0  ,,,,,,,,,,
2020-09-30T06:58:43.690Z,66,15,74,36,  0  ,,,,,,,,,,
2020-09-30T15:56:55.587Z,66,<15,69,43,  0  ,,,,,,,,,,
2020-09-30T19:17:47.527Z,66,<15,69,43,  0  ,,,,,,,,,,
2020-10-01T04:23:29.923Z,66,<15,69,37,  0  ,,,,,,,,,,
2020-10-01T16:23:41.577Z,66,<15,64,44,  0  ,,,,,,,,,,
2020-10-01T18:59:49.017Z,66,<15,64,44,  0  ,,,,,,,,,,
2020-10-02T04:03:07.877Z,66,<15,64,41,  0  ,,,,,,,,,,
2020-10-02T06:38:41.127Z,67,<15,69,44,  1-5  ,,,,,,,,,,
2020-10-02T13:42:19.067Z,70,17,84,50,  1-5  ,,,,,,,,,,
2020-10-03T15:01:48.953Z,70,16,79,50,  1-5  ,,,,,,,,,,
2020-10-03T19:35:04.317Z,70,16,79,51,  1-5  ,,,,,,,,,,
2020-10-04T03:23:43.410Z,70,16,79,47,  1-5  ,,,,,,,,,,
2020-10-04T06:52:16.170Z,70,16,79,47,  1-5  ,,,,,,,,,,
2020-10-04T15:45:12.993Z,71,16,79,50,  1-5  ,,,,,,,,,,
2020-10-04T19:18:58.757Z,71,16,79,51,  1-5  ,,,,,,,,,,
2020-10-05T04:36:06.167Z,72,<15,59,55,  6-10  ,,,,,,,,,,
2020-10-05T15:36:41.790Z,72,<15,59,58,  6-10  ,,,,,,,,,,
2020-10-05T19:08:42.103Z,72,<15,59,58,  6-10  ,,,,,,,,,,
2020-10-06T04:14:25.760Z,72,<15,49,53,  6-10  ,,,,,,,,,,
2020-10-06T07:12:48.303Z,72,<15,49,56,  6-10  ,,,,,,,,,,
2020-10-06T15:35:02.543Z,72,<15,49,57,  6-10  ,,,,,,,,,,
2020-10-06T19:06:32.717Z,72,<15,49,58,  6-10  ,,,,,,,,,,
2020-10-07T04:53:38.940Z,72,<15,49,52,  6-10  ,,,,,,,,,,
2020-10-07T06:31:21.220Z,72,<15,49,52,  6-10  ,,,,,,,,,,
2020-10-07T15:46:34.190Z,72,<15,49,54,  6-10  ,,,,,,,,,,
2020-10-07T19:20:37.117Z,73,<15,54,57,  6-10  ,,,,,,,,,,
2020-10-08T04:02:20.680Z,74,<15,59,52,  6-10  ,,,,,,,,,,
2020-10-08T07:33:44.060Z,74,<15,59,54,  6-10  ,,,,,,,,,,
2020-10-08T15:02:40.130Z,75,<15,64,57,  6-10  ,,,,,,,,,,
2020-10-08T19:33:27.153Z,75,<15,64,59,  6-10  ,,,,,,,,,,
2020-10-09T04:06:38.427Z,75,<15,59,52,  1-5  ,,,,,,,,,,
2020-10-09T06:43:33.320Z,75,<15,59,53,  1-5  ,,,,,,,,,,
2020-10-09T13:16:27.957Z,75,<15,59,54,  1-5  ,,,,,,,,,,
2020-10-10T15:03:40.197Z,76,<15,64,54,  6-10  ,,,,,,,,,,
2020-10-10T18:59:28.107Z,76,<15,64,54,  6-10  ,,,,,,,,,,
2020-10-11T03:42:40.760Z,76,<15,64,49,  1-5  ,,,,,,,,,,
2020-10-11T07:21:23.963Z,76,<15,64,49,  1-5  ,,,,,,,,,,
2020-10-11T15:42:03.660Z,76,<15,64,53,  1-5  ,,,,,,,,,,
2020-10-12T03:16:32.807Z,76,<15,64,50,  1-5  ,,,,,,,,,,
2020-10-12T07:01:58.960Z,76,<15,64,51,  1-5  ,,,,,,,,,,
2020-10-12T15:27:12.240Z,77,<15,69,57,  1-5  ,,,,,,,,,,
2020-10-12T19:10:43.703Z,77,<15,69,60,  1-5  ,,,,,,,,,,
2020-10-13T04:05:38.463Z,77,<15,59,58,  1-5  ,,,,,,,,,,
2020-10-13T09:38:53.503Z,77,<15,59,58,  1-5  ,,,,,,,,,,
2020-10-13T15:22:02.470Z,77,<15,59,66,  1-5  ,,,,,,,,,,
2020-10-13T19:28:52.873Z,77,<15,59,67,  1-5  ,,,,,,,,,,
2020-10-14T03:36:01.470Z,77,<15,59,66,  1-5  ,,,,,,,,,,
2020-10-14T06:32:36.137Z,77,<15,54,66,  1-5  ,,,,,,,,,,
2020-10-14T15:31:32.417Z,77,<15,54,68,  1-5  ,,,,,,,,,,
2020-10-15T03:58:03.073Z,80,<15,69,61,  1-5  ,,,,,,,,,,
2020-10-15T06:45:55.563Z,80,<15,69,65,  1-5  ,,,,,,,,,,
2020-10-15T15:01:48.260Z,80,<15,69,67,  1-5  ,,,,,,,,,,
2020-10-15T17:52:47.397Z,80,<15,69,68,  1-5  ,,,,,,,,,,
2020-10-16T05:18:51.633Z,80,<15,54,60,  1-5  ,,,,,,,,,,
2020-10-16T07:17:42.620Z,80,<15,54,60,  1-5  ,,,,,,,,,,
2020-10-16T13:06:06.527Z,80,<15,54,62,  1-5  ,,,,,,,,,,
2020-10-17T15:15:41.040Z,81,<15,59,68,  1-5  ,,,,,,,,,,
2020-10-17T18:23:29.967Z,81,<15,59,68,  1-5  ,,,,,,,,,,
2020-10-18T03:18:46.443Z,81,<15,59,62,  1-5  ,,,,,,,,,,
2020-10-18T07:09:23.643Z,81,<15,59,62,  1-5  ,,,,,,,,,,
2020-10-18T14:57:14.213Z,81,<15,59,62,  1-5  ,,,,,,,,,,
2020-10-19T04:09:11.843Z,83,<15,64,63,  1-5  ,,,,,,,,,,
2020-10-19T10:13:56.977Z,83,<15,64,67,  1-5  ,,,,,,,,,,
2020-10-19T15:11:03.883Z,83,<15,64,67,  1-5  ,,,,,,,,,,
2020-10-19T19:11:45.207Z,83,<15,54,67,  1-5  ,,,,,,,,,,
2020-10-20T04:50:00.180Z,84,<15,59,59,  6-10  ,,,,,,,,,,
2020-10-20T06:59:42.170Z,84,<15,59,61,  6-10  ,,,,,,,,,,
2020-10-20T15:52:03.357Z,84,<15,59,66,  6-10  ,,,,,,,,,,
2020-10-20T18:57:53.083Z,84,<15,59,67,  6-10  ,,,,,,,,,,
2020-10-21T03:17:23.007Z,84,<15,59,62,  1-5  ,,,,,,,,,,
2020-10-21T06:35:52.513Z,84,<15,59,63,  1-5  ,,,,,,,,,,
2020-10-21T17:49:22.460Z,84,<15,54,69,  1-5  ,,,,,,,,,,
2020-10-21T19:13:13.693Z,84,<15,54,70,  1-5  ,,,,,,,,,,
2020-10-22T05:12:52.860Z,84,<15,54,62,  1-5  ,,,,,,,,,,
2020-10-22T08:16:11.117Z,84,<15,54,64,  1-5  ,,,,,,,,,,
2020-10-22T15:35:19.900Z,84,<15,49,68,  1-5  ,,,,,,,,,,
2020-10-22T18:39:58.803Z,84,<15,49,68,  1-5  ,,,,,,,,,,
2020-10-23T04:15:45.000Z,84,<15,49,61,  1-5  ,,,,,,,,,,
2020-10-23T08:17:26.750Z,84,<15,49,62,  1-5  ,,,,,,,,,,
2020-10-23T13:17:17.550Z,84,<15,49,62,  1-5  ,,,,,,,,,,
2020-10-24T14:24:35.970Z,83,<15,45,49,  1-5  ,,,,,,,,,,
2020-10-24T18:57:34.583Z,83,<15,45,49,  1-5  ,,,,,,,,,,
2020-10-25T21:24:35.750Z,83,<15,35,47,  1-5  ,,,,,,,,,,
2020-10-26T04:40:34.257Z,83,<15,25,49,  1-5  ,,,,,,,,,,
2020-10-26T07:37:44.503Z,84,<15,30,53,  1-5  ,,,,,,,,,,
2020-10-26T15:07:14.570Z,84,<15,30,58,  1-5  ,,,,,,,,,,
2020-10-26T19:48:13.693Z,84,<15,30,58,  1-5  ,,,,,,,,,,
2020-10-27T15:43:10.853Z,84,<15,20,57,  1-5  ,,,,,,,,,,
2020-10-27T18:59:57.577Z,84,<15,20,57,  1-5  ,,,,,,,,,,
2020-10-28T03:39:55.760Z,84,<15,20,48,  1-5  ,,,,,,,,,,
2020-10-28T15:52:26.623Z,84,<15,20,55,  1-5  ,,,,,,,,,,
2020-10-28T20:20:55.410Z,84,<15,20,55,  1-5  ,,,,,,,,,,
2020-10-29T04:45:36.930Z,84,<15,20,45,  1-5  ,,,,,,,,,,
2020-10-29T17:23:27.117Z,84,<15,20,48,  1-5  ,,,,,,,,,,
2020-10-30T08:26:24.713Z,84,<15,20,49,  1-5  ,,,,,,,,,,
2020-10-31T13:42:46.393Z,84,<15,20,49,  1-5  ,,,,,,,,,,
2020-10-31T19:37:00.147Z,84,<15,20,49,  1-5  ,,,,,,,,,,
2020-11-01T03:52:30.903Z,84,<15,20,48,  1-5  ,,,,,,,,,,
2020-11-01T07:21:52.370Z,84,<15,20,48,  1-5  ,,,,,,,,,,
2020-11-01T15:26:36.833Z,84,<15,20,51,  1-5  ,,,,,,,,,,
2020-11-01T20:49:06.480Z,85,<15,25,52,  1-5  ,,,,,,,,,,
2020-11-02T03:27:15.743Z,85,<15,25,53,  1-5  ,,,,,,,,,,
2020-11-02T07:28:22.397Z,85,<15,25,55,  1-5  ,,,,,,,,,,
2020-11-02T16:15:59.947Z,85,<15,20,59,  1-5  ,,,,,,,,,,
2020-11-02T18:57:59.520Z,85,<15,20,59,  1-5  ,,,,,,,,,,
2020-11-03T04:22:19.280Z,85,<15,15,46,  1-5  ,,,,,,,,,,
2020-11-03T07:55:28.423Z,85,<15,15,46,  1-5  ,,,,,,,,,,
2020-11-03T16:08:17.297Z,85,<15,15,49,  1-5  ,,,,,,,,,,
2020-11-03T19:29:46.060Z,85,<15,15,49,  1-5  ,,,,,,,,,,
2020-11-04T04:45:17.480Z,85,<15,15,44,  1-5  ,,,,,,,,,,
2020-11-04T08:10:30.510Z,85,<15,15,46,  1-5  ,,,,,,,,,,
2020-11-04T16:13:19.640Z,85,<15,15,46,  1-5  ,,,,,,,,,,
2020-11-04T19:40:42.333Z,85,<15,15,47,  1-5  ,,,,,,,,,,
2020-11-05T04:08:38.337Z,85,<15,15,44,  1-5  ,,,,,,,,,,
2020-11-05T08:49:08.653Z,85,<15,15,44,  1-5  ,,,,,,,,,,
2020-11-05T17:30:08.480Z,85,<15,15,45,  1-5  ,,,,,,,,,,
2020-11-05T19:11:27.703Z,85,<15,15,46,  1-5  ,,,,,,,,,,
2020-11-06T03:57:49.330Z,85,<15,15,43,  1-5  ,,,,,,,,,,
2020-11-06T07:17:18.060Z,85,<15,15,43,  1-5  ,,,,,,,,,,
2020-11-06T13:25:15.137Z,85,<15,10,43,  1-5  ,,,,,,,,,,
2020-11-07T14:58:45.037Z,85,<15,10,35,  1-5  ,,,,,,,,,,
2020-11-07T18:31:48.000Z,85,<15,10,35,  1-5  ,,,,,,,,,,
2020-11-08T03:40:08.473Z,85,<15,10,34,  0  ,,,,,,,,,,
2020-11-08T08:40:18.263Z,85,<15,10,34,  0  ,,,,,,,,,,
2020-11-08T16:30:34.903Z,85,<15,10,34,  0  ,,,,,,,,,,
2020-11-09T03:40:03.347Z,85,<15,10,29,  0  ,,,,,,,,,,
2020-11-09T07:28:49.713Z,85,<15,10,36,  0  ,,,,,,,,,,
2020-11-09T15:59:53.473Z,85,<15,5,37,  0  ,,,,,,,,,,
2020-11-09T19:21:23.670Z,85,<15,5,38,  0  ,,,,,,,,,,
2020-11-10T03:13:27.287Z,85,<15,5,32,  0  ,,,,,,,,,,
2020-11-10T09:06:36.043Z,85,<15,5,35,  0  ,,,,,,,,,,
2020-11-10T15:59:05.617Z,85,0,0,37,  0  ,,,,,,,,,,
2020-11-10T19:45:01.127Z,85,0,0,37,  0  ,,,,,,,,,,
2020-11-11T03:53:16.493Z,85,0,0,36,  0  ,,,,,,,,,,
2020-11-11T07:02:12.723Z,85,0,0,36,  0  ,,,,,,,,,,
2020-11-11T16:21:43.387Z,85,0,0,37,  0  ,,,,,,,,,,
2020-11-11T19:28:29.050Z,85,0,0,37,  0  ,,,,,,,,,,
2020-11-12T08:39:15.213Z,85,0,0,34,  0  ,,,,,,,,,,
2020-11-12T16:18:16.120Z,85,0,0,34,  0  ,,,,,,,,,,
2020-11-12T19:19:25.050Z,85,0,0,34,  0  ,,,,,,,,,,
2020-11-13T07:40:19.553Z,85,0,0,30,  0  ,,,,,,,,,,
2020-11-13T10:54:29.170Z,85,0,0,31,  0  ,,,,,,,,,,
2020-11-14T14:00:06.513Z,85,0,0,31,  0  ,,,,,,,,,,
2020-11-14T19:06:55.080Z,85,0,0,31,  0  ,,,,,,,,,,
2020-11-15T04:28:28.080Z,85,0,0,30,  0  ,,,,,,,,,,
2020-11-15T08:03:35.147Z,85,0,0,30,  0  ,,,,,,,,,,
2020-11-15T16:06:05.017Z,85,0,0,30,  0  ,,,,,,,,,,
2020-11-16T03:51:48.447Z,85,0,0,31,  0  ,,,,,,,,,,
2020-11-16T08:02:37.583Z,85,0,0,36,  0  ,,,,,,,,,,
2020-11-16T16:18:01.597Z,85,0,0,40,  0  ,,,,,,,,,,
2020-11-16T19:29:33.133Z,85,0,0,40,  0  ,,,,,,,,,,
2020-11-17T03:52:43.697Z,85,0,0,34,  0  ,,,,,,,,,,
2020-11-17T08:05:27.320Z,85,0,0,34,  0  ,,,,,,,,,,
2020-11-17T15:45:50.663Z,85,0,0,37,  0  ,,,,,,,,,,
2020-11-17T19:35:28.310Z,85,0,0,40,  0  ,,,,,,,,,,
2020-11-18T05:34:38.553Z,85,0,0,34,  0  ,,,,,,,,,,
2020-11-18T08:34:15.547Z,85,0,0,37,  0  ,,,,,,,,,,
2020-11-18T16:22:43.690Z,85,0,0,37,  0  ,,,,,,,,,,
2020-11-19T05:15:44.160Z,85,0,0,39,  0  ,,,,,,,,,,
2020-11-19T16:13:21.783Z,85,0,0,42,  0  ,,,,,,,,,,
2020-11-20T03:47:09.840Z,85,0,0,45,  0  ,,,,,,,,,,
2020-11-20T07:00:11.973Z,85,0,0,45,  0  ,,,,,,,,,,
2020-11-20T13:16:00.387Z,85,0,0,46,  0  ,,,,,,,,,,
2020-11-21T14:00:00.830Z,85,0,0,52,  0  ,,,,,,,,,,
2020-11-21T18:59:51.093Z,85,0,0,52,  0  ,,,,,,,,,,
2020-11-22T07:06:07.150Z,85,0,0,52,  0  ,,,,,,,,,,
2020-11-22T15:52:18.870Z,85,0,0,55,  0  ,,,,,,,,,,
2020-11-22T21:03:25.230Z,85,0,0,59,  0  ,,,,,,,,,,
2020-11-23T04:57:25.560Z,85,0,0,61,  0  ,,,,,,,,,,
2020-11-23T11:39:27.770Z,85,0,0,64,  0  ,,,,,,,,,,
2020-11-23T16:30:19.877Z,85,0,0,71,  0  ,,,,,,,,,,
2020-11-23T19:31:15.550Z,85,0,0,75,  0  ,,,,,,,,,,
2020-11-24T03:05:37.503Z,85,0,0,66,  0  ,,,,,,,,,,
2020-11-24T09:18:21.127Z,85,0,0,72,  0  ,,,,,,,,,,
2020-11-24T17:00:34.320Z,85,0,0,73,  0  ,,,,,,,,,,
2020-11-24T19:55:00.533Z,85,0,0,74,  0  ,,,,,,,,,,
2020-11-25T03:39:30.320Z,85,0,0,69,  0  ,,,,,,,,,,
2020-11-25T07:53:00.407Z,85,0,0,69,  0  ,,,,,,,,,,
2020-11-25T16:13:29.820Z,85,0,0,72,  0  ,,,,,,,,,,
2020-11-25T20:32:13.037Z,85,0,0,74,  0  ,,,,,,,,,,
2020-11-26T04:43:37.283Z,85,0,0,71,  0  ,,,,,,,,,,
2020-11-26T07:54:06.807Z,85,0,0,71,  0  ,,,,,,,,,,
2020-11-26T17:02:46.717Z,85,0,0,75,  0  ,,,,,,,,,,
2020-11-26T20:12:28.920Z,85,0,0,75,  0  ,,,,,,,,,,
2020-11-27T04:27:57.500Z,85,0,0,70,  0  ,,,,,,,,,,
2020-11-27T07:36:04.960Z,85,0,0,71,  0  ,,,,,,,,,,
2020-11-27T12:25:25.210Z,85,0,0,72,  0  ,,,,,,,,,,
2020-11-28T13:32:13.783Z,85,0,0,64,  0  ,,,,,,,,,,
2020-11-28T20:32:01.277Z,85,0,0,65,  0  ,,,,,,,,,,
2020-11-29T04:46:21.503Z,85,0,0,63,  0  ,,,,,,,,,,
2020-11-29T08:30:27.120Z,85,0,0,63,  0  ,,,,,,,,,,
2020-11-29T16:49:35.993Z,85,0,0,65,  0  ,,,,,,,,,,
2020-11-29T20:03:11.050Z,85,0,0,65,  0  ,,,,,,,,,,
2020-11-30T03:42:22.700Z,85,0,0,54,  0  ,,,,,,,,,,
2020-11-30T08:15:27.897Z,85,0,0,54,  0  ,,,,,,,,,,
2020-11-30T16:09:43.800Z,85,0,0,55,  0  ,,,,,,,,,,
2020-11-30T19:39:53.010Z,85,0,0,60,  0  ,,,,,,,,,,
2020-12-01T06:03:22.033Z,85,0,0,47,  0  ,,,,,,,,,,
2020-12-01T07:37:00.647Z,85,0,0,47,  0  ,,,,,,,,,,
2020-12-01T16:44:19.780Z,85,0,0,47,  0  ,,,,,,,,,,
2020-12-01T20:00:40.077Z,85,0,0,50,  0  ,,,,,,,,,,
2020-12-02T04:48:18.260Z,85,0,0,48,  0  ,,,,,,,,,,
2020-12-02T08:06:34.533Z,85,0,0,48,  0  ,,,,,,,,,,
2020-12-02T16:26:53.177Z,85,0,0,53,  0  ,,,,,,,,,,
2020-12-03T08:49:07.417Z,85,0,0,61,  0  ,,,,,,,,,,
2020-12-03T15:38:28.427Z,85,0,0,62,  0  ,,,,,,,,,,
2020-12-03T18:59:29.597Z,85,0,0,62,  0  ,,,,,,,,,,
2020-12-04T04:49:42.013Z,85,0,0,56,  0  ,,,,,,,,,,
2020-12-04T07:10:02.587Z,85,0,0,57,  0  ,,,,,,,,,,
2020-12-04T12:59:41.677Z,85,0,0,57,  0  ,,,,,,,,,,
2020-12-05T14:32:41.867Z,85,0,0,58,  0  ,,,,,,,,,,
2020-12-05T19:35:21.767Z,85,0,0,58,  0  ,,,,,,,,,,
2020-12-06T04:22:58.047Z,85,0,0,56,  0  ,,,,,,,,,,
2020-12-06T15:50:36.120Z,85,0,0,59,  0  ,,,,,,,,,,
2020-12-06T19:38:38.523Z,85,0,0,60,  0  ,,,,,,,,,,
2020-12-07T03:57:03.947Z,85,0,0,60,  0  ,,,,,,,,,,
2020-12-07T07:58:54.653Z,85,0,0,62,  0  ,,,,,,,,,,
2020-12-07T17:19:19.367Z,85,0,0,67,  0  , 0 ,,0.0,0,0,2,green,,,
2020-12-07T20:41:13.183Z,85,0,0,69,  0  , 0 ,,0.0,0,0,2,green,,,
2020-12-08T04:41:42.923Z,85,0,0,61,  0  , 0 ,,0.0,0,0,2,green,,,
2020-12-08T08:16:14.790Z,85,0,0,62,  0  , 0 ,,0.0,0,0,2,green,,,
2020-12-08T15:13:19.677Z,85,0,0,64,  0  , 0 ,,0.0,0,0,2,green,,,
2020-12-08T20:17:59.030Z,85,0,0,65,  0  , 0 ,,0.0,0,0,2,green,,,
2020-12-09T04:08:33.523Z,85,0,0,58,  0  , 0 ,,0.0,0,0,2,green,,,
2020-12-09T07:49:39.820Z,85,0,0,58,  0  , 0 ,,0.0,0,0,2,green,,,
2020-12-09T17:01:55.990Z,85,0,0,60,  0  , 0 ,,0.0,0,0,2,green,,,
2020-12-09T20:46:55.280Z,85,0,0,63,  0  , 0 ,,0.0,0,0,2,green,,,
2020-12-10T05:18:36.153Z,85,0,0,55,  0  , 0 ,,0.0,0,0,2,green,,,
2020-12-10T10:48:57.087Z,85,0,0,57,  0  , 0 ,,0.0,0,0,2,green,green,,
2020-12-10T17:11:36.463Z,85,0,0,59,  0  , 0 ,,0.0,0,0,2,green,green,,
2020-12-10T20:48:12.903Z,85,0,0,60,  0  , 0 ,,0.0,0,0,2,green,green,,
2020-12-11T05:54:20.180Z,86,<15,5,50,  1-5  , 0 ,,0.0,0,0,2,green,green,,
2020-12-11T08:51:27.507Z,86,<15,5,50,  1-5  , 0 ,,0.0,0,0,2,green,green,,
2020-12-11T11:40:43.183Z,86,<15,5,50,  1-5  , 0 ,,0.0,0,0,2,green,green,,
2020-12-12T13:42:25.367Z,86,<15,5,46,  1-5  ,<15,,4.9,0,0.0285714285714,2.3,green,green,,
2020-12-12T19:49:13.440Z,86,<15,5,48,  1-5  ,<15,,4.9,0,0.0285714285714,2.3,green,green,,
2020-12-13T03:58:20.980Z,86,<15,5,45,  1-5  ,<15,,4.9,0,0.0294117647058,2.6,green,green,,
2020-12-13T07:58:55.543Z,86,<15,5,45,  1-5  ,<15,,4.9,0,0.0294117647058,2.6,green,green,,
2020-12-13T16:21:49.793Z,86,<15,5,51,  1-5  ,<15,,4.9,0,0.0294117647058,2.6,green,green,,
2020-12-13T19:55:14.330Z,86,<15,5,52,  1-5  ,<15,,4.9,0,0.0294117647058,2.6,green,green,,
2020-12-14T04:43:13.087Z,85,0,0,46,  0  ,<15,,4.9,0,0.025641025641,2.8,green,green,,
2020-12-14T08:13:31.700Z,85,0,0,47,  0  ,<15,,4.9,0,0.025641025641,2.8,green,green,,
2020-12-14T16:19:28.703Z,85,0,0,50,  0  ,<15,,4.9,0,0.025641025641,2.8,green,green,,
2020-12-14T19:50:07.697Z,85,0,0,51,  0  ,<15,,4.9,0,0.025641025641,2.8,green,green,,
2020-12-15T03:52:05.163Z,85,0,0,52,  0  , 0 ,,0.0,0,0,2,green,green,,
2020-12-15T08:33:01.617Z,85,0,0,53,  0  , 0 ,,0.0,0,0,2,green,green,,
2020-12-16T05:04:52.817Z,85,0,0,47,  0  , 0 ,,0.0,0,0,2,green,green,,
2020-12-16T07:26:35.617Z,85,0,0,50,  0  , 0 ,,0.0,0,0,2,green,green,,
2020-12-16T16:13:51.950Z,85,0,0,53,  0  , 0 ,,0.0,0,0,2,green,green,,
2020-12-16T20:11:43.260Z,85,0,0,59,  0  , 0 ,,0.0,0,0,2,green,green,,
2020-12-17T07:59:35.357Z,85,0,0,57,  0  , 0 ,,0.0,0,0,2,green,green,,
2020-12-17T16:39:19.050Z,85,0,0,60,  0  , 0 ,,0.0,0,0,2,green,green,,
2020-12-17T19:49:35.037Z,85,0,0,62,  0  , 0 ,,0.0,0,0,2,green,green,,
2020-12-18T08:00:03.750Z,86,<15,5,60,  1-5  ,<15,,4.9,0,0.0217391304347,2.3,green,green,,
2020-12-18T10:20:49.337Z,86,<15,5,61,  1-5  ,<15,,4.9,0,0.0217391304347,2.3,green,green,,
2020-12-18T12:42:11.287Z,86,<15,5,62,  1-5  ,<15,,4.9,0,0.0217391304347,2.3,green,green,,
2020-12-19T13:51:24.143Z,86,<15,5,71,  1-5  ,<15,,4.9,0,0.0185185185185,2.5,green,green,,
2020-12-19T19:42:21.683Z,86,<15,5,72,  1-5  ,<15,,4.9,0,0.0185185185185,2.5,green,green,,
2020-12-20T04:33:07.710Z,86,<15,5,71,  1-5  ,<15,,4.9,0,0.0172413793103,2.8,green,green,,
2020-12-20T08:01:40.673Z,86,<15,5,74,  1-5  ,<15,,4.9,0,0.0172413793103,2.8,green,green,,
2020-12-20T16:11:28.227Z,86,<15,5,76,  1-5  ,<15,,4.9,0,0.0172413793103,2.8,green,green,,
2020-12-20T19:03:13.143Z,86,<15,5,79,  1-5  ,<15,,4.9,0,0.0172413793103,2.8,green,green,,
2020-12-21T04:52:38.930Z,87,<15,5,73,  1-5  ,<15,,4.9,0,0.0175438596491,3,green,green,,
2020-12-21T08:21:57.310Z,87,<15,5,73,  1-5  ,<15,,4.9,0,0.0175438596491,3,green,green,,
2020-12-21T15:43:37.197Z,87,<15,5,80,  1-5  ,<15,,4.9,0,0.0175438596491,3,green,green,,
2020-12-22T04:33:26.537Z,88,<15,10,73,  1-5  ,<15,,4.9,0,0.0175438596491,3.9,green,green,,
2020-12-22T08:02:50.720Z,88,<15,10,73,  1-5  ,<15,,4.9,0,0.0175438596491,3.9,green,green,,
2020-12-22T16:15:32.370Z,88,<15,10,75,  1-5  ,<15,,4.9,0,0.0175438596491,3.9,green,green,,
2020-12-22T19:45:00.447Z,88,<15,10,76,  1-5  ,<15,,4.9,0,0.0175438596491,3.9,green,green,,
2020-12-23T12:04:58.400Z,88,<15,10,72,  1-5  ,<15,,9.8,0,0.0357142857142,4.1,green,green,,
2020-12-23T16:13:22.737Z,88,<15,10,73,  1-5  ,<15,,9.8,0,0.0357142857142,4.1,green,green,,
2020-12-23T19:46:52.300Z,90,<15,20,79,  1-5  ,<15,,9.8,0,0.0357142857142,4.1,green,green,,
2020-12-24T18:04:54.317Z,90,<15,20,84,  1-5  ,<15,,19.6,0,0.0754716981132,4.2,green,green,,
2020-12-24T20:27:33.523Z,90,<15,20,84,  1-5  ,<15,,19.6,0,0.0754716981132,4.2,green,green,,
2020-12-25T04:51:25.617Z,90,<15,20,78,  1-5  ,<15,,14.7,0,0.0461538461538,4.2,green,green,,
2020-12-25T07:13:39.963Z,90,<15,20,80,  1-5  ,<15,,14.7,0,0.0461538461538,4.2,green,green,,
2020-12-25T12:19:08.427Z,90,<15,20,82,  1-5  ,<15,,14.7,0,0.0461538461538,4.2,green,green,,
2020-12-26T14:11:57.997Z,90,<15,20,81,  1-5  ,<15,,14.7,0,0.0447761194029,4.3,green,green,,
2020-12-26T20:10:57.310Z,90,<15,20,81,  1-5  ,<15,,14.7,0,0.0447761194029,4.3,green,green,,
2020-12-27T03:31:00.333Z,91,<15,20,78,  1-5  ,<15,,14.7,0,0.0454545454545,4.4,green,green,,
2020-12-27T07:04:45.907Z,91,<15,20,78,  1-5  ,<15,,14.7,0,0.0454545454545,4.4,green,green,,
2020-12-27T16:26:47.000Z,91,<15,20,82,  1-5  ,<15,,14.7,0,0.0454545454545,4.4,green,green,,
2020-12-27T18:46:41.847Z,91,<15,20,86,  1-5  ,<15,,14.7,0,0.0454545454545,4.4,green,green,,
2020-12-28T04:37:46.537Z,91,<15,20,78,  1-5  ,<15,,19.6,0,0.060606060606,4.5,green,green,,
2020-12-28T08:04:22.387Z,91,<15,20,79,  1-5  ,<15,,19.6,0,0.060606060606,4.5,green,green,,
2020-12-28T15:42:02.480Z,91,<15,20,82,  1-5  ,<15,,19.6,0,0.060606060606,4.5,green,green,,
2020-12-28T20:41:37.823Z,92,<15,25,85,  1-5  ,<15,,19.6,0,0.060606060606,4.5,green,green,,
2020-12-29T03:47:59.567Z,92,<15,25,76,  1-5  ,<15,,19.6,0,0.0615384615384,4.5,green,green,,
2020-12-29T07:43:47.357Z,92,<15,25,80,  1-5  ,<15,,19.6,0,0.0615384615384,4.5,green,green,,
2020-12-29T17:14:37.160Z,92,<15,25,83,  1-5  ,<15,,19.6,0,0.0615384615384,4.5,green,green,,
2020-12-29T19:41:27.140Z,92,<15,25,86,  1-5  ,<15,,19.6,0,0.0615384615384,4.5,green,green,,
2020-12-30T03:21:32.633Z,93,<15,30,83,  1-5  ,<15,,24.5,0,0.0724637681159,4.5,green,green,,
2020-12-30T08:30:50.383Z,93,<15,30,84,  1-5  ,<15,,24.5,0,0.0724637681159,4.5,green,green,,
2020-12-30T15:59:33.240Z,93,<15,30,95,  1-5  ,<15,,24.5,0,0.0724637681159,4.5,green,green,,
2020-12-31T04:42:38.383Z,93,<15,30,76,  1-5  ,<15,,14.7,0,0.0491803278688,4.5,green,green,,
2020-12-31T08:25:58.400Z,93,<15,25,77,  1-5  ,<15,,14.7,0,0.0491803278688,4.5,green,green,,
2020-12-31T16:03:44.353Z,93,<15,25,78,  1-5  ,<15,,14.7,0,0.0491803278688,4.5,green,green,,
2021-01-01T06:25:20.060Z,93,<15,25,73,  1-5  ,<15,,14.7,0,0.0508474576271,4.5,green,green,,
2021-01-01T13:03:21.987Z,94,<15,30,75,  1-5  ,<15,,14.7,0,0.0508474576271,4.5,green,green,,
2021-01-02T14:23:22.093Z,94,<15,30,73,  1-5  ,<15,,14.7,0,0.0535714285714,4.5,green,green,,
2021-01-02T19:25:38.320Z,94,<15,30,75,  1-5  ,<15,,14.7,0,0.0535714285714,4.5,green,green,,
2021-01-03T04:07:48.983Z,94,<15,30,73,  1-5  ,<15,,14.7,0,0.0491803278688,4.5,green,green,,
2021-01-03T07:10:54.753Z,94,<15,30,73,  1-5  ,<15,,14.7,0,0.0491803278688,4.5,green,green,,
2021-01-03T16:15:50.833Z,94,<15,30,82,  1-5  ,<15,,14.7,0,0.0491803278688,4.5,green,green,,
2021-01-03T18:55:22.140Z,94,<15,30,82,  1-5  ,<15,,14.7,0,0.0491803278688,4.5,green,green,,
2021-01-04T04:08:30.277Z,94,<15,30,78,  1-5  ,<15,,14.7,0,0.046875,4.5,green,green,,
2021-01-04T08:07:45.310Z,94,<15,30,78,  1-5  ,<15,,14.7,0,0.046875,4.5,green,green,,
2021-01-04T16:06:03.693Z,94,<15,30,81,  1-5  ,<15,,14.7,0,0.046875,4.5,green,green,,
2021-01-04T21:25:48.630Z,94,<15,30,83,  1-5  ,<15,,14.7,0,0.046875,4.5,green,green,,
2021-01-05T03:51:07.883Z,94,<15,30,76,  1-5  ,<15,,9.8,0,0.0333333333333,4.5,green,green,,
2021-01-05T07:23:41.123Z,94,<15,30,77,  1-5  ,<15,,9.8,0,0.0333333333333,4.5,green,green,,
2021-01-05T16:52:29.653Z,94,<15,30,99,  1-5  ,<15,,9.8,0,0.0333333333333,4.5,green,green,,
2021-01-05T19:37:27.543Z,94,<15,20,99,  1-5  ,<15,,9.8,0,0.0333333333333,4.5,green,green,,
2021-01-06T03:50:16.780Z,94,<15,20,87,  1-5  ,<15,,4.9,0,0.0175438596491,4.4,green,green,,
2021-01-06T07:37:53.437Z,94,<15,20,95,  1-5  ,<15,,4.9,0,0.0175438596491,4.4,green,green,,
2021-01-06T15:01:08.997Z,94,<15,20,97,  1-5  ,<15,,4.9,0,0.0175438596491,4.4,green,green,,
2021-01-06T19:19:57.407Z,94,<15,20,100,  1-5  ,<15,,4.9,0,0.0175438596491,4.4,green,green,,
2021-01-07T04:26:33.387Z,94,<15,20,88,  1-5  ,<15,,4.9,0,0.0172413793103,4.3,green,green,,
2021-01-07T06:14:34.303Z,94,<15,20,90,  1-5  ,<15,,4.9,0,0.0172413793103,4.3,green,green,,
2021-01-07T15:27:30.590Z,95,<15,20,92,  1-5  ,<15,,4.9,0,0.0172413793103,4.3,green,green,,
2021-01-07T18:11:14.923Z,95,<15,20,93,  1-5  ,<15,,4.9,0,0.0172413793103,4.3,green,green,,
2021-01-08T03:43:58.370Z,95,<15,20,82,  1-5  ,<15,,9.8,0,0.0338983050847,4.3,green,green,,
2021-01-08T07:58:56.537Z,95,<15,20,84,  1-5  ,<15,,9.8,0,0.0338983050847,4.3,green,green,,
2021-01-08T12:29:35.990Z,95,<15,20,84,  1-5  ,<15,,9.8,0,0.0338983050847,4.3,green,green,,
2021-01-09T14:36:56.833Z,97,<15,25,89,  1-5  ,<15,,9.8,0,0.0338983050847,4.3,green,green,,
2021-01-09T20:19:21.917Z,97,<15,25,90,  1-5  ,<15,,4.9,0,0.0188679245283,4.2,green,green,,
2021-01-10T03:55:57.563Z,97,<15,25,81,  1-5  ,<15,,14.7,0,0.0588235294117,4.2,green,green,,
2021-01-10T08:32:01.230Z,97,<15,25,81,  1-5  ,<15,,14.7,0,0.0588235294117,4.2,green,green,,
2021-01-10T15:34:00.387Z,97,<15,25,84,  1-5  ,<15,,14.7,0,0.0588235294117,4.2,green,green,,
2021-01-10T19:59:05.227Z,97,<15,20,85,  1-5  ,<15,,14.7,0,0.0588235294117,4.2,green,green,,
2021-01-11T04:29:18.330Z,97,<15,20,85,  1-5  ,<15,,14.7,0,0.0545454545454,4.2,green,green,,
2021-01-11T08:04:11.517Z,97,<15,20,85,  1-5  ,<15,,14.7,0,0.0545454545454,4.2,green,green,,
2021-01-11T19:42:21.023Z,97,<15,20,88,  1-5  ,<15,,14.7,0,0.0545454545454,4.2,green,green,,
2021-01-12T04:46:22.610Z,97,<15,20,86,  1-5  ,<15,,14.7,0,0.0555555555555,4.2,green,green,,
2021-01-12T08:29:05.050Z,97,<15,20,90,  1-5  ,<15,,14.7,0,0.0555555555555,4.2,green,green,,
2021-01-12T16:15:21.670Z,97,<15,20,99,  1-5  ,<15,,14.7,0,0.0555555555555,4.2,green,green,,
2021-01-12T19:56:16.893Z,97,<15,20,102,  1-5  ,<15,,14.7,0,0.0555555555555,4.2,green,green,,
2021-01-13T03:19:37.553Z,97,<15,20,93,  1-5  ,<15,,14.7,0,0.0508474576271,4.3,green,green,,
2021-01-13T07:05:04.700Z,97,<15,20,94,  1-5  ,<15,,14.7,0,0.0508474576271,4.3,green,green,,
2021-01-13T14:46:19.050Z,97,<15,20,100,  1-5  ,<15,None,14.7,0,0.0508474576271,4.3,green,green,13.081822636,None
2021-01-13T20:41:57.433Z,97,<15,20,102,  1-5  ,<15,None,14.7,0,0.0508474576271,4.3,green,green,13.081822636,None
2021-01-14T05:08:05.827Z,97,<15,20,67,  1-5  ,<15,None,14.7,0,0.0526315789473,4.4,green,green,14.0127388535,None
2021-01-14T08:52:15.650Z,97,<15,20,69,  1-5  ,<15,None,14.7,0,0.0526315789473,4.4,green,green,14.0127388535,None
2021-01-14T16:50:47.233Z,97,<15,20,70,  1-5  ,<15,None,14.7,0,0.0526315789473,4.4,green,green,14.0617344439,None
2021-01-14T20:50:19.033Z,97,<15,20,70,  1-5  ,<15,None,14.7,0,0.0526315789473,4.4,green,green,14.0617344439,None
2021-01-15T03:51:47.650Z,97,<15,20,62,  1-5  ,<15,None,9.8,0,0.0416666666666,4.4,green,green,14.1597256247,None
2021-01-15T07:41:36.633Z,97,<15,20,63,  1-5  ,<15,None,9.8,0,0.0416666666666,4.4,green,green,14.1107300343,None
2021-01-15T11:40:28.147Z,97,<15,20,63,  1-5  ,<15,None,9.8,0,0.0416666666666,4.4,green,green,14.1597256247,None
2021-01-16T14:40:17.410Z,98,<15,25,66,  1-5  ,<15,None,9.8,0,0.0416666666666,4.5,green,green,14.1597256247,None
2021-01-16T18:58:54.310Z,98,<15,20,66,  1-5  ,<15,None,9.8,0,0.0416666666666,4.5,green,green,14.2577168055,None
2021-01-17T07:18:53.633Z,98,<15,20,58,  1-5  ,<15,None,4.9,0,0.0208333333333,4.4,green,green,14.2577168055,None
2021-01-17T15:39:52.500Z,98,<15,20,59,  1-5  ,<15,None,4.9,0,0.0208333333333,4.4,green,green,14.2577168055,None
2021-01-17T19:30:01.320Z,98,<15,15,59,  1-5  ,<15,None,4.9,0,0.0208333333333,4.4,green,green,14.1597256247,None
2021-01-18T04:35:31.270Z,98,<15,15,51,  1-5  ,<15,None,4.9,0,0.025,4.3,green,green,14.2577168055,0.832925036747
2021-01-18T06:31:52.957Z,98,<15,15,53,  1-5  ,<15,None,4.9,0,0.025,4.3,green,green,14.2577168055,0.832925036747
2021-01-18T16:31:29.850Z,98,<15,15,61,  1-5  ,<15,None,4.9,0,0.025,4.3,green,green,14.2577168055,0.832925036747
2021-01-18T18:34:56.827Z,98,<15,15,62,  1-5  ,<15,None,4.9,0,0.025,4.3,green,green,14.2577168055,0.832925036747
2021-01-19T05:30:54.400Z,98,<15,5,60,  1-5  ,<15,None,4.9,0,0.0212765957446,4.2,green,green,15.678588927,0.93091621754
2021-01-19T07:34:37.340Z,98,<15,5,62,  1-5  ,<15,None,4.9,0,0.0212765957446,4.2,green,green,15.678588927,0.93091621754
2021-01-19T14:19:06.050Z,98,<15,5,70,  1-5  ,<15,None,4.9,0,0.0212765957446,4.2,green,green,15.678588927,0.93091621754
2021-01-20T04:28:09.150Z,99,<15,10,61,  1-5  ,<15,None,9.8,0,0.0444444444444,4.3,green,green,15.9725624694,1.17589416952
2021-01-20T07:16:55.410Z,99,<15,10,61,  1-5  ,<15,None,9.8,0,0.0444444444444,4.3,green,green,16.2665360118,1.17589416952
2021-01-20T15:51:00.880Z,99,<15,10,64,  1-5  ,<15,None,9.8,0,0.0444444444444,4.3,green,green,16.5605095541,1.17589416952
2021-01-20T20:20:13.790Z,99,<15,10,64,  1-5  ,<15,None,9.8,0,0.0444444444444,4.3,green,green,16.5605095541,1.17589416952
2021-01-21T04:27:20.957Z,99,<15,10,54,  1-5  ,<15,None,9.8,0,0.05,4.3,green,green,17.1484566389,1.86183243508
2021-01-21T08:35:56.320Z,99,<15,10,54,  1-5  ,<15,None,9.8,0,0.05,4.3,green,green,17.1484566389,1.86183243508
2021-01-21T16:16:22.323Z,99,<15,10,55,  1-5  ,<15,None,9.8,0,0.05,4.3,green,green,17.1484566389,1.86183243508
2021-01-21T19:47:52.763Z,99,<15,10,55,  1-5  ,<15,None,9.8,0,0.05,4.3,green,green,16.6095051445,1.86183243508
2021-01-22T04:41:17.910Z,99,<15,10,54,  1-5  ,<15,None,9.8,0,0.047619047619,4.3,green,green,16.8544830965,2.15580597746
2021-01-22T07:17:51.503Z,99,<15,10,54,  1-5  ,<15,None,9.8,0,0.047619047619,4.3,green,green,16.8544830965,2.15580597746
2021-01-22T13:28:10.110Z,99,<15,10,54,  1-5  ,<15,None,9.8,0,0.047619047619,4.3,green,green,16.8544830965,2.15580597746
2021-01-23T14:28:52.590Z,99,<15,10,51,  1-5  ,<15,None,9.8,0,0.0526315789473,4.3,green,green,17.0014698677,2.64576188143
2021-01-23T18:37:03.467Z,99,<15,10,51,  1-5  ,<15,None,9.8,0,0.0526315789473,4.3,green,green,17.0014698677,2.64576188143
2021-01-24T06:07:14.763Z,99,<15,10,46,  1-5  ,,,,,,,,,,
2021-01-24T16:54:21.827Z,99,<15,10,46,  1-5  ,<15,None,4.9,0,0.0294117647058,4.3,green,green,17.5894169525,3.23370896619
2021-01-24T20:15:06.353Z,100,<15,15,49,  1-5  ,<15,None,4.9,0,0.0294117647058,4.3,green,green,17.5894169525,3.23370896619
2021-01-25T03:43:39.050Z,100,<15,15,50,  1-5  ,<15,None,9.8,0,0.0555555555555,4.4,green,green,17.8833904949,3.38069573738
2021-01-25T07:28:11.697Z,100,<15,15,52,  1-5  ,<15,None,9.8,0,0.0555555555555,4.4,green,green,17.9323860853,3.38069573738
2021-01-25T15:19:21.960Z,100,<15,15,56,  1-5  ,<15,None,9.8,0,0.0555555555555,4.4,green,green,17.9323860853,3.42969132778
2021-01-25T20:15:07.197Z,100,<15,15,56,  1-5  ,<15,None,9.8,0,0.0555555555555,4.4,green,green,17.9323860853,3.42969132778
2021-01-26T08:39:00.873Z,100,<15,15,47,  1-5  ,<15,None,4.9,0,0.030303030303,4.3,green,green,18.6673199412,4.6545810877
2021-01-26T16:37:13.443Z,101,<15,19,55,  1-5  ,<15,None,4.9,0,0.030303030303,4.3,green,green,18.6673199412,4.7525722685
2021-01-26T17:48:49.590Z,101,<15,19,55,  1-5  ,<15,None,4.9,0,0.030303030303,4.3,green,green,18.6673199412,4.7525722685
2021-01-27T04:15:33.720Z,101,<15,15,41,  1-5  ,<15,None,4.9,0,0.03125,4.3,green,green,19.4022537972,5.83047525723
2021-01-27T09:37:45.910Z,101,<15,15,44,  1-5  ,<15,None,4.9,0,0.03125,4.3,green,green,19.4022537972,5.83047525723
2021-01-27T15:47:33.793Z,100,<15,15,45,  1-5  ,<15,None,4.9,0,0.03125,4.3,green,green,19.4022537972,5.83047525723
2021-01-27T19:14:37.080Z,100,<15,15,47,  1-5  ,<15,None,4.9,0,0.03125,4.3,green,green,19.4022537972,5.83047525723
2021-01-28T02:59:46.543Z,100,<15,15,51,  1-5  ,<15,None,4.9,0,0.025641025641,4.2,green,green,20.2351788339,7.05536501715
2021-01-28T06:39:58.397Z,100,<15,15,52,  1-5  ,<15,None,4.9,0,0.025641025641,4.2,green,green,20.2351788339,7.05536501715
2021-01-28T21:08:02.507Z,100,<15,10,56,  1-5  ,<15,None,4.9,0,0.025641025641,4.2,green,green,20.6761391475,7.10436060755
2021-01-29T01:31:48.870Z,100,<15,10,54,  1-5  ,<15,None,4.9,0,0.0238095238095,4.1,green,green,21.4110730034,9.26016658501
2021-01-29T07:28:39.920Z,100,<15,10,55,  1-5  ,<15,None,4.9,0,0.0238095238095,4.1,green,green,21.4110730034,9.26016658501
2021-01-29T13:03:30.550Z,100,<15,10,56,  1-5  ,<15,None,4.9,0,0.0238095238095,4.1,green,green,21.4110730034,9.26016658501
2021-01-30T11:09:46.137Z,100,<15,10,65,  1-5  ,<15,None,4.9,0,0.0204081632653,4,green,green,21.8030377266,10.9260166585
2021-01-30T19:37:48.760Z,100,<15,10,65,  1-5  ,<15,None,4.9,0,0.0204081632653,4,green,green,21.8030377266,10.9260166585
2021-01-31T04:16:43.147Z,101,<15,15,64,  1-5  ,<15,None,9.8,0,0.0384615384615,4.2,green,green,22.6359627634,12.101910828
2021-01-31T08:26:49.547Z,101,<15,15,65,  1-5  ,<15,None,9.8,0,0.0384615384615,4.2,green,green,22.6359627634,12.101910828
2021-01-31T17:19:30.317Z,101,<15,15,67,  1-5  ,<15,None,9.8,0,0.0384615384615,4.2,green,green,22.6359627634,12.1509064184
2021-01-31T18:48:55.233Z,101,<15,15,67,  1-5  ,<15,None,9.8,0,0.0384615384615,4.2,green,green,22.6359627634,12.1509064184
2021-02-01T03:53:42.040Z,101,<15,15,66,  1-5  ,<15,None,4.9,0,0.0188679245283,4.1,green,green,23.2239098481,12.6898579128
2021-02-01T07:52:28.600Z,101,<15,15,68,  1-5  ,<15,None,4.9,0,0.0188679245283,4.1,green,green,23.2239098481,12.6898579128
2021-02-01T17:12:59.620Z,101,<15,15,71,  1-5  ,<15,None,4.9,0,0.0188679245283,4.1,green,green,23.2239098481,12.7388535032
2021-02-01T19:55:34.100Z,101,<15,15,72,  1-5  ,<15,None,4.9,0,0.0188679245283,4.1,green,green,23.2239098481,12.7388535032
2021-02-02T03:50:01.017Z,101,<15,15,67,  1-5  ,<15,None,4.9,0,0.0196078431372,4.1,green,green,23.2729054385,13.1308182264
2021-02-02T08:12:47.970Z,102,<15,15,68,  1-5  ,<15,None,4.9,0,0.0196078431372,4.1,green,green,23.2729054385,13.1308182264
2021-02-02T16:21:39.187Z,102,<15,15,72,  1-5  ,<15,None,4.9,0,0.0196078431372,4.1,green,green,23.2729054385,13.1308182264
2021-02-02T18:56:11.590Z,102,<15,15,72,  1-5  ,<15,None,4.9,0,0.0196078431372,4.1,green,green,23.2729054385,13.1308182264
2021-02-03T04:45:35.923Z,102,<15,15,60,  1-5  ,<15,None,4.9,0,0.0204081632653,4,green,green,23.6158745713,13.6207741303
2021-02-03T08:10:56.700Z,102,<15,15,61,  1-5  ,<15,None,4.9,0,0.0204081632653,4,green,green,23.6158745713,13.6207741303
2021-02-03T16:22:58.677Z,102,<15,15,67,  1-5  ,<15,None,4.9,0,0.0204081632653,4,green,green,23.6158745713,13.6207741303
2021-02-03T21:05:49.047Z,103,<15,19,69,  1-5  ,<15,None,4.9,0,0.0204081632653,4,green,green,23.6158745713,13.6207741303
2021-02-04T06:11:47.710Z,104,<15,24,62,  1-5  ,<15,None,9.8,0,0.0425531914893,4.1,green,green,24.0568348849,13.9147476727
2021-02-04T08:36:12.077Z,104,<15,24,64,  1-5  ,<15,None,9.8,0,0.0425531914893,4.1,green,green,24.0568348849,13.9147476727
2021-02-04T17:20:40.130Z,104,<15,24,65,  1-5  ,<15,None,9.8,0,0.0425531914893,4.1,green,green,24.0568348849,13.9147476727
2021-02-04T21:09:35.137Z,104,<15,24,65,  1-5  ,<15,None,14.7,0,0.063829787234,4.1,green,green,24.0568348849,13.9147476727
2021-02-05T07:18:48.910Z,104,<15,24,59,  1-5  ,<15,None,14.7,0,0.0697674418604,4.2,green,green,24.448799608,14.1597256247
2021-02-05T12:40:20.710Z,104,<15,24,60,  1-5  ,<15,None,14.7,0,0.0697674418604,4.2,green,green,24.448799608,14.1597256247
2021-02-06T15:19:27.617Z,104,<15,19,64,  1-5  ,<15,None,14.7,0,0.0697674418604,4.2,green,green,24.3998040176,14.1107300343
2021-02-06T18:59:46.357Z,104,<15,19,64,  1-5  ,<15,None,9.8,0,0.0487804878048,4.2,green,green,25.1347378736,14.3067123959
2021-02-07T03:48:16.773Z,104,<15,19,65,  1-5  ,<15,None,9.8,0,0.0425531914893,4.2,green,green,25.3307202352,14.3557079863
2021-02-07T07:57:08.960Z,105,<15,19,67,  1-5  ,<15,None,9.8,0,0.0425531914893,4.2,green,green,25.3307202352,14.3557079863
2021-02-07T18:09:40.503Z,106,<15,19,70,  1-5  ,<15,None,14.7,0,0.0625,4.2,green,green,25.3307202352,14.3557079863
2021-02-07T19:32:15.430Z,106,<15,19,70,  1-5  ,<15,None,14.7,0,0.0625,4.2,green,green,25.3307202352,14.3557079863
2021-02-08T04:02:11.827Z,106,<15,19,67,  1-5  ,<15,None,19.6,0,0.078431372549,4.3,green,green,25.9186673199,14.4536991671
2021-02-08T08:06:55.437Z,106,<15,19,68,  1-5  ,<15,None,19.6,0,0.078431372549,4.3,green,green,25.9186673199,14.4536991671
2021-02-08T16:18:44.307Z,107,<15,24,75,  1-5  ,<15,None,19.6,0,0.078431372549,4.3,green,green,25.9186673199,14.4536991671
2021-02-09T07:17:15.457Z,108,<15,29,75,  6-10  ,<15,None,24.5,0,0.090909090909,4.4,green,green,26.2126408623,14.943655071
2021-02-09T16:37:31.400Z,108,<15,29,79,  6-10  ,<15,None,24.5,0,0.090909090909,4.4,green,green,26.6536011759,15.433610975
2021-02-09T19:30:02.767Z,108,<15,29,81,  6-10  ,<15,None,24.5,0,0.090909090909,4.4,green,green,26.6536011759,15.433610975
2021-02-10T06:56:49.800Z,108,<15,29,73,  1-5  ,<15,None,29.4,0,0.109090909091,4.7,green,green,26.8985791279,15.923566879
2021-02-10T16:21:14.940Z,108,<15,29,79,  1-5  ,<15,None,29.4,0,0.109090909091,4.7,green,green,26.8985791279,15.923566879
2021-02-10T20:23:21.013Z,108,<15,29,79,  1-5  ,<15,None,29.4,0,0.109090909091,4.7,green,green,26.8985791279,15.923566879
2021-02-11T06:22:53.990Z,109,<15,34,68,  1-5  ,<15,None,19.6,0,0.06,4.7,green,green,27.535521803,16.7074963253
2021-02-11T07:43:32.680Z,109,<15,34,70,  1-5  ,<15,None,19.6,0,0.06,4.7,green,green,27.535521803,16.7074963253
2021-02-11T16:13:16.903Z,109,<15,29,70,  1-5  ,<15,None,19.6,0,0.06,4.7,green,green,27.535521803,16.7074963253
2021-02-11T20:17:35.403Z,109,<15,29,70,  1-5  ,<15,None,19.6,0,0.06,4.7,green,green,27.535521803,16.7074963253
2021-02-12T06:14:19.377Z,109,<15,29,67,  1-5  ,<15,None,19.6,0,0.0816326530612,4.7,green,green,28.0744732974,17.1974522293
2021-02-12T13:11:45.160Z,109,<15,29,69,  1-5  ,<15,None,19.6,0,0.0816326530612,4.7,green,green,28.0744732974,17.1974522293
2021-02-13T14:52:09.090Z,110,<15,34,66,  1-5  ,<15,None,19.6,0,0.0754716981132,4.7,green,green,28.7114159726,17.2464478197
2021-02-13T18:56:28.940Z,110,<15,34,66,  1-5  ,<15,None,19.6,0,0.0754716981132,4.7,green,green,28.7114159726,17.2464478197
2021-02-14T07:09:42.080Z,110,<15,34,57,  1-5  ,<15,None,24.5,0,0.108695652174,4.7,green,green,29.4953454189,17.6384125429
2021-02-14T15:54:14.063Z,110,<15,34,58,  1-5  ,<15,None,24.5,0,0.108695652174,4.7,green,green,29.5933365997,17.6384125429
2021-02-14T20:02:50.060Z,110,<15,34,59,  1-5  ,<15,None,24.5,0,0.108695652174,4.7,green,green,29.5933365997,17.6384125429
2021-02-15T07:19:51.583Z,110,<15,34,54,  1-5  ,<15,None,19.6,0,0.0930232558139,4.7,green,green,30.7202351788,18.1283684468
2021-02-15T15:23:55.810Z,110,<15,24,56,  1-5  ,<15,None,19.6,0,0.0930232558139,4.7,green,green,30.7202351788,18.1283684468
2021-02-15T19:24:52.900Z,110,<15,24,62,  1-5  ,<15,None,19.6,0,0.0930232558139,4.7,green,green,30.7202351788,18.1283684468
2021-02-16T06:43:30.430Z,110,<15,24,53,  1-5  ,<15,None,14.7,0,0.0731707317073,4.7,green,green,32.2390984811,19.0592846644
2021-02-16T16:03:49.337Z,110,<15,24,60,  1-5  ,<15,None,14.7,0,0.0731707317073,4.7,green,green,32.2390984811,19.0592846644
2021-02-16T20:03:32.033Z,110,<15,24,62,  1-5  ,<15,None,14.6,0,0.0731707317073,4.7,yellow,yellow,31.9883325231,18.9110354886
2021-02-17T09:46:45.287Z,111,<15,29,52,  1-5  ,<15,None,9.7,0,0.05,4.5,yellow,yellow,33.3981526495,19.5430238211
2021-02-17T15:15:41.093Z,111,<15,29,54,  1-5  ,<15,None,9.7,0,0.05,4.5,yellow,yellow,33.3981526495,19.5430238211
2021-02-17T19:18:09.470Z,111,<15,29,55,  1-5  ,<15,None,9.7,0,0.05,4.5,yellow,yellow,34.4190568789,20.0777831794
2021-02-18T08:12:11.743Z,111,<15,29,55,  1-5  ,<15,None,9.7,0,0.0444444444444,4.5,yellow,yellow,34.030140982,20.1750121536
2021-02-18T16:59:19.573Z,111,<15,29,58,  1-5  ,<15,None,9.7,0,0.0444444444444,4.5,yellow,yellow,34.030140982,20.1750121536
2021-02-18T19:42:32.353Z,111,<15,29,58,  1-5  ,<15,None,9.7,0,0.0444444444444,4.5,yellow,yellow,34.030140982,20.1750121536
2021-02-19T06:49:22.297Z,111,<15,29,62,  1-5  ,<15,None,9.7,0,0.0408163265306,4.5,green,green,35.5371900826,21.0986874088
2021-02-19T13:33:49.817Z,111,<15,29,63,  1-5  ,<15,None,9.7,0,0.0408163265306,4.5,green,green,35.5371900826,21.0986874088
2021-02-21T19:48:18.680Z,113,<15,29,60,  1-5  ,<15,None,9.7,0,0.0444444444444,4.5,green,green,37.2386971317,22.6057365095
2021-02-22T07:19:44.173Z,113,<15,29,59,  1-5  ,<15,None,14.6,0,0.0652173913043,4.5,green,green,38.988818668,23.2863393291
2021-02-22T15:39:30.907Z,114,<15,29,61,  1-5  ,<15,None,14.6,0,0.0652173913043,4.5,green,green,38.988818668,23.2863393291
2021-02-22T19:42:44.580Z,114,<15,29,63,  1-5  ,<15,None,14.6,0,0.0652173913043,4.5,green,green,38.988818668,23.2863393291
2021-02-23T20:08:32.790Z,113,<15,19,57,  1-5  ,<15,None,19.4,0,0.0930232558139,4.5,green,green,40.0583373845,23.3835683034
2021-02-24T06:34:53.743Z,113,<15,19,49,  1-5  ,<15,None,14.6,0,0.0857142857142,4.5,green,green,41.6626154594,23.5294117647
2021-02-24T10:07:23.113Z,113,<15,19,56,  1-5  ,<15,None,14.6,0,0.0857142857142,4.5,green,green,41.6626154594,23.5294117647
2021-02-24T18:03:57.540Z,113,<15,19,58,  1-5  ,<15,None,14.6,0,0.0857142857142,4.5,green,green,41.6140009723,23.4807972776
2021-02-24T19:25:32.953Z,113,<15,19,58,  1-5  ,<15,None,14.6,0,0.0857142857142,4.5,green,green,41.6140009723,23.4807972776
2021-02-25T06:16:52.780Z,113,<15,19,51,  1-5  ,<15,None,9.7,0,0.0526315789473,4.5,green,green,42.4404472533,23.8697131745
2021-02-25T15:55:48.430Z,113,<15,19,55,  1-5  ,<15,None,9.7,0,0.0526315789473,4.5,green,green,42.4404472533,23.8697131745
2021-02-25T20:07:31.120Z,113,<15,19,55,  1-5  ,<15,None,9.7,0,0.0526315789473,4.5,green,green,42.4404472533,23.8697131745
2021-02-26T07:04:53.997Z,113,<15,19,51,  1-5  ,<15,None,9.7,0,0.0526315789473,4.5,green,green,43.7044239183,24.2586290715
2021-02-26T12:35:31.343Z,113,<15,19,51,  1-5  ,<15,None,9.7,0,0.0526315789473,4.5,green,green,43.7044239183,24.2586290715
2021-02-27T16:24:35.060Z,114,<15,24,54,  1-5  ,<15,None,14.6,0,0.0731707317073,4.5,green,green,44.2391832766,24.890617404
2021-02-27T19:07:16.380Z,114,<15,24,54,  1-5  ,<15,None,14.6,0,0.0731707317073,4.5,green,green,44.2391832766,24.890617404
2021-02-28T06:18:09.987Z,114,<15,24,53,  1-5  ,<15,None,9.7,0,0.05,4.5,green,green,44.5308701993,25.0850753525
2021-02-28T19:25:36.107Z,114,<15,24,57,  1-5  ,<15,None,9.7,0,0.05,4.5,green,green,45.1628585318,25.7656781721
2021-03-01T07:25:10.480Z,114,<15,24,61,  1-5  ,<15,None,4.9,0,0.0263157894736,4.4,green,green,46.4268351969,26.3004375304
2021-03-01T14:48:40.173Z,114,<15,24,70,  1-5  ,<15,None,4.9,0,0.0263157894736,4.4,green,green,46.4268351969,26.3004375304
2021-03-02T06:46:14.970Z,114,<15,24,64,  1-5  ,<15,None,4.9,0,0.0232558139534,4.3,green,green,46.7185221196,26.4948954789
2021-03-02T16:20:18.227Z,114,<15,24,67,  1-5  ,<15,None,4.9,0,0.0232558139534,4.3,green,green,46.8157510938,26.543509966
2021-03-02T19:25:16.133Z,114,<15,24,68,  1-5  ,<15,None,4.9,0,0.0232558139534,4.3,green,green,46.8157510938,26.543509966
2021-03-03T06:07:56.950Z,114,<15,24,64,  1-5  ,<15,None,4.9,0,0.0227272727272,4.2,green,green,47.301895965,26.6893534273
2021-03-03T14:36:55.967Z,114,<15,19,68,  1-5  ,<15,None,4.9,0,0.0227272727272,4.2,green,green,47.301895965,26.7379679144
2021-03-03T19:26:09.160Z,114,<15,19,70,  1-5  ,<15,None,4.9,0,0.0227272727272,4.2,green,green,47.301895965,26.7379679144
2021-03-04T07:40:39.870Z,114,<15,19,57,  1-5  ,<15,None,4.9,0,0.025,4.1,green,green,47.8852698104,27.1754982985
2021-03-04T15:28:23.620Z,114,<15,19,60,  1-5  ,<15,None,4.9,0,0.025,4.1,green,green,47.8852698104,27.1754982985
2021-03-04T19:58:37.350Z,114,<15,19,59,  1-5  ,<15,None,4.9,0,0.025,4.1,green,green,47.8366553233,27.1268838114
2021-03-05T06:51:25.580Z,115,<15,19,55,  0  ,<15,None,4.9,0,0.0277777777777,4.1,green,green,48.6144871172,27.4671852212
2021-03-05T12:27:39.400Z,115,<15,15,57,  0  ,<15,None,4.9,0,0.0277777777777,4.1,green,green,48.6144871172,27.4671852212
2021-03-06T18:24:24.223Z,114,<15,15,59,  0  ,<15,None,0.0,0,0,3.7,green,green,48.7117160914,28.0505590666
2021-03-07T06:08:39.360Z,114,<15,15,62,  0  ,<15,None,0.0,0,0,3.4,green,green,48.9061740399,28.633932912
2021-03-07T16:23:08.560Z,114,<15,15,62,  0  ,<15,None,0.0,0,0,3.4,green,green,48.8575595527,28.633932912
2021-03-07T19:45:34.990Z,114,<15,15,62,  0  ,<15,None,0.0,0,0,3.4,green,green,48.8575595527,28.633932912
2021-03-08T07:12:47.457Z,114,<15,15,67,  0  ,<15,None,0.0,0,0,3.1,green,green,49.4409333982,29.4117647059
2021-03-08T16:16:41.137Z,114,<15,10,68,  0  ,<15,None,0.0,0,0,3.1,green,green,49.4409333982,29.3631502188
2021-03-08T19:17:36.260Z,114,<15,10,68,  0  ,<15,None,0.0,0,0,3.1,green,green,49.4409333982,29.3631502188
2021-03-09T06:30:57.253Z,114,<15,10,51,  0  ,<15,None,0.0,0,0,2.8,green,green,49.781234808,30.4326689353
2021-03-09T16:06:47.950Z,114,<15,5,53,  0  ,<15,None,0.0,0,0,2.8,green,green,49.7326203209,30.4812834225
2021-03-09T20:42:14.300Z,114,<15,5,53,  0  ,<15,None,0.0,0,0,2.8,green,green,49.6840058337,30.4326689353
2021-03-10T07:35:41.117Z,114,<15,5,53,  0  ,<15,None,0.0,0,0,2.5,green,green,50.0243072436,31.5994166262
2021-03-10T15:14:03.370Z,114,<15,5,57,  0  ,<15,None,0.0,0,0,2.5,green,green,49.9756927564,31.550802139
2021-03-10T19:46:49.370Z,114,<15,5,58,  0  ,<15,None,0.0,0,0,2.5,green,green,49.9756927564,31.550802139
2021-03-11T06:27:02.077Z,114,<15,5,51,  0  ,<15,None,0.0,0,0,2.3,green,green,50.2673796791,32.1827904716
2021-03-11T14:52:58.723Z,114,<15,5,54,  0  ,<15,None,0.0,0,0,2.3,green,green,50.2673796791,32.1827904716
2021-03-11T18:54:44.693Z,114,<15,5,54,  0  ,<15,None,0.0,0,0,2.3,green,green,50.2673796791,32.1827904716
2021-03-12T07:38:15.447Z,114,<15,5,51,  0  ,<15,None,0.0,0,0,2,green,green,50.9965969859,33.4467671366
2021-03-12T13:52:09.540Z,116,<15,15,61,  1-5  ,<15,None,0.0,0,0,2,green,green,51.0938259601,33.5439961108
2021-03-13T15:33:33.093Z,116,<15,15,47,  1-5  ,<15,None,9.7,0,0.0645161290322,2.4,green,green,51.3855128828,34.8079727759
2021-03-13T19:42:29.803Z,116,<15,15,47,  1-5  ,<15,None,9.7,0,0.0645161290322,2.4,green,green,51.3855128828,34.8079727759
2021-03-14T05:13:42.657Z,116,<15,15,47,  1-5  ,<15,None,9.7,0,0.0666666666666,2.7,green,green,51.43412737,35.8288770053
2021-03-14T14:49:37.930Z,116,<15,15,52,  1-5  ,<15,None,9.7,0,0.0666666666666,2.7,green,green,51.43412737,35.8288770053
2021-03-14T19:45:32.100Z,116,<15,15,54,  1-5  ,<15,None,9.7,0,0.0666666666666,2.7,green,green,51.3855128828,35.7802625182
2021-03-15T06:59:24.693Z,116,<15,15,54,  1-5  ,<15,None,9.7,0,0.0666666666666,2.7,green,green,51.43412737,35.8288770053
2021-03-15T15:49:21.107Z,116,<15,15,62,  1-5  ,<15,None,9.7,0,0.0526315789473,3.1,green,green,51.5799708313,37.4331550802
2021-03-15T20:17:59.313Z,116,<15,15,63,  1-5  ,<15,None,9.7,0,0.0526315789473,3.1,green,green,51.5799708313,37.4331550802
2021-03-16T06:13:17.800Z,116,<15,15,56,  1-5  ,<15,None,9.7,0,0.0465116279069,3.4,green,green,51.9202722411,38.599902771
2021-03-16T16:22:05.063Z,116,<15,15,60,  1-5  ,<15,None,9.7,0,0.0465116279069,3.4,green,green,51.9202722411,38.599902771
2021-03-16T20:39:05.533Z,116,<15,15,60,  1-5  ,<15,None,9.7,0,0.0465116279069,3.4,green,green,51.9202722411,38.599902771
2021-03-17T06:49:59.470Z,116,<15,15,57,  1-5  ,<15,None,9.7,0,0.0454545454545,3.8,green,green,52.0661157025,40.3500243072
2021-03-17T13:22:53.840Z,116,<15,15,59,  1-5  ,<15,None,9.7,0,0.0454545454545,3.8,green,green,52.0661157025,40.3500243072
2021-03-17T19:09:09.100Z,116,<15,15,59,  1-5  ,<15,None,9.7,0,0.0454545454545,3.8,green,green,52.0175012154,40.3014098201
2021-03-18T06:20:10.013Z,116,<15,15,51,  1-5  ,<15,None,9.7,0,0.0454545454545,3.8,green,green,52.0175012154,40.3014098201
2021-03-18T15:34:04.643Z,116,<15,15,53,  1-5  ,<15,None,9.7,0,0.0487804878048,4.1,green,green,52.4064171123,41.0306271269
2021-03-18T19:50:37.700Z,116,<15,15,52,  1-5  ,<15,None,9.7,0,0.0487804878048,4.1,green,green,52.4064171123,41.0306271269
2021-03-19T05:24:51.643Z,116,<15,15,50,  0  ,<15,None,9.7,0,0.0487804878048,4.5,green,green,52.5522605737,42.1487603306
2021-03-19T13:42:53.387Z,116,<15,15,60,  0  ,<15,None,9.7,0,0.0487804878048,4.5,green,green,52.5522605737,42.1487603306
2021-03-20T16:11:20.910Z,116,<15,15,52,  0  ,<15,None,0.0,0,0,4.1,green,green,52.698104035,42.5862907146
2021-03-20T18:12:54.523Z,116,<15,15,53,  0  ,<15,None,0.0,0,0,4.1,green,green,52.698104035,42.5862907146
2021-03-21T05:22:42.567Z,117,<15,19,56,  1-5  ,<15,None,4.9,0,0.0212765957446,4,green,green,53.0870199319,43.3155080214
2021-03-21T12:31:44.520Z,117,<15,19,60,  1-5  ,<15,None,4.9,0,0.0212765957446,4,green,green,53.0870199319,43.3155080214
2021-03-21T19:21:03.850Z,117,<15,19,62,  1-5  ,<15,None,4.9,0,0.0212765957446,4,green,green,53.0870199319,43.3155080214
2021-03-22T05:32:53.070Z,117,<15,15,59,  1-5  ,<15,None,4.9,0,0.0212765957446,4,green,green,53.4759358289,43.8016528926
2021-03-22T14:57:42.400Z,118,<15,15,66,  1-5  ,<15,None,4.9,0,0.0212765957446,4,green,green,53.524550316,43.8502673797
2021-03-22T19:33:23.617Z,118,<15,15,71,  1-5  ,<15,None,4.9,0,0.0212765957446,4,green,green,53.4759358289,43.8016528926
2021-03-23T06:28:23.317Z,118,<15,15,72,  1-5  ,<15,None,9.7,0,0.037037037037,4,green,green,53.7676227516,44.2391832766
2021-03-23T20:20:30.823Z,118,<15,15,77,  1-5  ,<15,None,9.7,0,0.037037037037,4,green,green,53.7676227516,44.2391832766
2021-03-24T07:22:03.243Z,118,<15,15,72,  1-5  ,<15,None,9.7,0,0.0338983050847,4,green,green,53.7676227516,44.4336412251
2021-03-24T15:57:13.500Z,118,<15,15,72,  1-5  ,<15,None,9.7,0,0.0338983050847,4,green,green,53.7676227516,44.4336412251
2021-03-24T19:47:56.150Z,118,<15,15,73,  1-5  ,<15,None,9.7,0,0.0338983050847,4,green,green,53.7676227516,44.4336412251
2021-03-25T06:54:09.707Z,118,<15,15,73,  1-5  ,<15,None,9.7,0,0.0333333333333,4,green,green,53.9620807,45.0170150705
2021-03-25T15:03:20.560Z,118,<15,15,75,  1-5  ,<15,None,9.7,0,0.0333333333333,4,green,green,54.0106951872,45.0170150705
2021-03-25T19:05:36.033Z,118,<15,15,75,  1-5  ,<15,None,9.7,0,0.0333333333333,4,green,green,54.0106951872,45.0170150705
2021-03-26T06:17:10.000Z,118,<15,15,75,  1-5  ,<15,None,9.7,0,0.031746031746,4,green,green,54.1565386485,45.8920758386
2021-03-26T11:22:54.570Z,118,<15,15,79,  1-5  ,<15,None,9.7,0,0.031746031746,4,green,green,54.1565386485,45.8920758386
2021-03-28T06:14:10.330Z,118,<15,10,69,  1-5  ,<15,None,4.9,0,0.0178571428571,4.3,green,green,54.2051531356,46.0379193
2021-03-28T14:25:42.860Z,118,<15,10,69,  1-5  ,<15,None,4.9,0,0.0178571428571,4.3,green,green,54.2051531356,46.0379193
2021-03-28T18:26:52.117Z,118,<15,10,69,  1-5  ,<15,None,4.9,0,0.0178571428571,4.3,green,green,54.3023821099,46.0865337871
2021-03-29T05:35:38.870Z,117,<15,10,51,  0  ,<15,None,4.9,0,0.0227272727272,4.3,green,green,54.5940690326,46.8157510938
2021-03-29T14:17:08.287Z,117,<15,10,51,  0  ,<15,None,4.9,0,0.0227272727272,4.3,green,green,54.5940690326,46.8157510938
2021-03-29T18:08:49.533Z,117,<15,10,52,  0  ,<15,None,4.9,0,0.0227272727272,4.3,green,green,54.5940690326,46.8157510938
2021-03-30T04:29:22.700Z,117,<15,10,45,  0  ,<15,None,0.0,0,0,4,green,green,54.6912980068,47.1074380165
2021-03-30T14:55:12.770Z,117,<15,10,47,  0  ,<15,None,0.0,0,0,4,green,green,54.6912980068,47.1074380165
2021-03-30T18:50:39.677Z,117,<15,10,47,  0  ,<15,None,0.0,0,0,4,green,green,54.6912980068,47.1074380165
2021-03-31T06:52:24.037Z,117,<15,10,39,  0  ,<15,None,0.0,0,0,3.6,green,green,54.9829849295,47.4477394263
2021-03-31T14:47:35.723Z,117,<15,10,40,  0  ,<15,None,0.0,0,0,3.6,green,green,54.9829849295,47.4477394263
2021-03-31T18:31:26.517Z,117,<15,5,40,  0  ,<15,None,0.0,0,0,3.6,green,green,54.9343704424,47.4477394263
2021-04-01T05:29:11.760Z,118,<15,10,45,  1-5  ,<15,None,0.0,0,0,3.2,green,green,54.9829849295,47.7880408362
2021-04-01T14:35:31.573Z,118,<15,10,47,  1-5  ,<15,None,0.0,0,0,3.2,green,green,55.0315994166,47.9338842975
2021-04-01T18:27:26.773Z,118,<15,10,47,  1-5  ,<15,None,0.0,0,0,3.2,green,green,55.0315994166,47.9338842975
2021-04-02T05:13:19.103Z,118,<15,5,49,  1-5  ,<15,None,4.9,0,0.0263157894736,3.2,green,green,55.1288283909,48.5172581429
2021-04-03T14:56:45.993Z,118,<15,5,48,  1-5  ,<15,None,4.9,0,0.0243902439024,3.1,green,green,55.2260573651,48.8089450656
2021-04-04T06:25:41.347Z,118,<15,5,52,  1-5  ,<15,None,4.9,0,0.0243902439024,3.1,green,green,55.2260573651,48.8089450656
2021-04-04T12:44:43.080Z,118,<15,5,52,  1-5  ,<15,None,4.9,0,0.0243902439024,3.1,green,green,55.2260573651,48.8089450656
2021-04-04T14:36:56.903Z,118,<15,5,52,  1-5  ,<15,None,4.9,0,0.0243902439024,3.1,green,green,55.2260573651,48.8089450656
2021-04-04T18:53:59.313Z,118,<15,5,56,  1-5  ,<15,None,4.9,0,0.0243902439024,3.1,green,green,55.2260573651,48.8089450656
2021-04-05T06:13:36.007Z,118,<15,5,65,  1-5  ,<15,None,4.9,0,0.0208333333333,3.1,green,green,55.2746718522,49.1006319883
2021-04-05T14:12:33.857Z,118,<15,5,67,  1-5  ,<15,None,4.9,0,0.0208333333333,3.1,green,green,55.2746718522,49.1006319883
2021-04-05T18:35:23.977Z,118,<15,5,68,  1-5  ,<15,None,4.9,0,0.0208333333333,3.1,green,green,55.2746718522,49.1006319883
2021-04-06T06:13:24.233Z,118,<15,5,67,  1-5  ,<15,None,4.9,0,0.0196078431372,3.3,green,green,55.4205153136,49.4409333982
2021-04-06T15:49:06.867Z,118,<15,5,69,  1-5  ,<15,None,4.9,0,0.0196078431372,3.3,green,green,55.4205153136,49.4409333982
2021-04-07T06:21:49.690Z,118,<15,5,60,  1-5  ,<15,None,4.9,0,0.0208333333333,3.6,green,green,55.4691298007,49.5867768595
2021-04-07T13:32:01.910Z,118,<15,5,60,  1-5  ,<15,None,4.9,0,0.0208333333333,3.6,green,green,55.4691298007,49.5867768595
2021-04-07T18:30:08.680Z,118,<15,5,60,  1-5  ,<15,None,4.9,0,0.0208333333333,3.6,green,green,55.4691298007,49.5867768595
2021-04-08T06:05:24.997Z,118,<15,5,50,  0  ,<15,None,4.9,0,0.0263157894736,3.9,green,green,55.4691298007,49.8784637822
2021-04-08T14:12:40.223Z,118,<15,5,50,  0  ,<15,None,4.9,0,0.0263157894736,3.9,green,green,55.4691298007,49.8784637822
2021-04-08T19:16:17.017Z,118,<15,5,51,  0  ,<15,None,4.9,0,0.0263157894736,3.9,green,green,55.4691298007,49.8784637822
2021-04-09T05:57:12.460Z,118,<15,5,45,  0  ,<15,None,0.0,0,0,3.6,green,green,55.614973262,49.9270782693
2021-04-09T13:12:08.223Z,118,<15,5,45,  0  ,<15,None,0.0,0,0,3.6,green,green,55.614973262,49.9270782693
2021-04-10T16:32:56.560Z,118,<15,5,37,  0  ,<15,None,0.0,0,0,3.3,green,green,55.614973262,50.0243072436
2021-04-10T18:08:00.420Z,118,<15,5,37,  0  ,<15,None,0.0,0,0,3.3,green,green,55.614973262,50.0243072436
2021-04-11T05:22:09.037Z,118,<15,5,37,  0  ,<15,None,0.0,0,0,3.1,green,green,55.614973262,50.0243072436
2021-04-11T14:00:03.610Z,118,<15,5,38,  0  ,<15,None,0.0,0,0,3.1,green,green,55.614973262,50.0243072436
2021-04-11T19:08:17.183Z,118,<15,5,38,  0  ,<15,None,0.0,0,0,3.1,green,green,55.614973262,50.0243072436
2021-04-12T06:26:38.847Z,118,<15,5,40,  0  ,<15,None,0.0,0,0,2.8,green,green,55.7608167234,50.8021390374
2021-04-12T14:46:50.723Z,118,<15,5,41,  0  ,<15,None,0.0,0,0,2.8,green,green,55.7608167234,50.8021390374
2021-04-12T19:01:54.870Z,118,<15,5,43,  0  ,<15,None,0.0,0,0,2.8,green,green,55.7608167234,50.8021390374
2021-04-13T03:25:27.197Z,118,<15,5,33,  0  ,<15,None,0.0,0,0,2.5,green,green,55.8580456976,50.8993680117
2021-04-13T14:33:32.113Z,118,0,0,33,  0  ,<15,None,0.0,0,0,2.5,green,green,55.8580456976,50.8993680117
2021-04-14T05:20:44.447Z,118,0,0,25,  0  , 0 ,0.0,0.0,0,0,2.3,green,green,55.8580456976,50.9479824988
2021-04-14T14:38:17.450Z,118,0,0,25,  0  , 0 ,0.0,0.0,0,0,2.3,green,green,55.8580456976,50.9965969859
2021-04-15T14:57:40.860Z,119,0,0,27,  0  , 0 ,0.0,0.0,0,0,2,green,green,56.003889159,51.045211473
2021-04-15T19:12:26.047Z,119,0,0,29,  0  , 0 ,0.0,0.0,0,0,2,green,green,56.0525036461,51.045211473
2021-04-16T05:05:25.020Z,118,0,0,27,  0  , 0 ,0.0,0.0,0,0,2,green,green,56.0525036461,51.045211473
2021-04-16T12:53:25.723Z,118,0,0,28,  0  , 0 ,0.0,0.0,0,0,2,green,green,56.003889159,51.045211473
2021-04-17T17:31:37.623Z,118,0,0,29,  0  , 0 ,0.0,0.0,0,0,2,green,green,56.003889159,51.1910549344
2021-04-17T19:12:57.203Z,118,0,0,29,  0  , 0 ,0.0,0.0,0,0,2,green,green,56.003889159,51.1910549344
2021-04-18T05:57:45.680Z,118,0,0,29,  0  , 0 ,0.0,0.0,0,0,2,green,green,56.003889159,51.1910549344
2021-04-18T14:06:40.400Z,118,0,0,30,  0  , 0 ,0.0,0.0,0,0,2,green,green,56.003889159,51.1910549344
2021-04-18T18:56:41.860Z,118,0,0,30,  0  , 0 ,0.0,0.0,0,0,2,green,green,56.003889159,51.1910549344
2021-04-19T05:55:13.617Z,118,0,0,29,  0  , 0 ,0.0,0.0,0,0,2,green,green,56.0525036461,51.43412737
2021-04-20T05:54:50.073Z,118,0,0,17,  0  , 0 ,0.0,0.0,0,0,2,green,green,56.1011181332,51.4827418571
2021-04-20T18:15:45.000Z,118,0,0,17,  0  , 0 ,0.0,0.0,0,0,2,green,green,56.1011181332,51.4827418571
2021-04-21T06:04:26.090Z,118,0,0,14,  0  , 0 ,0.0,0.0,0,0,2,green,green,56.1011181332,51.8230432669
2021-04-21T14:27:28.480Z,118,0,0,14,  0  , 0 ,0.0,0.0,0,0,2,green,green,56.1011181332,51.8230432669
2021-04-21T18:05:05.053Z,118,0,0,14,  0  , 0 ,0.0,0.0,0,0,2,green,green,56.1011181332,51.8230432669
2021-04-22T07:44:47.127Z,118,0,0,16,  0  , 0 ,0.0,0.0,0,0,2,green,green,56.1011181332,51.8230432669
2021-04-22T14:49:10.390Z,118,0,0,17,  0  , 0 ,0.0,0.0,0,0,2,green,green,56.1011181332,51.8230432669
2021-04-22T18:40:46.340Z,118,0,0,18,  0  , 0 ,0.0,0.0,0,0,2,green,green,56.1011181332,51.8230432669
2021-04-23T05:46:37.967Z,118,0,0,16,  0  , 0 ,0.0,0.0,0,0,2,green,green,56.1983471074,51.871657754
2021-04-23T13:43:14.383Z,118,0,0,18,  0  , 0 ,0.0,0.0,0,0,2,green,green,56.1983471074,51.871657754
2021-04-24T16:29:13.513Z,118,0,0,16,  0  , 0 ,0.0,0.0,0,0,2,green,green,56.1983471074,51.871657754
2021-04-24T18:08:06.173Z,118,0,0,17,  0  , 0 ,0.0,0.0,0,0,2,green,green,56.2469615946,51.871657754
2021-04-25T06:14:11.900Z,118,0,0,20,  0  , 0 ,0.0,0.0,0,0,2,green,green,56.2469615946,51.871657754
2021-04-25T14:54:20.167Z,118,0,0,21,  0  , 0 ,0.0,0.0,0,0,2,green,green,56.2469615946,51.871657754
2021-04-25T19:11:11.000Z,118,0,0,21,  0  , 0 ,0.0,0.0,0,0,2,green,green,56.2469615946,51.871657754
2021-04-26T06:45:25.760Z,118,0,0,20,  0  , 0 ,0.0,0.0,0,0,2,green,green,56.3441905688,51.871657754
2021-04-26T15:28:36.330Z,118,0,0,22,  0  , 0 ,0.0,0.0,0,0,2,green,green,56.3928050559,51.9202722411
2021-04-26T16:54:05.590Z,118,0,0,24,  0  , 0 ,0.0,0.0,0,0,2,green,green,56.3928050559,51.9202722411
2021-04-27T05:18:41.933Z,118,0,0,22,  0  , 0 ,0.0,0.0,0,0,2,green,green,56.4900340301,52.0175012154
2021-04-27T14:28:58.050Z,118,0,0,23,  0  , 0 ,0.0,0.0,0,0,2,green,green,56.4900340301,52.0175012154
2021-04-27T18:33:24.007Z,118,0,0,23,  0  , 0 ,0.0,0.0,0,0,2,green,green,56.4900340301,52.0175012154
2021-04-28T06:46:16.207Z,118,0,0,25,  0  , 0 ,0.0,0.0,0,0,2,green,green,56.5386485173,52.0661157025
2021-04-28T13:46:10.900Z,118,0,0,25,  0  , 0 ,0.0,0.0,0,0,2,green,green,56.5386485173,52.0661157025
2021-04-28T17:41:28.710Z,119,0,0,25,  0  , 0 ,0.0,0.0,0,0,2,green,green,56.5386485173,52.0661157025
2021-04-29T06:55:02.423Z,119,0,0,24,  0  , 0 ,0.0,0.0,0,0,2,green,green,56.6844919786,52.1633446767
2021-04-29T14:17:50.233Z,119,0,0,24,  0  , 0 ,0.0,0.0,0,0,2,green,green,56.6844919786,52.1633446767
2021-04-29T18:23:32.763Z,119,0,0,24,  0  , 0 ,0.0,0.0,0,0,2,green,green,56.6844919786,52.1633446767
2021-04-30T05:33:35.283Z,119,0,0,19,  0  , 0 ,0.0,0.0,0,0,2,green,green,56.6844919786,52.1633446767
2021-04-30T13:31:32.530Z,119,0,0,19,  0  , 0 ,0.0,0.0,0,0,2,green,green,56.6844919786,52.1633446767
2021-05-02T06:00:04.297Z,119,0,0,12,  0  , 0 ,0.0,0.0,0,0,2,green,green,56.7331064657,52.3091881381
2021-05-02T14:30:19.397Z,119,0,0,11,  0  , 0 ,0.0,0.0,0,0,2,green,green,56.7331064657,52.2605736509
2021-05-02T18:42:32.317Z,120,<15,5,12,  1-5  , 0 ,0.0,0.0,0,0,2,green,green,56.7331064657,52.2605736509
2021-05-03T05:31:54.437Z,120,<15,5,11,  1-5  ,<15,None,4.9,0,0.111111111111,2.4,green,green,56.7331064657,52.4550315994
2021-05-03T14:28:36.743Z,121,<15,10,15,  1-5  ,<15,None,4.9,0,0.111111111111,2.4,green,green,56.6844919786,52.4064171123
2021-05-04T06:01:14.157Z,121,<15,10,11,  1-5  ,<15,None,9.7,0,0.25,3.1,green,green,0,0
2021-05-04T09:22:56.667Z,121,<15,10,16,  1-5  ,<15,None,9.7,0,0.2,2.7,green,green,56.6844919786,52.4064171123
2021-05-04T14:29:20.167Z,121,<15,10,16,  1-5  ,<15,None,9.7,0,0.2,2.7,green,green,56.6844919786,52.4064171123
2021-05-04T18:11:48.903Z,121,<15,10,16,  1-5  ,<15,None,9.7,0,0.2,2.7,green,green,56.6844919786,52.4064171123
2021-05-05T05:48:19.120Z,121,<15,10,17,  1-5  ,<15,None,9.7,0,0.142857142857,3.1,green,green,56.6844919786,52.4064171123
2021-05-05T15:49:29.550Z,121,<15,10,18,  1-5  ,<15,None,9.7,0,0.142857142857,3.1,green,green,56.6844919786,52.4064171123
2021-05-05T19:23:16.780Z,121,<15,10,18,  1-5  ,<15,None,9.7,0,0.142857142857,3.1,green,green,56.6844919786,52.4064171123
2021-05-06T05:38:31.890Z,121,<15,10,17,  1-5  ,<15,None,9.7,0,0.125,3.4,green,green,56.6844919786,52.5036460865
2021-05-06T08:53:58.660Z,121,<15,10,17,  1-5  ,<15,None,9.7,0,0.125,3.4,green,green,56.6844919786,52.5036460865
2021-05-06T14:38:00.710Z,121,<15,10,17,  1-5  ,<15,None,9.7,0,0.125,3.4,green,green,56.6844919786,52.5036460865
2021-05-06T18:20:13.867Z,121,<15,10,17,  1-5  ,<15,None,9.7,0,0.125,3.4,green,green,56.6844919786,52.5036460865
2021-05-07T05:11:26.550Z,121,<15,10,19,  1-5  ,<15,None,9.7,0,0.125,3.8,green,green,56.6844919786,52.5522605737
2021-05-07T13:21:51.107Z,121,<15,10,21,  1-5  ,<15,None,9.7,0,0.125,3.8,green,green,56.6844919786,52.5522605737
2021-05-08T16:25:14.200Z,121,<15,10,21,  1-5  ,<15,None,9.7,0,0.111111111111,4.1,green,green,56.6844919786,52.5522605737
2021-05-08T19:52:05.227Z,121,<15,10,21,  1-5  ,<15,None,9.7,0,0.111111111111,4.1,green,green,56.6844919786,52.5522605737
2021-05-09T05:27:52.780Z,121,<15,10,24,  1-5  ,<15,None,9.7,0,0.111111111111,4.5,green,green,56.6844919786,52.5522605737
2021-05-09T18:25:24.747Z,121,<15,10,24,  1-5  ,<15,None,9.7,0,0.111111111111,4.5,green,green,56.6844919786,52.5522605737
2021-05-10T05:46:42.653Z,121,<15,10,27,  0  ,<15,None,4.9,0,0.047619047619,4.5,green,green,56.6844919786,52.6494895479
2021-05-10T14:58:06.113Z,121,<15,10,27,  0  ,<15,None,4.9,0,0.047619047619,4.5,green,green,56.6844919786,52.6494895479
2021-05-10T18:28:52.590Z,121,<15,10,27,  0  ,<15,None,4.9,0,0.047619047619,4.5,green,green,56.6358774915,52.6008750608
2021-05-11T05:49:06.293Z,121,<15,10,30,  0  ,<15,None,0.0,0,0,4.1,green,green,56.6358774915,52.698104035
2021-05-11T10:02:00.133Z,121,<15,10,30,  0  ,<15,None,0.0,0,0,4.1,green,green,56.6358774915,52.698104035
2021-05-11T14:22:30.880Z,121,<15,10,31,  0  ,<15,None,0.0,0,0,4.1,green,green,56.6358774915,52.698104035
2021-05-12T05:54:22.940Z,121,<15,10,28,  0  ,<15,None,0.0,0,0,3.7,green,green,56.6358774915,52.7467185221
2021-05-12T14:03:02.203Z,121,<15,10,28,  0  ,<15,None,0.0,0,0,3.7,green,green,56.6358774915,52.7467185221
2021-05-13T06:24:16.053Z,121,<15,10,27,  0  ,<15,None,0.0,0,0,3.4,green,green,56.6358774915,52.7467185221
2021-05-13T15:27:31.550Z,121,<15,10,27,  0  ,<15,None,0.0,0,0,3.4,green,green,56.6358774915,52.7467185221
2021-05-14T06:43:40.330Z,121,<15,10,27,  0  ,<15,None,0.0,0,0,3,green,green,56.6358774915,52.7953330092
2021-05-14T14:05:38.067Z,121,<15,10,27,  0  ,<15,None,0.0,0,0,3,green,green,56.6358774915,52.7953330092
2021-05-15T16:21:21.320Z,121,<15,10,23,  0  ,<15,None,0.0,0,0,2.7,green,green,56.6358774915,52.7953330092
2021-05-15T19:16:57.847Z,121,<15,10,23,  0  ,<15,None,0.0,0,0,2.7,green,green,56.6358774915,52.7953330092
2021-05-16T06:17:21.990Z,121,<15,10,23,  0  ,<15,None,0.0,0,0,2.3,green,green,56.6358774915,52.7953330092
2021-05-16T13:40:55.203Z,121,<15,5,23,  0  ,<15,None,0.0,0,0,2.3,green,green,56.6358774915,52.7953330092
2021-05-16T14:35:27.767Z,121,<15,5,23,  0  ,<15,None,0.0,0,0,2.3,green,green,56.6358774915,52.7953330092
2021-05-17T19:27:22.027Z,121,<15,5,21,  0  ,<15,None,0.0,0,0,2,green,green,56.6358774915,52.7953330092
2021-05-18T05:51:13.577Z,121,<15,5,17,  0  ,<15,None,0.0,0,0,2,green,green,56.6358774915,52.7953330092
2021-05-18T14:08:04.247Z,121,<15,5,18,  0  ,<15,None,0.0,0,0,2,green,green,56.6358774915,52.7953330092
2021-05-18T18:04:31.173Z,121,<15,5,18,  0  ,<15,None,0.0,0,0,2,green,green,56.6358774915,52.7953330092
2021-05-19T07:00:41.707Z,121,<15,5,13,  0  ,<15,None,0.0,0,0,2,green,green,56.6358774915,52.7953330092
2021-05-19T14:36:18.887Z,122,<15,10,14,  1-5  ,<15,None,0.0,0,0,2,green,green,56.6358774915,52.7953330092
2021-05-20T06:35:52.600Z,123,<15,15,12,  1-5  ,<15,None,9.7,0,0.2,2.4,green,green,56.6844919786,52.8925619835
2021-05-20T07:32:20.560Z,123,<15,15,12,  1-5  ,<15,None,9.7,0,0.2,2.4,green,green,56.6844919786,52.8925619835
2021-05-20T14:40:19.413Z,123,<15,15,12,  1-5  ,<15,None,9.7,0,0.2,2.4,green,green,56.6844919786,52.8925619835
2021-05-20T18:12:04.023Z,123,<15,15,13,  1-5  ,<15,None,9.7,0,0.2,2.4,green,green,56.6844919786,52.8925619835
2021-05-21T05:53:21.257Z,123,<15,15,15,  1-5  ,<15,None,9.7,0,0.153846153846,2.7,green,green,56.6844919786,52.9411764706
2021-05-21T14:29:19.467Z,123,<15,15,15,  1-5  ,<15,None,9.7,0,0.153846153846,2.7,green,green,56.6844919786,52.9411764706
2021-05-22T18:16:25.257Z,123,<15,15,15,  1-5  ,<15,None,9.7,0,0.153846153846,3.1,green,green,56.6844919786,52.9411764706
2021-05-23T06:20:59.457Z,123,<15,15,15,  1-5  ,<15,None,9.7,0,0.153846153846,3.4,green,green,56.6844919786,52.9411764706
2021-05-23T12:36:42.333Z,123,<15,15,16,  1-5  ,<15,None,9.7,0,0.153846153846,3.4,green,green,56.6844919786,52.9411764706
2021-05-23T14:20:49.927Z,123,<15,15,16,  1-5  ,<15,None,9.7,0,0.153846153846,3.4,green,green,56.6844919786,52.9411764706
2021-05-23T17:47:21.717Z,123,<15,15,16,  1-5  ,<15,None,9.7,0,0.153846153846,3.4,green,green,56.6844919786,52.9411764706
2021-05-24T06:47:42.513Z,124,<15,19,21,  1-5  ,<15,None,14.6,0,0.2,3.8,green,green,56.6844919786,53.0384054448
2021-05-24T14:40:46.187Z,124,<15,19,21,  1-5  ,<15,None,14.6,0,0.2,3.8,green,green,56.6844919786,53.0384054448
2021-05-24T19:53:57.180Z,124,<15,19,22,  1-5  ,<15,None,14.6,0,0.2,3.8,green,green,56.6844919786,53.0384054448
2021-05-25T06:16:53.820Z,124,<15,19,20,  1-5  ,<15,None,14.6,0,0.2,4.1,green,green,56.6844919786,53.0870199319
2021-05-25T12:28:39.623Z,124,<15,19,20,  1-5  ,<15,None,14.6,0,0.2,4.1,green,green,56.6844919786,53.0870199319
2021-05-25T14:15:36.333Z,124,<15,19,21,  1-5  ,<15,None,14.6,0,0.2,4.1,green,green,56.6844919786,53.0870199319
2021-05-25T19:22:51.423Z,124,<15,19,21,  1-5  ,<15,None,14.6,0,0.2,4.1,green,green,56.6844919786,53.0870199319
2021-05-26T06:04:42.797Z,124,<15,19,18,  1-5  ,<15,None,14.6,0,0.230769230769,4.5,green,green,56.7331064657,53.0870199319
2021-05-26T14:08:45.787Z,124,<15,19,19,  1-5  ,<15,None,14.6,0,0.230769230769,4.5,green,green,56.7331064657,53.0870199319
2021-05-27T06:20:01.507Z,124,<15,19,15,  1-5  ,<15,None,4.9,0,0.1,4.5,green,green,56.7331064657,53.0870199319
2021-05-27T15:39:11.970Z,124,<15,19,15,  1-5  ,<15,None,4.9,0,0.1,4.5,green,green,56.7331064657,53.0870199319
2021-05-27T19:19:36.513Z,124,<15,19,15,  1-5  ,<15,None,4.9,0,0.1,4.5,green,green,56.7331064657,53.0870199319
2021-05-28T06:12:55.400Z,124,<15,19,16,  1-5  ,<15,None,4.9,0,0.090909090909,4.5,green,green,56.7331064657,53.0870199319
2021-05-28T13:54:43.327Z,125,<15,15,23,  1-5  ,<15,None,4.9,0,0.090909090909,4.5,green,green,56.7817209528,53.0870199319
2021-05-29T17:29:57.017Z,125,<15,15,28,  1-5  ,<15,None,9.7,0,0.105263157895,4.5,green,green,56.7817209528,53.0870199319
2021-05-29T19:10:59.483Z,125,<15,15,28,  1-5  ,<15,None,9.7,0,0.105263157895,4.5,green,green,56.7817209528,53.0870199319
2021-05-30T06:17:39.393Z,125,<15,15,28,  1-5  ,<15,None,9.7,0,0.1,4.5,green,green,56.7817209528,53.0870199319
2021-05-30T14:24:50.760Z,125,<15,15,28,  1-5  ,<15,None,9.7,0,0.1,4.5,green,green,56.7331064657,53.0384054448
2021-05-30T17:46:12.463Z,125,<15,15,28,  1-5  ,<15,None,9.7,0,0.1,4.5,green,green,56.7331064657,53.0384054448
2021-05-31T07:44:56.747Z,125,<15,10,28,  1-5  ,<15,None,4.9,0,0.0555555555555,4.5,green,green,56.7331064657,53.0384054448
2021-05-31T14:27:58.750Z,125,<15,10,28,  1-5  ,<15,None,4.9,0,0.0555555555555,4.5,green,green,56.7331064657,53.0384054448
2021-05-31T17:52:21.793Z,125,<15,10,28,  1-5  ,<15,None,4.9,0,0.0555555555555,4.5,green,green,56.7331064657,53.0384054448
2021-06-01T06:22:49.110Z,125,<15,10,20,  1-5  ,<15,None,4.9,0,0.0625,4.4,green,green,56.83033544,53.0384054448
2021-06-01T14:17:43.583Z,125,<15,10,21,  1-5  ,<15,None,4.9,0,0.0625,4.4,green,green,56.83033544,53.0384054448
2021-06-01T19:21:33.090Z,125,<15,10,22,  1-5  ,<15,None,4.9,0,0.0625,4.4,green,green,56.83033544,53.0384054448
2021-06-02T06:57:40.420Z,125,<15,10,21,  1-5  ,<15,None,4.9,0,0.0588235294117,4.4,green,green,56.83033544,53.0384054448
2021-06-02T15:33:15.267Z,125,<15,10,22,  1-5  ,<15,None,4.9,0,0.0588235294117,4.4,green,green,56.83033544,53.0384054448
2021-06-03T14:25:17.873Z,124,<15,10,23,  1-5  ,,,,,,,,,,
2021-06-03T15:54:36.000Z,124,<15,10,23,  1-5  ,<15,None,4.9,0,0.0555555555555,4.4,green,green,56.83033544,53.0384054448
2021-06-03T19:08:47.400Z,124,<15,10,23,  1-5  ,<15,None,4.9,0,0.0555555555555,4.4,green,green,56.83033544,53.0384054448
2021-06-04T06:00:51.440Z,124,<15,10,19,  0  ,<15,None,4.9,0,0.0714285714285,4.4,green,green,56.83033544,53.0870199319
2021-06-04T14:20:06.640Z,124,<15,10,19,  0  ,<15,None,4.9,0,0.0714285714285,4.4,green,green,56.83033544,53.0870199319
2021-06-04T06:00:51.440Z,124,<15,10,19,  0  ,<15,None,4.9,0,0.0714285714285,4.4,green,green,56.83033544,53.0870199319
2021-06-05T16:23:33.690Z,124,<15,10,13,  0  ,<15,None,0.0,0,0,4,green,green,56.8789499271,53.0870199319
2021-06-05T19:23:53.650Z,124,<15,10,13,  0  ,<15,None,0.0,0,0,4,green,green,56.8789499271,53.0870199319
2021-06-06T06:01:59.857Z,124,<15,10,12,  0  ,<15,None,0.0,0,0,3.7,green,green,56.8789499271,53.0870199319
2021-06-06T15:52:21.303Z,124,<15,10,12,  0  ,<15,None,0.0,0,0,3.7,green,green,56.8789499271,53.0870199319
2021-06-06T19:28:13.617Z,124,<15,10,12,  0  ,<15,None,0.0,0,0,3.7,green,green,56.8789499271,53.0870199319
2021-06-07T08:14:20.577Z,124,<15,10,12,  0  ,<15,None,0.0,0,0,3.4,green,green,56.8789499271,53.0870199319
2021-06-07T14:35:33.537Z,124,<15,5,12,  0  ,<15,None,0.0,0,0,3.4,green,green,56.8789499271,53.0870199319
2021-06-10T05:49:22.167Z,124,<15,5,7,  0  ,<15,None,0.0,0,0,2.4,green,green,56.9275644142,53.0870199319
2021-06-10T15:42:59.250Z,124,<15,5,7,  0  ,<15,None,0.0,0,0,2.4,green,green,56.9275644142,53.0870199319
2021-06-10T19:27:27.730Z,124,<15,5,7,  0  ,<15,None,0.0,0,0,2.4,green,green,56.9275644142,53.0870199319
2021-06-11T07:04:46.033Z,124,<15,5,7,  0  ,<15,None,0.0,0,0,2,green,green,56.9761789013,53.1356344191
2021-06-11T14:07:45.657Z,124,<15,5,7,  0  ,<15,None,0.0,0,0,2,green,green,56.9761789013,53.1356344191
2021-06-12T17:24:20.043Z,124,<15,5,8,  0  ,<15,None,0.0,0,0,2,green,green,56.9761789013,53.1356344191
2021-06-13T07:25:28.430Z,124,<15,5,8,  0  ,<15,None,0.0,0,0,2,green,green,56.9761789013,53.1356344191
2021-06-13T15:54:59.183Z,124,<15,5,8,  0  ,<15,None,0.0,0,0,2,green,green,56.9761789013,53.1356344191
2021-06-13T19:38:26.150Z,124,<15,5,8,  0  ,<15,None,0.0,0,0,2,green,green,56.9761789013,53.1356344191
2021-06-14T07:07:26.110Z,124,<15,5,6,  0  ,<15,None,0.0,0,0,2,green,green,57.0734078755,53.1356344191
2021-06-14T16:02:21.137Z,124,<15,5,7,  0  ,<15,None,0.0,0,0,2,green,green,57.0734078755,53.1356344191
2021-06-14T19:43:42.977Z,124,<15,5,7,  0  ,<15,None,0.0,0,0,2,green,green,57.0734078755,53.1356344191
2021-06-15T06:16:53.550Z,124,<15,5,7,  0  ,<15,None,0.0,0,0,2,green,green,57.0734078755,53.1356344191
2021-06-16T06:38:38.303Z,124,<15,5,8,  0  ,<15,None,0.0,0,0,2,green,green,57.0734078755,53.1356344191
2021-06-16T11:15:48.423Z,124,<15,5,8,  0  ,<15,None,0.0,0,0,2,green,green,57.0734078755,53.1356344191
2021-06-17T05:15:54.010Z,124,<15,5,12,  0  ,<15,None,0.0,0,0,2,green,green,57.1706368498,53.1356344191
2021-06-17T17:40:22.670Z,124,<15,5,14,  0  ,<15,None,0.0,0,0,2,green,green,57.1706368498,53.1356344191
2021-06-17T19:56:47.077Z,124,<15,5,14,  0  ,<15,None,0.0,0,0,2,green,green,57.1706368498,53.1356344191
2021-06-18T04:53:27.983Z,124,<15,5,16,  0  ,<15,None,0.0,0,0,2,green,green,57.2192513369,53.1356344191
2021-06-18T13:52:20.710Z,124,<15,5,16,  0  ,<15,None,0.0,0,0,2,green,green,57.2192513369,53.1356344191
2021-06-19T17:40:17.850Z,124,<15,5,21,  0  ,<15,None,0.0,0,0,2,green,green,57.2192513369,53.1356344191
2021-06-19T20:23:28.837Z,124,<15,5,21,  0  ,<15,None,0.0,0,0,2,green,green,57.2192513369,53.1356344191
2021-06-20T05:57:22.623Z,124,<15,5,20,  0  ,<15,None,0.0,0,0,2,green,green,57.2192513369,53.1356344191
2021-06-20T14:55:17.173Z,124,<15,5,23,  0  ,<15,None,0.0,0,0,2,green,green,57.2192513369,53.1356344191
2021-06-20T18:44:26.277Z,124,<15,5,28,  0  ,<15,None,0.0,0,0,2,green,green,57.2192513369,53.1356344191
2021-06-21T06:19:29.220Z,124,<15,5,29,  0  ,<15,None,0.0,0,0,2,green,green,57.267865824,53.1356344191
2021-06-21T14:36:55.670Z,124,<15,5,29,  0  ,<15,None,0.0,0,0,2,green,green,57.267865824,53.1356344191
2021-06-21T18:28:53.127Z,124,<15,5,29,  0  ,<15,None,0.0,0,0,2,green,green,57.267865824,53.1356344191
2021-06-22T06:59:59.613Z,124,<15,5,28,  0  ,<15,None,0.0,0,0,2,green,green,57.267865824,53.1356344191
2021-06-22T16:06:34.857Z,124,<15,5,31,  0  ,<15,None,0.0,0,0,2,green,green,57.267865824,53.1356344191
2021-06-23T06:18:22.720Z,124,<15,5,30,  0  ,<15,None,0.0,0,0,2,green,green,57.5109382596,53.1356344191
2021-06-23T14:19:43.610Z,124,<15,5,33,  0  ,<15,None,0.0,0,0,2,green,green,57.5109382596,53.1356344191
2021-06-24T06:21:20.417Z,124,<15,5,33,  0  ,<15,None,0.0,0,0,2,green,green,57.5109382596,53.1356344191
2021-06-24T14:39:22.787Z,124,<15,5,34,  0  ,<15,None,0.0,0,0,2,green,green,57.5109382596,53.1356344191
2021-06-24T19:21:07.107Z,124,<15,5,37,  0  ,<15,None,0.0,0,0,2,green,green,57.5109382596,53.1356344191
2021-06-25T05:26:25.430Z,124,<15,5,34,  0  ,<15,None,0.0,0,0,2,green,green,57.5109382596,53.1842489062
2021-06-25T14:20:18.037Z,124,<15,5,34,  0  ,<15,None,0.0,0,0,2,green,green,57.5109382596,53.1842489062
2021-06-26T17:14:11.500Z,124,<15,5,39,  0  ,<15,None,0.0,0,0,2,green,green,57.5109382596,53.1842489062
2021-06-26T18:55:49.380Z,124,<15,5,39,  0  ,<15,None,0.0,0,0,2,green,green,57.5109382596,53.1842489062
2021-06-27T05:44:40.707Z,124,<15,5,33,  0  ,<15,None,0.0,0,0,2,green,green,57.5109382596,53.1842489062
2021-06-27T14:03:20.380Z,124,<15,5,35,  0  ,<15,None,0.0,0,0,2,green,green,57.5109382596,53.1842489062
2021-06-28T07:41:43.020Z,124,<15,5,29,  0  ,<15,None,0.0,0,0,2,green,green,57.5109382596,53.1842489062
2021-06-28T16:15:05.127Z,124,<15,5,28,  0  ,<15,None,0.0,0,0,2,green,green,57.5109382596,53.1842489062
2021-06-28T19:14:53.913Z,124,<15,5,29,  0  ,<15,None,0.0,0,0,2,green,green,57.5109382596,53.1842489062
2021-06-29T05:14:24.157Z,124,<15,5,38,  0  ,<15,None,0.0,0,0,2,green,green,57.5595527467,53.1842489062
2021-06-29T15:46:35.533Z,124,<15,5,38,  0  ,<15,None,0.0,0,0,2,green,green,57.5595527467,53.1842489062
2021-06-30T06:05:20.360Z,124,<15,5,42,  0  ,<15,None,0.0,0,0,2,green,green,57.5595527467,53.1842489062
2021-06-30T14:54:27.923Z,124,<15,5,44,  0  ,<15,None,0.0,0,0,2,green,green,57.5595527467,53.1842489062
2021-07-01T05:33:32.610Z,124,<15,5,44,  0  ,<15,None,0.0,0,0,2,green,green,57.5595527467,53.1842489062
2021-07-01T15:57:38.517Z,124,<15,5,48,  0  ,<15,None,0.0,0,0,2,green,green,57.5595527467,53.1842489062
2021-07-01T18:54:42.150Z,124,<15,5,48,  0  ,<15,None,0.0,0,0,2,green,green,57.5595527467,53.1842489062
2021-07-02T07:06:22.223Z,124,<15,5,43,  0  ,<15,None,0.0,0,0,2,green,green,57.5595527467,53.1842489062
2021-07-02T14:42:53.097Z,124,<15,5,47,  0  ,<15,None,0.0,0,0,2,green,green,57.5595527467,53.1842489062
2021-07-03T17:48:41.407Z,124,<15,5,44,  0  ,,,,,,,,,,
2021-07-03T18:36:23.440Z,124,<15,5,44,  0  ,<15,None,0.0,0,0,2,green,green,57.5595527467,53.1842489062
2021-07-04T05:31:10.540Z,124,<15,5,40,  0  ,<15,None,0.0,0,0,2,green,green,57.5595527467,53.1842489062
2021-07-04T11:45:01.970Z,124,<15,5,40,  0  ,<15,None,0.0,0,0,2,green,green,57.5595527467,53.1842489062
2021-07-04T15:07:15.807Z,124,<15,5,40,  0  ,<15,None,0.0,0,0,2,green,green,57.5595527467,53.1842489062
2021-07-04T19:57:29.400Z,124,<15,5,40,  0  ,<15,None,0.0,0,0,2,green,green,57.5595527467,53.1842489062
2021-07-05T05:40:02.197Z,124,<15,5,46,  0  ,<15,None,0.0,0,0,2,green,green,57.5595527467,53.2328633933
2021-07-05T09:50:05.000Z,124,<15,5,48,  0  ,<15,None,0.0,0,0,2,green,green,57.5595527467,53.2328633933
2021-07-05T15:02:00.617Z,124,<15,5,52,  0  ,<15,None,0.0,0,0,2,green,green,57.5595527467,53.2328633933
2021-07-05T19:17:24.430Z,124,<15,5,53,  0  ,<15,None,0.0,0,0,2,green,green,57.5595527467,53.2328633933
2021-07-06T05:41:52.273Z,124,<15,5,56,  0  ,<15,None,0.0,0,0,2,green,green,57.656781721,53.2328633933
2021-07-06T15:11:58.913Z,124,<15,5,56,  0  ,<15,None,0.0,0,0,2,green,green,57.656781721,53.2328633933
2021-07-07T05:12:23.060Z,124,0,0,48,  0  ,<15,None,0.0,0,0,2,green,green,57.9484686437,53.2814778804
2021-07-07T15:04:42.117Z,124,0,0,51,  0  ,<15,None,0.0,0,0,2,green,green,57.9484686437,53.2814778804
2021-07-08T06:15:10.473Z,124,0,0,61,  0  , 0 ,0.0,0.0,0,0,2,green,green,58.094312105,53.2814778804
2021-07-08T15:21:50.163Z,124,0,0,67,  0  , 0 ,0.0,0.0,0,0,2,green,green,58.3373845406,53.6703937773
2021-07-08T20:27:39.697Z,124,0,0,67,  0  , 0 ,0.0,0.0,0,0,2,green,green,58.3373845406,53.6703937773
2021-07-09T06:08:43.453Z,124,0,0,64,  0  , 0 ,0.0,0.0,0,0,2,green,green,58.3373845406,53.7190082645
2021-07-09T14:30:59.603Z,124,0,0,70,  0  , 0 ,0.0,0.0,0,0,2,green,green,58.3373845406,53.7190082645
2021-07-10T17:49:07.477Z,124,0,0,65,  0  , 0 ,0.0,0.0,0,0,2,green,green,58.3373845406,53.7190082645
2021-07-10T19:18:40.997Z,124,0,0,65,  0  , 0 ,0.0,0.0,0,0,2,green,green,58.3373845406,53.7190082645
2021-07-11T05:41:54.383Z,124,0,0,70,  0  , 0 ,0.0,0.0,0,0,2,green,green,58.3373845406,53.7190082645
2021-07-11T15:00:09.350Z,124,0,0,74,  0  , 0 ,0.0,0.0,0,0,2,green,green,58.3373845406,53.7190082645
2021-07-11T18:58:26.320Z,124,0,0,76,  0  , 0 ,0.0,0.0,0,0,2,green,green,58.3373845406,53.7190082645
2021-07-12T06:04:01.223Z,124,0,0,79,  0  , 0 ,0.0,0.0,0,0,2,green,green,58.3859990277,53.7676227516
2021-07-13T05:50:36.560Z,124,0,0,41,  0  , 0 ,0.0,0.0,0,0,2,green,green,58.4346135148,53.7676227516
2021-07-13T14:54:08.160Z,124,0,0,44,  0  , 0 ,0.0,0.0,0,0,2,green,green,58.4346135148,53.7676227516
2021-07-13T19:21:23.227Z,125,<15,5,45,  1-5  , 0 ,0.0,0.0,0,0,2,green,green,58.4346135148,53.7676227516
2021-07-14T05:57:11.593Z,125,<15,5,50,  1-5  , 0 ,0.0,0.0,0,0,2,green,green,58.4346135148,53.7676227516
2021-07-14T14:39:21.903Z,124,0,0,50,  0  ,<15,None,4.9,0,0.0285714285714,2.3,green,green,58.5318424891,54.0106951872
2021-07-15T05:51:13.727Z,124,0,0,46,  0  ,,,,,,,,,,
2021-07-15T15:32:48.210Z,124,0,0,47,  0  , 0 ,0.0,0.0,0,0,2,green,green,58.5318424891,54.0106951872
2021-07-15T18:46:10.370Z,124,0,0,50,  0  , 0 ,0.0,0.0,0,0,2,green,green,58.5318424891,54.0106951872
2021-07-16T05:58:14.603Z,124,0,0,53,  0  , 0 ,0.0,0.0,0,0,2,green,green,58.6290714633,54.0593096743
2021-07-16T15:02:46.653Z,124,0,0,55,  0  , 0 ,0.0,0.0,0,0,2,green,green,58.6290714633,54.0593096743
2021-07-17T16:55:28.013Z,124,0,0,60,  0  , 0 ,0.0,0.0,0,0,2,green,green,58.6290714633,54.0593096743
2021-07-17T18:38:35.570Z,124,0,0,60,  0  , 0 ,0.0,0.0,0,0,2,green,green,58.6290714633,54.0593096743
2021-07-18T06:04:13.140Z,124,0,0,60,  0  ,,,,,,,,,,
2021-07-18T14:26:05.510Z,124,0,0,60,  0  , 0 ,0.0,0.0,0,0,2,green,green,58.6290714633,54.0593096743
2021-07-18T19:41:59.737Z,124,0,0,60,  0  , 0 ,0.0,0.0,0,0,2,green,green,58.6290714633,54.0593096743
2021-07-19T06:54:02.600Z,124,0,0,58,  0  , 0 ,0.0,0.0,0,0,2,green,green,58.6290714633,54.0593096743
2021-07-19T14:55:29.213Z,124,0,0,62,  0  , 0 ,0.0,0.0,0,0,2,green,green,58.6290714633,54.0593096743
2021-07-19T18:59:32.880Z,124,0,0,63,  0  , 0 ,0.0,0.0,0,0,2,green,green,58.6290714633,54.0593096743
2021-07-20T05:25:48.857Z,124,0,0,67,  0  , 0 ,0.0,0.0,0,0,2,green,green,58.6290714633,54.0593096743
2021-07-20T14:28:24.753Z,124,0,0,70,  0  , 0 ,0.0,0.0,0,0,2,green,green,58.6290714633,54.0593096743
2021-07-20T18:47:01.990Z,124,0,0,70,  0  , 0 ,0.0,0.0,0,0,2,green,green,58.6290714633,54.0593096743
2021-07-21T06:14:58.360Z,124,0,0,71,  0  , 0 ,0.0,0.0,0,0,2,green,green,58.6290714633,54.0593096743
2021-07-21T16:23:34.280Z,124,0,0,71,  0  , 0 ,0.0,0.0,0,0,2,green,green,58.6290714633,54.0593096743
2021-07-22T06:07:05.060Z,124,0,0,66,  0  , 0 ,0.0,0.0,0,0,2,green,green,58.6290714633,54.0593096743
2021-07-22T15:27:27.733Z,124,0,0,69,  0  , 0 ,0.0,0.0,0,0,2,green,green,58.6290714633,54.0593096743
2021-07-22T18:55:48.953Z,124,0,0,70,  0  , 0 ,0.0,0.0,0,0,2,green,green,58.6290714633,54.0593096743
2021-07-23T06:15:22.773Z,124,0,0,58,  0  , 0 ,0.0,0.0,0,0,2,green,green,58.6290714633,54.0593096743
2021-07-23T13:49:49.150Z,124,0,0,79,  0  , 0 ,0.0,0.0,0,0,2,green,green,58.6290714633,54.0593096743
2021-07-24T17:32:59.610Z,124,0,0,85,  0  , 0 ,0.0,0.0,0,0,2,green,green,58.6290714633,54.0593096743
2021-07-24T19:25:13.863Z,124,0,0,85,  0  , 0 ,0.0,0.0,0,0,2,green,green,58.6290714633,54.0593096743
2021-07-25T06:20:49.957Z,124,0,0,82,  0  , 0 ,0.0,0.0,0,0,2,green,green,58.6290714633,54.0593096743
2021-07-25T14:49:41.007Z,124,0,0,93,  0  , 0 ,0.0,0.0,0,0,2,green,green,58.6290714633,54.0593096743
2021-07-25T18:20:10.677Z,124,0,0,91,  0  , 0 ,0.0,0.0,0,0,2,green,green,58.6290714633,54.0593096743
2021-07-26T06:56:33.477Z,124,0,0,90,  0  , 0 ,0.0,0.0,0,0,2,green,green,58.7263004375,54.1079241614
2021-07-26T16:58:18.217Z,124,0,0,103,  0  , 0 ,0.0,0.0,0,0,2,green,green,58.7263004375,54.1079241614
2021-07-26T18:48:23.747Z,124,0,0,103,  0  , 0 ,0.0,0.0,0,0,2,green,green,58.7263004375,54.1079241614
2021-07-27T06:21:45.290Z,124,0,0,96,  0  , 0 ,0.0,0.0,0,0,2,green,green,58.7263004375,54.2051531356
2021-07-27T14:01:34.117Z,124,0,0,96,  0  , 0 ,0.0,0.0,0,0,2,green,green,58.7263004375,54.2051531356
2021-07-27T18:34:15.450Z,124,0,0,96,  0  , 0 ,0.0,0.0,0,0,2,green,green,58.7263004375,54.2051531356
2021-07-28T05:53:55.587Z,124,0,0,101,  0  , 0 ,0.0,0.0,0,0,2,green,green,58.8235294118,54.4482255712
2021-07-28T14:57:53.140Z,124,0,0,107,  0  , 0 ,0.0,0.0,0,0,2,green,green,58.8235294118,54.4482255712
2021-07-28T18:53:16.703Z,124,0,0,108,  0  , 0 ,0.0,0.0,0,0,2,green,green,58.8235294118,54.4482255712
2021-07-29T05:31:18.833Z,124,0,0,124,  0  , 0 ,0.0,0.0,0,0,2,green,green,58.8235294118,54.4482255712
2021-07-29T15:31:03.843Z,124,0,0,125,  0  , 0 ,0.0,0.0,0,0,2,green,green,58.8235294118,54.4482255712
2021-07-30T02:39:04.480Z,123,0,0,118,  0  ,,,,,,,,,,
2021-07-30T08:25:40.860Z,123,0,0,125,  0  , 0 ,0.0,0.0,0,0,2,green,green,59.0666018474,54.5940690326
2021-07-30T14:27:03.337Z,123,0,0,134,  0  , 0 ,0.0,0.0,0,0,2,green,green,59.0666018474,54.5940690326
2021-07-31T16:35:46.343Z,123,0,0,123,  0  , 0 ,0.0,0.0,0,0,2,green,green,59.2124453087,54.5940690326
2021-07-31T19:29:11.767Z,123,0,0,123,  0  , 0 ,0.0,0.0,0,0,2,green,green,59.2124453087,54.5940690326
2021-08-01T05:30:52.520Z,123,0,0,128,  0  , 0 ,0.0,0.0,0,0,2,green,green,59.2124453087,54.5940690326
2021-08-01T13:20:12.123Z,123,0,0,131,  0  , 0 ,0.0,0.0,0,0,2,green,green,59.2124453087,54.5940690326
2021-08-01T15:58:29.037Z,123,0,0,131,  0  , 0 ,0.0,0.0,0,0,2,green,green,59.2124453087,54.5940690326
2021-08-01T18:36:34.247Z,123,0,0,131,  0  , 0 ,0.0,0.0,0,0,2,green,green,59.2124453087,54.5940690326
2021-08-02T06:18:28.750Z,123,0,0,128,  0  , 0 ,0.0,0.0,0,0,2,green,green,59.3096742829,54.5940690326
2021-08-02T15:08:55.410Z,123,0,0,132,  0  , 0 ,0.0,0.0,0,0,2,green,green,59.1152163345,54.4482255712
2021-08-02T19:16:46.480Z,123,0,0,134,  0  , 0 ,0.0,0.0,0,0,2,green,green,59.1152163345,54.4482255712
2021-08-03T05:50:40.487Z,123,0,0,130,  0  , 0 ,0.0,0.0,0,0,2,green,green,59.1638308216,54.5454545455
2021-08-03T09:26:04.733Z,123,0,0,133,  0  , 0 ,0.0,0.0,0,0,2,green,green,59.4069032572,54.788526981
2021-08-03T14:00:01.643Z,123,0,0,132,  0  , 0 ,0.0,0.0,0,0,2,green,green,59.4069032572,54.788526981
2021-08-03T16:24:08.360Z,123,0,0,133,  0  , 0 ,0.0,0.0,0,0,2,green,green,59.4069032572,54.788526981
2021-08-04T05:10:39.080Z,123,0,0,122,  0  , 0 ,0.0,0.0,0,0,2,green,green,59.4069032572,54.8371414682
2021-08-04T12:34:25.790Z,123,0,0,123,  0  , 0 ,0.0,0.0,0,0,2,green,green,59.4069032572,54.8371414682
2021-08-04T14:12:06.543Z,123,0,0,123,  0  , 0 ,0.0,0.0,0,0,2,green,green,59.4069032572,54.8371414682
2021-08-05T05:08:35.333Z,124,<15,5,106,  1-5  ,<15,None,4.9,0,0.010101010101,2.2,green,green,59.4069032572,54.8857559553
2021-08-05T07:57:21.390Z,126,<15,15,112,  1-5  ,<15,None,4.9,0,0.010101010101,2.2,green,green,59.4069032572,54.8857559553
2021-08-05T16:24:12.390Z,126,<15,15,117,  1-5  ,<15,None,4.9,0,0.010101010101,2.2,green,green,59.4069032572,54.8857559553
2021-08-05T18:27:40.270Z,127,<15,19,123,  1-5  ,<15,None,4.9,0,0.010101010101,2.2,green,green,59.4069032572,54.8857559553
2021-08-06T05:05:18.500Z,128,<15,24,119,  1-5  ,<15,None,19.4,0,0.0380952380952,2.6,green,green,59.4069032572,54.8857559553
2021-08-06T13:57:43.627Z,128,<15,24,127,  1-5  ,<15,None,19.4,0,0.0380952380952,2.6,green,green,59.4069032572,54.8857559553
2021-08-07T18:30:14.923Z,128,<15,24,108,  1-5  ,<15,None,19.4,0,0.0434782608695,3,green,green,59.5041322314,54.8857559553
2021-08-08T05:27:59.410Z,128,<15,24,100,  1-5  ,<15,None,19.4,0,0.043956043956,3.3,green,green,59.5527467185,54.8857559553
2021-08-08T14:47:33.630Z,128,<15,19,105,  1-5  ,<15,None,19.4,0,0.043956043956,3.3,green,green,59.6985901799,55.0315994166
2021-08-08T18:45:57.450Z,128,<15,19,107,  1-5  ,<15,None,19.4,0,0.043956043956,3.3,green,green,59.6985901799,55.0315994166
2021-08-09T04:45:37.087Z,128,<15,19,94,  1-5  ,<15,None,19.4,0,0.0493827160493,3.7,green,green,59.6985901799,55.0802139037
2021-08-09T14:41:23.770Z,128,<15,19,98,  1-5  ,<15,None,19.4,0,0.0493827160493,3.7,green,green,59.6985901799,55.0802139037
2021-08-09T18:52:16.193Z,128,<15,19,100,  1-5  ,<15,None,19.4,0,0.0493827160493,3.7,green,green,59.6985901799,55.0802139037
2021-08-10T05:11:56.400Z,128,<15,19,89,  1-5  ,<15,None,19.4,0,0.0533333333333,4,green,green,59.6985901799,55.0802139037
2021-08-10T14:57:02.990Z,128,<15,19,91,  1-5  ,<15,None,19.4,0,0.0533333333333,4,green,green,59.6013612056,54.9829849295
2021-08-11T05:40:36.080Z,128,<15,19,89,  1-5  ,<15,None,19.4,0,0.0555555555555,4.4,green,green,59.6985901799,55.0315994166
2021-08-11T18:42:43.117Z,128,<15,19,108,  1-5  ,<15,None,19.4,0,0.0555555555555,4.4,green,green,59.70,55.03
2021-08-12T06:27:05.563Z,128,<15,19,111,  1-5  ,<15,None,14.6,0,0.0344827586206,4.5,green,green,59.84,55.13
2021-08-12T14:10:16.673Z,128,<15,19,113,  1-5  ,<15,None,14.6,0,0.0344827586206,4.5,green,green,59.84,55.13
2021-08-12T19:54:33.373Z,128,<15,19,113,  1-5  ,<15,None,14.6,0,0.0344827586206,4.5,green,green,59.84,55.13
2021-08-13T05:39:01.517Z,128,<15,19,99,  0  ,<15,None,0.0,0,0,4.1,green,green,59.84,55.13
2021-08-13T13:35:01.133Z,128,<15,15,102,  0  ,<15,None,0.0,0,0,4.1,green,green,59.84,55.13
2021-08-14T17:05:24.557Z,128,0,0,90,  0  ,<15,None,0.0,0,0,3.8,green,green,60.09,55.13
2021-08-14T18:13:55.773Z,128,0,0,90,  0  ,<15,None,0.0,0,0,3.8,green,green,60.09,55.13
2021-08-15T05:06:47.667Z,128,0,0,79,  0  , 0 ,0.0,0.0,0,0,3.4,green,green,60.18,55.13
2021-08-15T15:28:41.407Z,128,0,0,81,  0  , 0 ,0.0,0.0,0,0,3.4,green,green,60.18,55.13
2021-08-15T18:50:47.417Z,128,0,0,82,  0  , 0 ,0.0,0.0,0,0,3.4,green,green,60.18,55.13
2021-08-16T05:00:51.817Z,128,0,0,78,  0  , 0 ,0.0,0.0,0,0,3.1,green,green,60.18,55.18
2021-08-16T07:27:31.567Z,128,0,0,78,  0  , 0 ,0.0,0.0,0,0,3.1,green,green,60.18,55.18
2021-08-16T18:53:01.390Z,128,0,0,89,  0  , 0 ,0.0,0.0,0,0,3.1,green,green,60.18,55.18
2021-08-17T05:52:24.260Z,130,<15,10,86,  1-5  ,<15,None,4.9,0,0.015625,3,green,green,60.48,55.18
2021-08-17T14:18:42.967Z,130,<15,10,90,  1-5  ,<15,None,4.9,0,0.015625,3,green,green,60.48,55.18
2021-08-17T19:06:03.547Z,130,<15,10,95,  1-5  ,<15,None,4.9,0,0.015625,3,green,green,60.48,55.18
2021-08-18T05:57:19.910Z,130,<15,10,79,  1-5  ,<15,None,9.7,0,0.0307692307692,3,green,green,60.53,55.23
2021-08-18T14:28:17.797Z,130,<15,10,85,  1-5  ,<15,None,9.7,0,0.0307692307692,3,green,green,60.53,55.23
2021-08-19T05:19:39.420Z,132,<15,19,84,  1-5  ,<15,None,14.6,0,0.046875,3,green,green,60.57,55.23
2021-08-19T16:20:11.443Z,132,<15,19,86,  1-5  ,<15,None,14.6,0,0.046875,3,green,green,60.57,55.23
2021-08-19T18:44:14.657Z,132,<15,19,86,  1-5  ,<15,None,14.6,0,0.046875,3,green,green,60.57,55.23
